entry_zone,forward_close_return,forward_max_drawdown,forward_max_return,forward_min_return_from_entry,forward_path_max_drawdown,hit_3x,hit_5x,name,period_date,rank,score_total,stage,strategy_name,symbol,trade_date
early_watch,0.7754569190600524,-0.5096777375622144,0.7754569190600524,-0.5096777375622144,-0.6119970526577028,0,0,台境*,2021-08-02,1,0.0,S2,radar_model,8476,2021-08-02
early_watch,0.7754569190600524,-0.5096777375622144,0.7754569190600524,-0.5096777375622144,-0.6119970526577028,0,0,台境*,2021-08-02,1,0.0,S2,random_top_n,8476,2021-08-02
early_watch,0.7754569190600524,-0.5096777375622144,0.7754569190600524,-0.5096777375622144,-0.6119970526577028,0,0,台境*,2021-08-02,1,0.0,S2,ma_alignment_only,8476,2021-08-02
early_watch,0.17052631578947364,-0.5508655748869243,0.45894736842105255,-0.5508655748869243,-0.6234089299541875,0,0,台境*,2021-09-01,1,0.0,S2,radar_model,8476,2021-09-01
early_watch,0.17052631578947364,-0.5508655748869243,0.45894736842105255,-0.5508655748869243,-0.6234089299541875,0,0,台境*,2021-09-01,1,0.0,S2,random_top_n,8476,2021-09-01
early_watch,0.16666666666666652,-0.5327055551172273,0.4085365853658536,-0.5327055551172273,-0.6234089299541875,0,0,台境*,2021-10-01,1,0.0,S2,radar_model,8476,2021-10-01
early_watch,0.16666666666666652,-0.5327055551172273,0.4085365853658536,-0.5327055551172273,-0.6234089299541875,0,0,台境*,2021-10-01,1,0.0,S2,random_top_n,8476,2021-10-01
early_watch,-0.11093502377179076,-0.25198098256735335,0.011093502377178988,-0.25198098256735335,-0.25198098256735335,0,0,中探針,2021-11-01,1,36.6,S2,radar_model,6217,2021-11-01
early_watch,0.053968253968254,-0.20317460317460323,0.3746031746031746,-0.20317460317460323,-0.35103926096997695,0,0,博智,2021-11-01,2,36.6,S2,radar_model,8155,2021-11-01
early_watch,0.08133971047384225,-0.10526318478773611,0.5813397104738423,-0.10526318478773611,-0.3237519008509182,0,0,佳能,2021-11-01,3,36.6,S2,radar_model,2374,2021-11-01
early_watch,-0.3979592217378235,-0.3979592217378235,0.17091830099865502,-0.3979592217378235,-0.4858387833303939,0,0,全訊,2021-11-01,4,36.6,S2,radar_model,5222,2021-11-01
early_watch,-0.26859507915307246,-0.26859507915307246,0.10055094610756776,-0.26859507915307246,-0.3354192975493203,0,0,康舒,2021-11-01,5,36.6,S2,radar_model,6282,2021-11-01
early_watch,-0.11595070881805813,-0.15526308262354238,0.4641148353360227,-0.15526308262354238,-0.4230391653790013,0,0,嘉晶,2021-11-01,6,35.2,S2,radar_model,3016,2021-11-01
early_watch,-0.20283019833639437,-0.20283019833639437,0.16823891526753298,-0.20283019833639437,-0.31763118721220696,0,0,合勤控,2021-11-01,7,34.6,S2,radar_model,3704,2021-11-01
early_watch,-0.3784530386740331,-0.47513812154696133,-0.023941068139963106,-0.47513812154696133,-0.47513812154696133,0,0,統振,2021-11-01,8,33.6,S2,radar_model,6170,2021-11-01
early_watch,-0.17333333333333334,-0.17333333333333334,0.17866668701171884,-0.17333333333333334,-0.29864254604283424,0,0,昇貿,2021-11-01,9,33.6,S2,radar_model,3305,2021-11-01
early_watch,0.8698224852071006,-0.04852069200143305,1.2579882017959503,-0.04852069200143305,-0.19496853434615014,0,0,詮欣,2021-11-01,10,33.6,S2,radar_model,6205,2021-11-01
early_watch,-0.16858237547892718,-0.1724137931034483,0.11877394636015315,-0.1724137931034483,-0.26027397260273977,0,0,廣越,2021-11-01,11,33.2,S2,radar_model,4438,2021-11-01
early_watch,-0.25875486381322954,-0.25875486381322954,0.2178988326848248,-0.25875486381322954,-0.39137380191693294,0,0,南電,2021-11-01,12,32.6,S2,radar_model,8046,2021-11-01
early_watch,0.03431372549019618,-0.009803921568627416,0.11274509803921573,-0.009803921568627416,-0.07048458149779735,0,0,中保科,2021-11-01,13,32.6,S2,radar_model,9917,2021-11-01
early_watch,-0.2885572139303483,-0.31343283582089554,0.4900497512437809,-0.31343283582089554,-0.5392320534223706,0,0,詠昇,2021-11-01,14,31.6,S2,radar_model,6418,2021-11-01
early_watch,0.09326424870466332,-0.08808290155440412,0.4766839378238341,-0.08808290155440412,-0.356140350877193,0,0,茂達,2021-11-01,15,31.2,S2,radar_model,6138,2021-11-01
early_watch,-0.11715481171548114,-0.11715481171548114,0.33891213389121333,-0.11715481171548114,-0.34062499999999996,0,0,技嘉,2021-11-01,16,30.2,S2,radar_model,2376,2021-11-01
early_watch,0.0462776804878704,-0.1780684270811992,0.3380281965801881,-0.1780684270811992,-0.21804511806103277,0,0,安集,2021-11-01,17,30.2,S2,radar_model,6477,2021-11-01
early_watch,-0.41124780316344467,-0.46045694200351495,0.017574692442882345,-0.46045694200351495,-0.46977547495682215,0,0,朋程,2021-11-01,18,29.6,S2,radar_model,8255,2021-11-01
early_watch,-0.18181818181818177,-0.18181818181818177,0.030909090909090997,-0.18181818181818177,-0.2063492063492064,0,0,光洋科,2021-11-01,19,27.6,S2,radar_model,1785,2021-11-01
early_watch,-0.2781844802342607,-0.2781844802342607,0.15519765739385072,-0.2781844802342607,-0.3751584283903676,0,0,上詮,2021-11-01,20,27.6,S2,radar_model,3363,2021-11-01
early_watch,-0.04958680682263317,-0.09090911956947512,0.12396693824052618,-0.09090911956947512,-0.19117649327512365,0,0,仁寶,2021-11-01,1,22.6,S2,random_top_n,2324,2021-11-01
early_watch,-0.16198030827375431,-0.18199273154598872,0.03305787700222518,-0.18199273154598872,-0.20816898388332084,0,0,嘉基,2021-11-01,2,20.6,S2,random_top_n,6715,2021-11-01
early_watch,0.004524904060796864,-0.04977377205803346,0.09954745781070029,-0.04977377205803346,-0.086419693006341,0,0,亞泥,2021-11-01,3,11.0,S2,random_top_n,1102,2021-11-01
early_watch,-0.27468579941637183,-0.27468579941637183,0.0430879295926061,-0.27468579941637183,-0.3046471155438347,0,0,台玻,2021-11-01,4,14.6,S2,random_top_n,1802,2021-11-01
early_watch,0.09752554403582336,-0.1251819338594765,0.22270747789529977,-0.1251819338594765,-0.2245161487210181,0,0,凌通,2021-11-01,5,23.6,S2,random_top_n,4952,2021-11-01
early_watch,-0.17555558946397565,-0.17555558946397565,0.1644444783528647,-0.17555558946397565,-0.29198478256153415,0,0,華紙,2021-11-01,6,19.6,S2,random_top_n,1905,2021-11-01
early_watch,-0.21850393700787396,-0.2224409448818898,0.08464566929133865,-0.2224409448818898,-0.2831215970961888,0,0,數字,2021-11-01,7,22.6,S2,random_top_n,5287,2021-11-01
early_watch,0.0033782930179087067,-0.02927936667214115,0.18243233487761001,-0.02927936667214115,-0.1514285736090214,0,0,中工,2021-11-01,8,25.6,S2,random_top_n,2515,2021-11-01
early_watch,-0.12121213094249861,-0.12121213094249861,0.1481480672779001,-0.12121213094249861,-0.23460406013574053,0,0,台耀,2021-11-01,9,14.6,S2,random_top_n,4746,2021-11-01
early_watch,-0.0653266331658291,-0.2386934673366834,0.33417085427135684,-0.2386934673366834,-0.42937853107344637,0,0,金麗科,2021-11-01,10,8.0,S2,random_top_n,3228,2021-11-01
early_watch,-0.048913088391069115,-0.06521745118809208,0.4157608275314353,-0.06521745118809208,-0.32821498298743323,0,0,飛宏,2021-11-01,11,8.0,S2,random_top_n,2457,2021-11-01
early_watch,-0.03256436900763826,-0.0515603199418303,0.050203592006050624,-0.0515603199418303,-0.09689922289591113,0,0,長虹,2021-11-01,12,0.0,S2,random_top_n,5534,2021-11-01
early_watch,-0.08974358974358976,-0.1004273504273504,0.23076923076923084,-0.1004273504273504,-0.2690972222222222,0,0,台光電,2021-11-01,13,25.6,S2,random_top_n,2383,2021-11-01
early_watch,-0.18119658119658122,-0.20427350427350432,0.07264957264957261,-0.20427350427350432,-0.2581673306772909,0,0,聰泰,2021-11-01,14,19.6,S2,random_top_n,5474,2021-11-01
early_watch,-0.3084415584415584,-0.3597402597402598,0.26623376623376616,-0.3597402597402598,-0.49435897435897436,0,0,撼訊,2021-11-01,15,18.6,S2,random_top_n,6150,2021-11-01
early_watch,-0.07168458781362008,-0.1314217443249701,0.2879330943847074,-0.1314217443249701,-0.3256029684601113,0,0,聯詠,2021-11-01,16,19.6,S2,random_top_n,3034,2021-11-01
early_watch,-0.31153846153846154,-0.37115384615384606,-0.019230769230769273,-0.37115384615384606,-0.37115384615384606,0,0,勤凱,2021-11-01,17,6.6,S2,random_top_n,4760,2021-11-01
early_watch,-0.05602240776633882,-0.05602240776633882,0.05042014561885244,-0.05602240776633882,-0.1013333129882813,0,0,龍邦,2021-11-01,18,8.0,S2,random_top_n,2514,2021-11-01
early_watch,-0.22508591065292094,-0.22508591065292094,0.134020618556701,-0.22508591065292094,-0.31666666666666665,0,0,美利達,2021-11-01,19,17.6,S2,random_top_n,9914,2021-11-01
early_watch,0.1493976087455291,-0.02168678375611821,0.5493976638977787,-0.02168678375611821,-0.2581648755981599,0,0,和益,2021-11-01,20,20.6,S2,random_top_n,1709,2021-11-01
early_watch,0.5502793296089388,-0.15642458100558654,1.6815642458100561,-0.15642458100558654,-0.4833333333333333,0,0,建達,2021-11-01,1,24.6,S2,breakout_120d_only,6118,2021-11-01
early_watch,-0.3442982456140351,-0.3442982456140351,-0.004385964912280715,-0.3442982456140351,-0.3442982456140351,0,0,華電網,2021-11-01,2,27.6,S2,breakout_120d_only,6163,2021-11-01
early_watch,-0.08393285218139845,-0.0923261922872678,-0.007194226176781449,-0.0923261922872678,-0.0923261922872678,0,0,融程電,2021-11-01,3,16.6,S2,breakout_120d_only,3416,2021-11-01
early_watch,-0.07163742690058483,-0.07163742690058483,1.0672514619883038,-0.07163742690058483,-0.5509193776520509,0,0,位速,2021-11-01,4,16.6,S2,breakout_120d_only,3508,2021-11-01
early_watch,-0.3081991524335087,-0.3111274211597618,0.4494874901393151,-0.3111274211597618,-0.5247474824539339,0,0,威盛,2021-11-01,5,16.6,S2,breakout_120d_only,2388,2021-11-01
early_watch,-0.2438095092773438,-0.24952378045944945,-0.03619050525483636,-0.24952378045944945,-0.24952378045944945,0,0,聯合再生,2021-11-01,6,25.6,S2,breakout_120d_only,3576,2021-11-01
early_watch,-0.18181818181818177,-0.18181818181818177,0.030909090909090997,-0.18181818181818177,-0.2063492063492064,0,0,光洋科,2021-11-01,7,27.6,S2,breakout_120d_only,1785,2021-11-01
early_watch,0.5909091522104726,-0.002525214090259187,0.7234849148946787,-0.002525214090259187,-0.19421487603305787,0,0,中砂,2021-11-01,8,27.6,S2,breakout_120d_only,1560,2021-11-01
early_watch,0.08133971047384225,-0.10526318478773611,0.5813397104738423,-0.10526318478773611,-0.3237519008509182,0,0,佳能,2021-11-01,9,36.6,S2,breakout_120d_only,2374,2021-11-01
early_watch,-0.04395604395604391,-0.04395604395604391,0.6153846153846154,-0.04395604395604391,-0.40816326530612246,0,0,昇達科,2021-11-01,10,11.6,S2,breakout_120d_only,3491,2021-11-01
early_watch,0.8698224852071006,-0.04852069200143305,1.2579882017959503,-0.04852069200143305,-0.19496853434615014,0,0,詮欣,2021-11-01,11,33.6,S2,breakout_120d_only,6205,2021-11-01
early_watch,-0.20283019833639437,-0.20283019833639437,0.16823891526753298,-0.20283019833639437,-0.31763118721220696,0,0,合勤控,2021-11-01,12,34.6,S2,breakout_120d_only,3704,2021-11-01
early_watch,-0.17333333333333334,-0.17333333333333334,0.17866668701171884,-0.17333333333333334,-0.29864254604283424,0,0,昇貿,2021-11-01,13,33.6,S2,breakout_120d_only,3305,2021-11-01
early_watch,-0.26859507915307246,-0.26859507915307246,0.10055094610756776,-0.26859507915307246,-0.3354192975493203,0,0,康舒,2021-11-01,14,36.6,S2,breakout_120d_only,6282,2021-11-01
early_watch,-0.2885572139303483,-0.31343283582089554,0.4900497512437809,-0.31343283582089554,-0.5392320534223706,0,0,詠昇,2021-11-01,15,31.6,S2,breakout_120d_only,6418,2021-11-01
early_watch,0.7034700315457414,-0.19558359621451105,1.1030494216614093,-0.19558359621451105,-0.405,0,0,立凱-KY,2021-11-01,16,25.6,S2,breakout_120d_only,5227,2021-11-01
early_watch,0.053968253968254,-0.20317460317460323,0.3746031746031746,-0.20317460317460323,-0.35103926096997695,0,0,博智,2021-11-01,17,36.6,S2,breakout_120d_only,8155,2021-11-01
early_watch,-0.3784530386740331,-0.47513812154696133,-0.023941068139963106,-0.47513812154696133,-0.47513812154696133,0,0,統振,2021-11-01,18,33.6,S2,breakout_120d_only,6170,2021-11-01
early_watch,-0.22816901408450707,-0.2845070422535211,-0.011267605633802802,-0.2845070422535211,-0.2845070422535211,0,0,美琪瑪,2021-11-01,19,13.6,S2,breakout_120d_only,4721,2021-11-01
early_watch,-0.3979592217378235,-0.3979592217378235,0.17091830099865502,-0.3979592217378235,-0.4858387833303939,0,0,全訊,2021-11-01,20,36.6,S2,breakout_120d_only,5222,2021-11-01
early_watch,0.05506216696269983,-0.09236234458259318,0.31261101243339273,-0.09236234458259318,-0.301912568306011,0,0,安碁,2021-11-01,1,25.6,S2,volume_expansion_only,6174,2021-11-01
early_watch,-0.22115384615384615,-0.24423078390268183,0.1423077216515174,-0.24423078390268183,-0.3383838682236625,0,0,榮創,2021-11-01,2,21.6,S2,volume_expansion_only,3437,2021-11-01
early_watch,-0.026004692528631246,-0.026004692528631246,0.20567378061125519,-0.026004692528631246,-0.1921568477855009,0,0,達方,2021-11-01,3,7.6,S2,volume_expansion_only,8163,2021-11-01
early_watch,-0.40775192615597744,-0.40775192615597744,0.08914728682170536,-0.40775192615597744,-0.4562277471467694,0,0,聚鼎,2021-11-01,4,20.6,S2,volume_expansion_only,6224,2021-11-01
early_watch,-0.6993568939343022,-0.6993568939343022,-0.06430863376832019,-0.6993568939343022,-0.6993568939343022,0,0,康控-KY,2021-11-01,5,21.6,S2,volume_expansion_only,4943,2021-11-01
early_watch,-0.3473231159960669,-0.35233918372936324,0.020467898495949655,-0.35233918372936324,-0.3653295539965412,0,0,正達,2021-11-01,6,20.6,S2,volume_expansion_only,3149,2021-11-01
early_watch,0.1290322183694368,-0.0034562562351400095,0.30760364066256196,-0.0034562562351400095,-0.13656387665198233,0,0,華立,2021-11-01,7,21.6,S2,volume_expansion_only,3010,2021-11-01
early_watch,0.051094787051339186,-0.01946479327326045,0.338199391036901,-0.01946479327326045,-0.21454546004769848,0,0,大成鋼,2021-11-01,8,12.0,S2,volume_expansion_only,2027,2021-11-01
early_watch,-0.25130211308391437,-0.25651046607850125,0.3476561964489542,-0.25651046607850125,-0.4483091934867527,0,0,富采,2021-11-01,9,21.6,S2,volume_expansion_only,3714,2021-11-01
early_watch,-0.1856336146228884,-0.1856336146228884,0.13700069547397375,-0.1856336146228884,-0.2837591141159046,0,0,宏致,2021-11-01,10,20.6,S2,volume_expansion_only,3605,2021-11-01
early_watch,-0.2812785666827198,-0.3013698630136986,0.009132420091324311,-0.3013698630136986,-0.3076923076923077,0,0,捷敏-KY,2021-11-01,11,21.6,S2,volume_expansion_only,6525,2021-11-01
early_watch,-0.25619837055684336,-0.25619837055684336,0.16528925098736824,-0.25619837055684336,-0.36170214492846153,0,0,光鋐,2021-11-01,12,21.6,S2,volume_expansion_only,4956,2021-11-01
early_watch,-0.1700507614213198,-0.2639593908629442,0.25380710659898487,-0.2639593908629442,-0.41295546558704455,0,0,中美晶,2021-11-01,13,21.6,S2,volume_expansion_only,5483,2021-11-01
early_watch,-0.12610620944088613,-0.12610620944088613,0.11172564495178428,-0.12610620944088613,-0.2139303482587065,0,0,美律,2021-11-01,14,20.6,S2,volume_expansion_only,2439,2021-11-01
early_watch,-0.3443708609271523,-0.3443708609271523,0.5132450331125828,-0.3443708609271523,-0.5667396061269147,0,0,詠業,2021-11-01,15,25.6,S2,volume_expansion_only,6792,2021-11-01
early_watch,0.08133971047384225,-0.10526318478773611,0.5813397104738423,-0.10526318478773611,-0.3237519008509182,0,0,佳能,2021-11-01,16,36.6,S2,volume_expansion_only,2374,2021-11-01
early_watch,0.04466501240694787,-0.01488833746898266,0.3126550868486353,-0.01488833746898266,-0.24952741020793956,0,0,京鼎,2021-11-01,17,22.6,S2,volume_expansion_only,3413,2021-11-01
early_watch,-0.15324384787472034,-0.19686800894854595,0.029082774049216997,-0.19686800894854595,-0.2195652173913044,0,0,久元,2021-11-01,18,23.6,S2,volume_expansion_only,6261,2021-11-01
early_watch,-0.1982532484562637,-0.1982532484562637,0.026200873362445476,-0.1982532484562637,-0.21872337828291222,0,0,大銀微系統,2021-11-01,19,23.6,S2,volume_expansion_only,4576,2021-11-01
early_watch,-0.20437017994858608,-0.3084832904884319,0.08997429305912608,-0.3084832904884319,-0.36556603773584906,0,0,尼克森,2021-11-01,20,23.6,S2,volume_expansion_only,3317,2021-11-01
early_watch,-0.11093502377179076,-0.25198098256735335,0.011093502377178988,-0.25198098256735335,-0.25198098256735335,0,0,中探針,2021-11-01,1,36.6,S2,ma_alignment_only,6217,2021-11-01
early_watch,0.053968253968254,-0.20317460317460323,0.3746031746031746,-0.20317460317460323,-0.35103926096997695,0,0,博智,2021-11-01,2,36.6,S2,ma_alignment_only,8155,2021-11-01
early_watch,0.08133971047384225,-0.10526318478773611,0.5813397104738423,-0.10526318478773611,-0.3237519008509182,0,0,佳能,2021-11-01,3,36.6,S2,ma_alignment_only,2374,2021-11-01
early_watch,-0.3979592217378235,-0.3979592217378235,0.17091830099865502,-0.3979592217378235,-0.4858387833303939,0,0,全訊,2021-11-01,4,36.6,S2,ma_alignment_only,5222,2021-11-01
early_watch,-0.26859507915307246,-0.26859507915307246,0.10055094610756776,-0.26859507915307246,-0.3354192975493203,0,0,康舒,2021-11-01,5,36.6,S2,ma_alignment_only,6282,2021-11-01
early_watch,-0.11595070881805813,-0.15526308262354238,0.4641148353360227,-0.15526308262354238,-0.4230391653790013,0,0,嘉晶,2021-11-01,6,35.2,S2,ma_alignment_only,3016,2021-11-01
early_watch,-0.3784530386740331,-0.47513812154696133,-0.023941068139963106,-0.47513812154696133,-0.47513812154696133,0,0,統振,2021-11-01,7,33.6,S2,ma_alignment_only,6170,2021-11-01
early_watch,-0.17333333333333334,-0.17333333333333334,0.17866668701171884,-0.17333333333333334,-0.29864254604283424,0,0,昇貿,2021-11-01,8,33.6,S2,ma_alignment_only,3305,2021-11-01
early_watch,0.8698224852071006,-0.04852069200143305,1.2579882017959503,-0.04852069200143305,-0.19496853434615014,0,0,詮欣,2021-11-01,9,33.6,S2,ma_alignment_only,6205,2021-11-01
early_watch,-0.25875486381322954,-0.25875486381322954,0.2178988326848248,-0.25875486381322954,-0.39137380191693294,0,0,南電,2021-11-01,10,32.6,S2,ma_alignment_only,8046,2021-11-01
early_watch,0.03431372549019618,-0.009803921568627416,0.11274509803921573,-0.009803921568627416,-0.07048458149779735,0,0,中保科,2021-11-01,11,32.6,S2,ma_alignment_only,9917,2021-11-01
early_watch,0.09326424870466332,-0.08808290155440412,0.4766839378238341,-0.08808290155440412,-0.356140350877193,0,0,茂達,2021-11-01,12,31.2,S2,ma_alignment_only,6138,2021-11-01
early_watch,-0.41124780316344467,-0.46045694200351495,0.017574692442882345,-0.46045694200351495,-0.46977547495682215,0,0,朋程,2021-11-01,13,29.6,S2,ma_alignment_only,8255,2021-11-01
early_watch,-0.18181818181818177,-0.18181818181818177,0.030909090909090997,-0.18181818181818177,-0.2063492063492064,0,0,光洋科,2021-11-01,14,27.6,S2,ma_alignment_only,1785,2021-11-01
early_watch,-0.2781844802342607,-0.2781844802342607,0.15519765739385072,-0.2781844802342607,-0.3751584283903676,0,0,上詮,2021-11-01,15,27.6,S2,ma_alignment_only,3363,2021-11-01
early_watch,-0.03195488721804507,-0.0864661654135338,0.34022556390977443,-0.0864661654135338,-0.3183730715287517,0,0,信驊,2021-11-01,16,27.6,S2,ma_alignment_only,5274,2021-11-01
early_watch,-0.23616236162361626,-0.25461254612546136,-0.03690036900368998,-0.25461254612546136,-0.25461254612546136,0,0,振發,2021-11-01,17,27.6,S2,ma_alignment_only,5426,2021-11-01
early_watch,-0.37471526195899774,-0.4157175398633257,-0.015945330296127436,-0.4157175398633257,-0.4157175398633257,0,0,宣德,2021-11-01,18,27.6,S2,ma_alignment_only,5457,2021-11-01
early_watch,-0.3442982456140351,-0.3442982456140351,-0.004385964912280715,-0.3442982456140351,-0.3442982456140351,0,0,華電網,2021-11-01,19,27.6,S2,ma_alignment_only,6163,2021-11-01
early_watch,0.07913669064748197,-0.09352517985611508,0.15827338129496393,-0.09352517985611508,-0.21739130434782605,0,0,大中,2021-11-01,20,27.6,S2,ma_alignment_only,6435,2021-11-01
early_watch,0.034653465346534684,0.0066006600660066805,0.7739273927392738,0.0066006600660066805,-0.43255813953488376,0,0,智晶,2021-12-01,1,36.6,S2,radar_model,5245,2021-12-01
early_watch,-0.23674911660777398,-0.33333333333333337,0.16254416961130747,-0.33333333333333337,-0.4265450861195542,0,0,金利,2021-12-01,2,36.6,S2,radar_model,5383,2021-12-01
early_watch,0.018229192639505287,-0.049479107637487973,0.8229167705580211,-0.049479107637487973,-0.4557142429038027,0,0,樂事綠能,2021-12-01,3,36.6,S2,radar_model,1529,2021-12-01
early_watch,0.14132111817627702,-0.04301074197680077,0.25038407732432555,-0.04301074197680077,-0.11547913205984928,0,0,增你強,2021-12-01,4,36.6,S2,radar_model,3028,2021-12-01
early_watch,0.410579317980186,-0.12342572875850244,0.8488665016449801,-0.12342572875850244,-0.2634730010033949,0,0,晶彩科,2021-12-01,5,36.6,S2,radar_model,3535,2021-12-01
early_watch,-0.1624790574956423,-0.18341707712427846,0.23115575873039051,-0.18341707712427846,-0.33673467627052367,0,0,遠雄港,2021-12-01,6,36.6,S2,radar_model,5607,2021-12-01
early_watch,-0.037735849056603765,-0.14622641509433965,0.0589622641509433,-0.14622641509433965,-0.19376391982182628,0,0,視陽,2021-12-01,7,36.6,S2,radar_model,6782,2021-12-01
early_watch,-0.16309523809523818,-0.25,-0.0011904761904760752,-0.25,-0.25,0,0,泰藝,2021-12-01,8,33.6,S2,radar_model,8289,2021-12-01
early_watch,-0.3482972218492165,-0.41099070997186693,0.09907123339086077,-0.41099070997186693,-0.4640845177878796,0,0,迅杰,2021-12-01,9,33.6,S2,radar_model,6243,2021-12-01
early_watch,0.3229376257545271,-0.00905432595573441,0.37323943661971826,-0.00905432595573441,-0.23076923076923073,0,0,逸達,2021-12-01,10,33.2,S2,radar_model,6576,2021-12-01
early_watch,0.03917910447761197,-0.018656716417910446,0.03917910447761197,-0.018656716417910446,-0.020484171322160183,0,0,金可-KY,2021-12-01,11,33.2,S2,radar_model,8406,2021-12-01
early_watch,-0.2626775012963829,-0.3154158440137841,-0.04766736831366114,-0.3154158440137841,-0.3154158440137841,0,0,錩新,2021-12-01,12,33.2,S2,radar_model,2415,2021-12-01
early_watch,0.3438596223530017,-0.03508771929824561,0.6736842372961211,-0.03508771929824561,-0.24423482892122683,0,0,詮欣,2021-12-01,13,31.6,S2,radar_model,6205,2021-12-01
early_watch,-0.26323119777158777,-0.4052924791086351,0.139275766016713,-0.4052924791086351,-0.47799511002444983,0,0,鼎天,2021-12-01,14,29.6,S2,radar_model,3306,2021-12-01
early_watch,-0.2172131147540982,-0.28893442622950805,0.07377049180327866,-0.28893442622950805,-0.3377862595419847,0,0,力肯,2021-12-01,15,27.6,S2,radar_model,1570,2021-12-01
early_watch,-0.07322654462242573,-0.2940503432494279,0.011441647597254079,-0.2940503432494279,-0.30203619909502266,0,0,台嘉碩,2021-12-01,16,27.6,S2,radar_model,3221,2021-12-01
early_watch,-0.28436018957345977,-0.39020537124802523,0.2148499210110586,-0.39020537124802523,-0.4980494148244473,0,0,英濟,2021-12-01,17,27.6,S2,radar_model,3294,2021-12-01
early_watch,-0.3394777265745008,-0.3947772657450077,0.09523809523809534,-0.3947772657450077,-0.44740532959326784,0,0,信驊,2021-12-01,18,27.6,S2,radar_model,5274,2021-12-01
early_watch,-0.24444444444444435,-0.24615384615384617,0.09401709401709413,-0.24615384615384617,-0.3109375,0,0,信音,2021-12-01,19,27.6,S2,radar_model,6126,2021-12-01
early_watch,-0.5293785310734463,-0.536723163841808,0.10169491525423724,-0.536723163841808,-0.5794871794871794,0,0,撼訊,2021-12-01,20,27.6,S2,radar_model,6150,2021-12-01
early_watch,0.2626728110599079,-0.14101385301159275,0.29032258064516125,-0.14101385301159275,-0.31470590479233684,0,0,振樺電,2021-12-01,1,11.6,S2,random_top_n,8114,2021-12-01
early_watch,-0.4421487603305785,-0.4421487603305785,0.018595041322314154,-0.4421487603305785,-0.4523326572008114,0,0,寶雅,2021-12-01,2,1.0,S2,random_top_n,5904,2021-12-01
early_watch,-0.1324840958710689,-0.25350320415132366,0.1490445471113655,-0.25350320415132366,-0.3503325891713005,0,0,芯鼎,2021-12-01,3,15.0,S2,random_top_n,6695,2021-12-01
early_watch,-0.2401544283715915,-0.2401544283715915,0.09652509652509655,-0.2401544283715915,-0.30704224277550063,0,0,聯茂,2021-12-01,4,16.6,S2,random_top_n,6213,2021-12-01
early_watch,0.21657753127082646,-0.06818187659842434,0.25267378648263095,-0.06818187659842434,-0.17853108607066304,0,0,金像電,2021-12-01,5,25.6,S2,random_top_n,2368,2021-12-01
early_watch,0.17233294255568588,-0.060961313012895646,0.26025791324736236,-0.060961313012895646,-0.21853658536585363,0,0,亞德客-KY,2021-12-01,6,8.0,S2,random_top_n,1590,2021-12-01
early_watch,-0.09843400447427297,-0.10738255033557043,0.13646532438478753,-0.10738255033557043,-0.21456692913385822,0,0,欣興,2021-12-01,7,24.6,S2,random_top_n,3037,2021-12-01
early_watch,-0.10074230851069854,-0.12619301315767117,0.08165425979907903,-0.12619301315767117,-0.1921568477855009,0,0,達方,2021-12-01,8,22.6,S2,random_top_n,8163,2021-12-01
early_watch,-0.16478559127280057,-0.2189616424558959,0.20316023283962847,-0.2189616424558959,-0.3508442714228154,0,0,上曜,2021-12-01,9,11.6,S2,random_top_n,1316,2021-12-01
early_watch,-0.11692307692307691,-0.14769230769230768,0.006153846153846176,-0.14769230769230768,-0.15290519877675846,0,0,葡萄王,2021-12-01,10,18.6,S2,random_top_n,1707,2021-12-01
early_watch,-0.031100460784409423,-0.05741621423413246,0.165071809852122,-0.05741621423413246,-0.19096507374467675,0,0,聯合再生,2021-12-01,11,0.0,S2,random_top_n,3576,2021-12-01
early_watch,-0.2964071994163102,-0.41497005040128676,0.09580839931902863,-0.41497005040128676,-0.46612021776592505,0,0,聯德控股-KY,2021-12-01,12,22.6,S2,random_top_n,4912,2021-12-01
early_watch,-0.11100477008728316,-0.13875598086124397,0.0,-0.13875598086124397,-0.13875598086124397,0,0,台郡,2021-12-01,13,20.6,S2,random_top_n,6269,2021-12-01
early_watch,-0.29148629148629146,-0.3246753246753247,0.030303030303030498,-0.3246753246753247,-0.34453781512605053,0,0,雷笛克光學,2021-12-01,14,22.6,S2,random_top_n,5230,2021-12-01
early_watch,-0.318897590492933,-0.38845143910211033,0.07611552866199434,-0.38845143910211033,-0.43170733568145003,0,0,浪凡,2021-12-01,15,1.0,S2,random_top_n,6165,2021-12-01
early_watch,0.04285714285714293,-0.5454755170004708,0.12142857142857144,-0.5454755170004708,-0.5933966286266192,0,0,台境*,2021-12-01,16,0.0,S2,random_top_n,8476,2021-12-01
early_watch,-0.2149532710280373,-0.2289719626168224,0.11682242990654212,-0.2289719626168224,-0.309623430962343,0,0,佶優,2021-12-01,17,17.6,S2,random_top_n,5452,2021-12-01
early_watch,-0.14834206131197225,-0.16055847967601833,0.15183247606943184,-0.16055847967601833,-0.26060607216574927,0,0,新興,2021-12-01,18,14.0,S2,random_top_n,2605,2021-12-01
early_watch,-0.13861386138613863,-0.15445544554455437,0.04950495049504955,-0.15445544554455437,-0.1943396226415094,0,0,千如,2021-12-01,19,12.0,S2,random_top_n,3236,2021-12-01
early_watch,-0.2160611854684512,-0.2160611854684512,0.14722753346080308,-0.2160611854684512,-0.31666666666666665,0,0,廣錠,2021-12-01,20,12.0,S2,random_top_n,6441,2021-12-01
early_watch,-0.1725490295809079,-0.2679738562091504,0.07320259443295551,-0.2679738562091504,-0.31790498123271127,0,0,敬鵬,2021-12-01,1,25.6,S2,breakout_120d_only,2355,2021-12-01
early_watch,-0.29638554216867474,-0.31807228915662644,0.16465863453815266,-0.31807228915662644,-0.4144827586206896,0,0,優群,2021-12-01,2,12.6,S2,breakout_120d_only,3217,2021-12-01
early_watch,-0.21565934065934056,-0.21565934065934056,0.16620879120879128,-0.21565934065934056,-0.32744405182567726,0,0,久陽,2021-12-01,3,25.6,S2,breakout_120d_only,5011,2021-12-01
early_watch,0.864016722027217,0.052301241882415805,0.9205021516015297,0.052301241882415805,-0.2912371422309221,0,0,華孚,2021-12-01,4,27.6,S2,breakout_120d_only,6235,2021-12-01
early_watch,-0.26323119777158777,-0.4052924791086351,0.139275766016713,-0.4052924791086351,-0.47799511002444983,0,0,鼎天,2021-12-01,5,29.6,S2,breakout_120d_only,3306,2021-12-01
early_watch,-0.454054044385223,-0.5097297131802887,-0.005405386967169523,-0.5097297131802887,-0.5097297131802887,0,0,大眾控,2021-12-01,6,0.0,S2,breakout_120d_only,3701,2021-12-01
early_watch,0.3438596223530017,-0.03508771929824561,0.6736842372961211,-0.03508771929824561,-0.24423482892122683,0,0,詮欣,2021-12-01,7,31.6,S2,breakout_120d_only,6205,2021-12-01
early_watch,0.018229192639505287,-0.049479107637487973,0.8229167705580211,-0.049479107637487973,-0.4557142429038027,0,0,樂事綠能,2021-12-01,8,36.6,S2,breakout_120d_only,1529,2021-12-01
early_watch,-0.037735849056603765,-0.14622641509433965,0.0589622641509433,-0.14622641509433965,-0.19376391982182628,0,0,視陽,2021-12-01,9,36.6,S2,breakout_120d_only,6782,2021-12-01
early_watch,-0.1624790574956423,-0.18341707712427846,0.23115575873039051,-0.18341707712427846,-0.33673467627052367,0,0,遠雄港,2021-12-01,10,36.6,S2,breakout_120d_only,5607,2021-12-01
early_watch,-0.3482972218492165,-0.41099070997186693,0.09907123339086077,-0.41099070997186693,-0.4640845177878796,0,0,迅杰,2021-12-01,11,33.6,S2,breakout_120d_only,6243,2021-12-01
early_watch,-0.16309523809523818,-0.25,-0.0011904761904760752,-0.25,-0.25,0,0,泰藝,2021-12-01,12,33.6,S2,breakout_120d_only,8289,2021-12-01
early_watch,0.410579317980186,-0.12342572875850244,0.8488665016449801,-0.12342572875850244,-0.2634730010033949,0,0,晶彩科,2021-12-01,13,36.6,S2,breakout_120d_only,3535,2021-12-01
early_watch,0.9408033749995197,0.01479911999784811,0.9408033749995197,0.01479911999784811,-0.39393942543126603,0,0,藥華藥,2021-12-01,14,0.0,S2,breakout_120d_only,6446,2021-12-01
early_watch,0.14132111817627702,-0.04301074197680077,0.25038407732432555,-0.04301074197680077,-0.11547913205984928,0,0,增你強,2021-12-01,15,36.6,S2,breakout_120d_only,3028,2021-12-01
early_watch,-0.36617409676552515,-0.3957307337435333,-0.04105090209131845,-0.3957307337435333,-0.3957307337435333,0,0,三晃,2021-12-01,16,0.0,S2,breakout_120d_only,1721,2021-12-01
early_watch,0.034653465346534684,0.0066006600660066805,0.7739273927392738,0.0066006600660066805,-0.43255813953488376,0,0,智晶,2021-12-01,17,36.6,S2,breakout_120d_only,5245,2021-12-01
early_watch,-0.4698581560283688,-0.5106382978723404,0.06205673758865249,-0.5106382978723404,-0.5392320534223706,0,0,詠昇,2021-12-01,18,8.6,S2,breakout_120d_only,6418,2021-12-01
early_watch,-0.23674911660777398,-0.33333333333333337,0.16254416961130747,-0.33333333333333337,-0.4265450861195542,0,0,金利,2021-12-01,19,36.6,S2,breakout_120d_only,5383,2021-12-01
early_watch,0.05799648506151156,-0.15289982425307547,0.6467486818980668,-0.15289982425307547,-0.4194236926360726,0,0,李洲,2021-12-01,20,0.0,S2,breakout_120d_only,3066,2021-12-01
early_watch,-0.1624790574956423,-0.18341707712427846,0.23115575873039051,-0.18341707712427846,-0.33673467627052367,0,0,遠雄港,2021-12-01,1,36.6,S2,volume_expansion_only,5607,2021-12-01
early_watch,-0.05428571428571427,-0.0971428571428572,0.19999999999999996,-0.0971428571428572,-0.24761904761904763,0,0,凡甲,2021-12-01,2,10.6,S2,volume_expansion_only,3526,2021-12-01
early_watch,0.039682539682539764,-0.12698412698412698,0.15873015873015883,-0.12698412698412698,-0.23344947735191635,0,0,正德,2021-12-01,3,22.6,S2,volume_expansion_only,2641,2021-12-01
early_watch,0.1598794187751862,-0.03016590157588539,0.45098038068439594,-0.03016590157588539,-0.30145527513141446,0,0,文曄,2021-12-01,4,27.6,S2,volume_expansion_only,3036,2021-12-01
early_watch,0.39534881952547063,0.09966770945618442,0.4684385449426778,0.09966770945618442,-0.25113126916788253,0,0,中電,2021-12-01,5,27.6,S2,volume_expansion_only,1611,2021-12-01
early_watch,0.3438596223530017,-0.03508771929824561,0.6736842372961211,-0.03508771929824561,-0.24423482892122683,0,0,詮欣,2021-12-01,6,31.6,S2,volume_expansion_only,6205,2021-12-01
early_watch,-0.013651864469140573,-0.027303728938281147,0.020477829252323332,-0.027303728938281147,-0.046822730314104555,0,0,華建,2021-12-01,7,22.6,S2,volume_expansion_only,2530,2021-12-01
early_watch,0.03917910447761197,-0.018656716417910446,0.03917910447761197,-0.018656716417910446,-0.020484171322160183,0,0,金可-KY,2021-12-01,8,33.2,S2,volume_expansion_only,8406,2021-12-01
early_watch,-0.454054044385223,-0.5097297131802887,-0.005405386967169523,-0.5097297131802887,-0.5097297131802887,0,0,大眾控,2021-12-01,9,0.0,S2,volume_expansion_only,3701,2021-12-01
early_watch,0.839378238341969,-0.05595856503501462,0.8445595854922279,-0.05595856503501462,-0.13580246913580252,0,0,鈺齊-KY,2021-12-01,10,16.0,S2,volume_expansion_only,9802,2021-12-01
early_watch,0.004991698771465547,-0.014975022249188563,0.07653913427844494,-0.014975022249188563,-0.08037100470051017,0,0,達麗,2021-12-01,11,14.0,S2,volume_expansion_only,6177,2021-12-01
early_watch,-0.2626775012963829,-0.3154158440137841,-0.04766736831366114,-0.3154158440137841,-0.3154158440137841,0,0,錩新,2021-12-01,12,33.2,S2,volume_expansion_only,2415,2021-12-01
early_watch,-0.16309523809523818,-0.25,-0.0011904761904760752,-0.25,-0.25,0,0,泰藝,2021-12-01,13,33.6,S2,volume_expansion_only,8289,2021-12-01
early_watch,-0.3058607585155434,-0.3406593222330764,0.03296708978134788,-0.3406593222330764,-0.36170214492846153,0,0,光鋐,2021-12-01,14,25.6,S2,volume_expansion_only,4956,2021-12-01
early_watch,-0.23038397328881466,-0.23038397328881466,0.6026711185308848,-0.23038397328881466,-0.5197916666666667,0,0,建達,2021-12-01,15,0.0,S2,volume_expansion_only,6118,2021-12-01
early_watch,0.041284403669724856,-0.07339449541284404,0.059633027522935755,-0.07339449541284404,-0.1255411255411255,0,0,邦特,2021-12-01,16,20.0,S2,volume_expansion_only,4107,2021-12-01
early_watch,0.14132111817627702,-0.04301074197680077,0.25038407732432555,-0.04301074197680077,-0.11547913205984928,0,0,增你強,2021-12-01,17,36.6,S2,volume_expansion_only,3028,2021-12-01
early_watch,-0.3641304712139286,-0.40942032566042463,0.08695650671590571,-0.40942032566042463,-0.4566666920979817,0,0,譁裕,2021-12-01,18,16.6,S2,volume_expansion_only,3419,2021-12-01
early_watch,-0.3250327653997379,-0.3250327653997379,0.27653997378768014,-0.3250327653997379,-0.47125256673511295,0,0,鈺太,2021-12-01,19,25.6,S2,volume_expansion_only,6679,2021-12-01
early_watch,-0.12121208763258551,-0.20538719375507863,-0.04040405093879673,-0.20538719375507863,-0.20538719375507863,0,0,基泰,2021-12-01,20,14.6,S2,volume_expansion_only,2538,2021-12-01
early_watch,0.034653465346534684,0.0066006600660066805,0.7739273927392738,0.0066006600660066805,-0.43255813953488376,0,0,智晶,2021-12-01,1,36.6,S2,ma_alignment_only,5245,2021-12-01
early_watch,-0.23674911660777398,-0.33333333333333337,0.16254416961130747,-0.33333333333333337,-0.4265450861195542,0,0,金利,2021-12-01,2,36.6,S2,ma_alignment_only,5383,2021-12-01
early_watch,0.018229192639505287,-0.049479107637487973,0.8229167705580211,-0.049479107637487973,-0.4557142429038027,0,0,樂事綠能,2021-12-01,3,36.6,S2,ma_alignment_only,1529,2021-12-01
early_watch,0.14132111817627702,-0.04301074197680077,0.25038407732432555,-0.04301074197680077,-0.11547913205984928,0,0,增你強,2021-12-01,4,36.6,S2,ma_alignment_only,3028,2021-12-01
early_watch,0.410579317980186,-0.12342572875850244,0.8488665016449801,-0.12342572875850244,-0.2634730010033949,0,0,晶彩科,2021-12-01,5,36.6,S2,ma_alignment_only,3535,2021-12-01
early_watch,-0.1624790574956423,-0.18341707712427846,0.23115575873039051,-0.18341707712427846,-0.33673467627052367,0,0,遠雄港,2021-12-01,6,36.6,S2,ma_alignment_only,5607,2021-12-01
early_watch,-0.037735849056603765,-0.14622641509433965,0.0589622641509433,-0.14622641509433965,-0.19376391982182628,0,0,視陽,2021-12-01,7,36.6,S2,ma_alignment_only,6782,2021-12-01
early_watch,-0.16309523809523818,-0.25,-0.0011904761904760752,-0.25,-0.25,0,0,泰藝,2021-12-01,8,33.6,S2,ma_alignment_only,8289,2021-12-01
early_watch,-0.3482972218492165,-0.41099070997186693,0.09907123339086077,-0.41099070997186693,-0.4640845177878796,0,0,迅杰,2021-12-01,9,33.6,S2,ma_alignment_only,6243,2021-12-01
early_watch,0.3438596223530017,-0.03508771929824561,0.6736842372961211,-0.03508771929824561,-0.24423482892122683,0,0,詮欣,2021-12-01,10,31.6,S2,ma_alignment_only,6205,2021-12-01
early_watch,-0.26323119777158777,-0.4052924791086351,0.139275766016713,-0.4052924791086351,-0.47799511002444983,0,0,鼎天,2021-12-01,11,29.6,S2,ma_alignment_only,3306,2021-12-01
early_watch,-0.2172131147540982,-0.28893442622950805,0.07377049180327866,-0.28893442622950805,-0.3377862595419847,0,0,力肯,2021-12-01,12,27.6,S2,ma_alignment_only,1570,2021-12-01
early_watch,-0.07322654462242573,-0.2940503432494279,0.011441647597254079,-0.2940503432494279,-0.30203619909502266,0,0,台嘉碩,2021-12-01,13,27.6,S2,ma_alignment_only,3221,2021-12-01
early_watch,-0.28436018957345977,-0.39020537124802523,0.2148499210110586,-0.39020537124802523,-0.4980494148244473,0,0,英濟,2021-12-01,14,27.6,S2,ma_alignment_only,3294,2021-12-01
early_watch,-0.3394777265745008,-0.3947772657450077,0.09523809523809534,-0.3947772657450077,-0.44740532959326784,0,0,信驊,2021-12-01,15,27.6,S2,ma_alignment_only,5274,2021-12-01
early_watch,-0.24444444444444435,-0.24615384615384617,0.09401709401709413,-0.24615384615384617,-0.3109375,0,0,信音,2021-12-01,16,27.6,S2,ma_alignment_only,6126,2021-12-01
early_watch,-0.5293785310734463,-0.536723163841808,0.10169491525423724,-0.536723163841808,-0.5794871794871794,0,0,撼訊,2021-12-01,17,27.6,S2,ma_alignment_only,6150,2021-12-01
early_watch,-0.4533936651583711,-0.48416289592760176,-0.040723981900452455,-0.48416289592760176,-0.48416289592760176,0,0,天正國際,2021-12-01,18,27.6,S2,ma_alignment_only,6654,2021-12-01
early_watch,-0.3780487804878049,-0.3780487804878049,0.057926829268292845,-0.3780487804878049,-0.41210374639769465,0,0,安國,2021-12-01,19,27.6,S2,ma_alignment_only,8054,2021-12-01
early_watch,-0.058823491612780776,-0.11764707502309402,0.09625668940093757,-0.11764707502309402,-0.19512196960086214,0,0,東和,2021-12-01,20,27.6,S2,ma_alignment_only,1414,2021-12-01
early_watch,-0.5459807172082245,-0.5691318327974276,0.003215434083601254,-0.5691318327974276,-0.5705128205128205,0,0,達興材料,2022-01-03,1,36.6,S2,radar_model,5234,2022-01-03
early_watch,-0.3489871091504878,-0.3968692328936859,0.022099529002545415,-0.3968692328936859,-0.4099099451744175,0,0,瀚荃,2022-01-03,2,36.6,S2,radar_model,8103,2022-01-03
early_watch,-0.21169921910281297,-0.25487468348108644,0.4178272802909795,-0.25487468348108644,-0.47445974070551666,0,0,毛寶,2022-01-03,3,35.2,S2,radar_model,1732,2022-01-03
early_watch,-0.27717391304347827,-0.32608695652173914,0.014492753623188248,-0.32608695652173914,-0.33571428571428563,0,0,東浦,2022-01-03,4,34.6,S2,radar_model,3290,2022-01-03
early_watch,-0.23544093178036607,-0.2845257903494176,0.1314475873544092,-0.2845257903494176,-0.36764705882352944,0,0,榮昌,2022-01-03,5,33.6,S2,radar_model,3684,2022-01-03
early_watch,-0.49938575788073236,-0.5485257695214997,0.12776413892896255,-0.5485257695214997,-0.5996731808591951,0,0,錸寶,2022-01-03,6,33.6,S2,radar_model,8104,2022-01-03
early_watch,-0.2426160337552743,-0.2932489451476793,0.18143459915611815,-0.2932489451476793,-0.4017857142857143,0,0,亞電,2022-01-03,7,33.2,S2,radar_model,4939,2022-01-03
early_watch,0.1701754385964913,-0.10701754385964912,0.22105263157894717,-0.10701754385964912,-0.17235772357723578,0,0,立端,2022-01-03,8,33.2,S2,radar_model,6245,2022-01-03
early_watch,-0.2142857142857144,-0.27489177489177496,-0.010822510822510845,-0.27489177489177496,-0.27489177489177496,0,0,國統,2022-01-03,9,33.2,S2,radar_model,8936,2022-01-03
early_watch,-0.3482688628194587,-0.4338085845489468,0.08961305869995817,-0.4338085845489468,-0.48037387132034837,0,0,國巨*,2022-01-03,10,33.2,S2,radar_model,2327,2022-01-03
early_watch,-0.2472266244057052,-0.30982567353407287,0.08240887480190184,-0.30982567353407287,-0.36237188872620796,0,0,台積電,2022-01-03,11,33.2,S2,radar_model,2330,2022-01-03
early_watch,-0.059382484787410816,-0.07007131030289482,0.0926365240446112,-0.07007131030289482,-0.1489130472640715,0,0,豐藝,2022-01-03,12,33.2,S2,radar_model,6189,2022-01-03
early_watch,0.677384780278671,-0.142550911039657,0.677384780278671,-0.142550911039657,-0.292604501607717,0,0,港建*,2022-01-03,13,29.6,S2,radar_model,3093,2022-01-03
early_watch,-0.17721518987341767,-0.2626582278481012,0.07594936708860756,-0.2626582278481012,-0.31470588235294117,0,0,長園科,2022-01-03,14,29.6,S2,radar_model,8038,2022-01-03
early_watch,-0.04676264695361798,-0.15107912922005007,0.0,-0.15107912922005007,-0.15107912922005007,0,0,三商電,2022-01-03,15,29.6,S2,radar_model,2427,2022-01-03
early_watch,-0.5035714285714286,-0.5267857142857143,-0.03392857142857142,-0.5267857142857143,-0.5267857142857143,0,0,采鈺,2022-01-03,16,29.6,S2,radar_model,6789,2022-01-03
early_watch,-0.3245098441335913,-0.3245098441335913,0.07254901328235652,-0.3245098441335913,-0.3702011306698383,0,0,至上,2022-01-03,17,29.6,S2,radar_model,8112,2022-01-03
early_watch,-0.150709219858156,-0.2535460992907801,0.05319148936170204,-0.2535460992907801,-0.2912457912457912,0,0,台達電,2022-01-03,18,29.2,S2,radar_model,2308,2022-01-03
early_watch,-0.3075,-0.3400000000000001,0.04499999999999993,-0.3400000000000001,-0.368421052631579,0,0,樺晟,2022-01-03,19,27.6,S2,radar_model,3202,2022-01-03
early_watch,-0.36410256410256414,-0.5087179487179487,-0.02358974358974364,-0.5087179487179487,-0.5087179487179487,0,0,金麗科,2022-01-03,20,27.6,S2,radar_model,3228,2022-01-03
early_watch,-0.15797539730775978,-0.15797539730775978,0.1779142123691213,-0.15797539730775978,-0.28515625853712323,0,0,益登,2022-01-03,1,12.6,S2,random_top_n,3048,2022-01-03
early_watch,-0.25,-0.2659091082486239,0.06136365370316943,-0.2659091082486239,-0.30835120536671534,0,0,競國,2022-01-03,2,22.6,S2,random_top_n,6108,2022-01-03
early_watch,-0.2748091603053435,-0.3330152671755724,0.026717557251908275,-0.3330152671755724,-0.3503717472118958,0,0,天宇,2022-01-03,3,12.0,S2,random_top_n,8171,2022-01-03
early_watch,-0.33551403295213933,-0.4056074908960645,0.05607476635514019,-0.4056074908960645,-0.4371681550962735,0,0,辛耘,2022-01-03,4,22.6,S2,random_top_n,3583,2022-01-03
early_watch,-0.26176467596315867,-0.34215687770469516,0.07450978896197147,-0.34215687770469516,-0.38777372802642107,0,0,宏致,2022-01-03,5,22.6,S2,random_top_n,3605,2022-01-03
early_watch,-0.3443396226415094,-0.4056603773584906,0.04716981132075482,-0.4056603773584906,-0.43243243243243246,0,0,杰力,2022-01-03,6,6.2,S2,random_top_n,5299,2022-01-03
early_watch,0.14724912539091428,-0.037216798379507865,0.14724912539091428,-0.037216798379507865,-0.10210212702590582,0,0,建大,2022-01-03,7,20.6,S2,random_top_n,2106,2022-01-03
early_watch,0.031746031746031855,-0.19841269841269837,0.031746031746031855,-0.19841269841269837,-0.19841269841269837,0,0,振發,2022-01-03,8,14.6,S2,random_top_n,5426,2022-01-03
early_watch,0.08362367786517311,-0.10104534664764542,0.4041811207580268,-0.10104534664764542,-0.2506203142761593,0,0,正道,2022-01-03,9,15.0,S2,random_top_n,1506,2022-01-03
early_watch,-0.1560101972422957,-0.23273654294754154,0.17902813997890688,-0.23273654294754154,-0.349240759371371,0,0,勤誠,2022-01-03,10,12.6,S2,random_top_n,8210,2022-01-03
early_watch,-0.26811592450189004,-0.3043478080590869,-0.014492739601511984,-0.3043478080590869,-0.3043478080590869,0,0,凌巨,2022-01-03,11,11.6,S2,random_top_n,8105,2022-01-03
early_watch,-0.20390070921985815,-0.21276595744680848,0.0035460992907800915,-0.21276595744680848,-0.2155477031802121,0,0,協益,2022-01-03,12,12.0,S2,random_top_n,5356,2022-01-03
early_watch,-0.1612903202456405,-0.1631878968560887,0.009487665896802389,-0.1631878968560887,-0.17105267214878805,0,0,佳格,2022-01-03,13,8.0,S2,random_top_n,1227,2022-01-03
early_watch,-0.143312101910828,-0.2547770700636943,0.006369426751592355,-0.2547770700636943,-0.259493670886076,0,0,興勤,2022-01-03,14,19.6,S2,random_top_n,2428,2022-01-03
early_watch,-0.5105782792665726,-0.5514809590973202,-0.04513399153737663,-0.5514809590973202,-0.5514809590973202,0,0,信驊,2022-01-03,15,11.6,S2,random_top_n,5274,2022-01-03
early_watch,-0.2133332994249132,-0.2337777879503038,0.03999998304579,-0.2337777879503038,-0.26324786101851283,0,0,和桐,2022-01-03,16,24.6,S2,random_top_n,1714,2022-01-03
early_watch,-0.2478813680894275,-0.2627118924882551,-0.010593220167754547,-0.2627118924882551,-0.2627118924882551,0,0,懷特,2022-01-03,17,24.6,S2,random_top_n,4108,2022-01-03
early_watch,-0.19074074074074077,-0.30648148148148147,-0.03240740740740755,-0.30648148148148147,-0.30648148148148147,0,0,松普,2022-01-03,18,27.6,S2,random_top_n,5488,2022-01-03
early_watch,0.10834813499111906,-0.0728241563055061,0.16696269982238032,-0.0728241563055061,-0.1461538461538462,0,0,安勤,2022-01-03,19,15.0,S2,random_top_n,3479,2022-01-03
early_watch,-0.3258426837867362,-0.3345817696328566,-0.008739038221933892,-0.3345817696328566,-0.3345817696328566,0,0,台橡,2022-01-03,20,24.6,S2,random_top_n,2103,2022-01-03
early_watch,0.07047620500837048,-0.23047616141183036,0.16571430024646583,-0.23047616141183036,-0.24836602244201333,0,0,所羅門,2022-01-03,1,0.0,S2,breakout_120d_only,2359,2022-01-03
early_watch,-0.4079681110979996,-0.4278884602735906,0.06772913005253578,-0.4278884602735906,-0.4641791409228859,0,0,中環,2022-01-03,2,22.6,S2,breakout_120d_only,2323,2022-01-03
early_watch,0.677384780278671,-0.142550911039657,0.677384780278671,-0.142550911039657,-0.292604501607717,0,0,港建*,2022-01-03,3,29.6,S2,breakout_120d_only,3093,2022-01-03
early_watch,-0.258426945222445,-0.2612359448223305,0.15730344182147094,-0.2612359448223305,-0.36165051577576357,0,0,德淵,2022-01-03,4,27.6,S2,breakout_120d_only,4720,2022-01-03
early_watch,-0.3271604938271605,-0.3827160493827161,0.030864197530864113,-0.3827160493827161,-0.4011976047904192,0,0,松上,2022-01-03,5,24.6,S2,breakout_120d_only,6156,2022-01-03
early_watch,-0.15125136017410235,-0.2393906420021763,0.24047878128400435,-0.2393906420021763,-0.3868421052631579,0,0,由田,2022-01-03,6,16.6,S2,breakout_120d_only,3455,2022-01-03
early_watch,-0.3003220611916264,-0.3446054750402576,-0.054750402576489554,-0.3446054750402576,-0.3446054750402576,0,0,瑞耘,2022-01-03,7,26.6,S2,breakout_120d_only,6532,2022-01-03
early_watch,-0.3264840182648402,-0.3660578386605784,0.030441400304414,-0.3660578386605784,-0.38478581979320536,0,0,網龍,2022-01-03,8,26.6,S2,breakout_120d_only,3083,2022-01-03
early_watch,-0.5035714285714286,-0.5267857142857143,-0.03392857142857142,-0.5267857142857143,-0.5267857142857143,0,0,采鈺,2022-01-03,9,29.6,S2,breakout_120d_only,6789,2022-01-03
early_watch,-0.17721518987341767,-0.2626582278481012,0.07594936708860756,-0.2626582278481012,-0.31470588235294117,0,0,長園科,2022-01-03,10,29.6,S2,breakout_120d_only,8038,2022-01-03
early_watch,-0.04676264695361798,-0.15107912922005007,0.0,-0.15107912922005007,-0.15107912922005007,0,0,三商電,2022-01-03,11,29.6,S2,breakout_120d_only,2427,2022-01-03
early_watch,-0.2831215970961888,-0.29945553539019965,-0.10889292196007261,-0.29945553539019965,-0.29945553539019965,0,0,數字,2022-01-03,12,27.6,S2,breakout_120d_only,5287,2022-01-03
early_watch,-0.5459807172082245,-0.5691318327974276,0.003215434083601254,-0.5691318327974276,-0.5705128205128205,0,0,達興材料,2022-01-03,13,36.6,S2,breakout_120d_only,5234,2022-01-03
early_watch,-0.3489871091504878,-0.3968692328936859,0.022099529002545415,-0.3968692328936859,-0.4099099451744175,0,0,瀚荃,2022-01-03,14,36.6,S2,breakout_120d_only,8103,2022-01-03
early_watch,-0.45169082125603865,-0.5229468599033816,0.17632850241545883,-0.5229468599033816,-0.5944558521560575,0,0,鈺太,2022-01-03,15,21.6,S2,breakout_120d_only,6679,2022-01-03
early_watch,-0.2516666666666667,-0.37,0.28333333333333344,-0.37,-0.5090909090909091,0,0,泰詠,2022-01-03,16,10.6,S2,breakout_120d_only,6266,2022-01-03
early_watch,-0.27717391304347827,-0.32608695652173914,0.014492753623188248,-0.32608695652173914,-0.33571428571428563,0,0,東浦,2022-01-03,17,34.6,S2,breakout_120d_only,3290,2022-01-03
early_watch,-0.4938488576449912,-0.5896309314586994,0.17574692442882256,-0.5896309314586994,-0.6509715994020927,0,0,霹靂,2022-01-03,18,0.0,S2,breakout_120d_only,8450,2022-01-03
early_watch,-0.1984848484848485,-0.24242424242424243,0.3212121212121213,-0.24242424242424243,-0.42660550458715596,0,0,辣椒,2022-01-03,19,1.6,S2,breakout_120d_only,4946,2022-01-03
early_watch,-0.23544093178036607,-0.2845257903494176,0.1314475873544092,-0.2845257903494176,-0.36764705882352944,0,0,榮昌,2022-01-03,20,33.6,S2,breakout_120d_only,3684,2022-01-03
early_watch,-0.2472266244057052,-0.30982567353407287,0.08240887480190184,-0.30982567353407287,-0.36237188872620796,0,0,台積電,2022-01-03,1,33.2,S2,volume_expansion_only,2330,2022-01-03
early_watch,-0.3814198995363126,-0.4101208302533397,0.010574087762934559,-0.4101208302533397,-0.416292999306512,0,0,大毅,2022-01-03,2,7.6,S2,volume_expansion_only,2478,2022-01-03
early_watch,-0.2584270160567318,-0.2762172205716473,0.06741569983619655,-0.2762172205716473,-0.32192979779159814,0,0,億光,2022-01-03,3,10.6,S2,volume_expansion_only,2393,2022-01-03
early_watch,-0.3276923076923076,-0.3384615384615385,0.44153846153846166,-0.3384615384615385,-0.5410885805763074,0,0,李洲,2022-01-03,4,0.0,S2,volume_expansion_only,3066,2022-01-03
early_watch,-0.2152133981585166,-0.28571432659875207,0.011131695417798904,-0.28571432659875207,-0.2935780011266429,0,0,嘉聯益,2022-01-03,5,25.6,S2,volume_expansion_only,6153,2022-01-03
early_watch,-0.2133332994249132,-0.2337777879503038,0.03999998304579,-0.2337777879503038,-0.26324786101851283,0,0,和桐,2022-01-03,6,24.6,S2,volume_expansion_only,1714,2022-01-03
early_watch,0.023696682464454888,-0.05213270142180093,0.1943127962085307,-0.05213270142180093,-0.2063492063492064,0,0,宇隆,2022-01-03,7,25.6,S2,volume_expansion_only,2233,2022-01-03
early_watch,-0.45169082125603865,-0.5229468599033816,0.17632850241545883,-0.5229468599033816,-0.5944558521560575,0,0,鈺太,2022-01-03,8,21.6,S2,volume_expansion_only,6679,2022-01-03
early_watch,0.1701754385964913,-0.10701754385964912,0.22105263157894717,-0.10701754385964912,-0.17235772357723578,0,0,立端,2022-01-03,9,33.2,S2,volume_expansion_only,6245,2022-01-03
early_watch,0.0503212368165995,0.027837328309146425,0.35974312915358775,0.027837328309146425,-0.24409448647190146,0,0,和潤企業,2022-01-03,10,27.6,S2,volume_expansion_only,6592,2022-01-03
early_watch,-0.34218294297016594,-0.34218294297016594,0.017699069236414733,-0.34218294297016594,-0.35362321051998413,0,0,群益證,2022-01-03,11,14.6,S2,volume_expansion_only,6005,2022-01-03
early_watch,-0.1841841966450063,-0.19119117299686206,0.09509509364260671,-0.19119117299686206,-0.26142594218662485,0,0,日馳,2022-01-03,12,25.6,S2,volume_expansion_only,1526,2022-01-03
early_watch,-0.4161490613693738,-0.4465838263622638,-0.0590062042265167,-0.4465838263622638,-0.4465838263622638,0,0,達運,2022-01-03,13,22.6,S2,volume_expansion_only,6120,2022-01-03
early_watch,-0.31241084165477884,-0.4136947218259629,0.0342368045649073,-0.4136947218259629,-0.433103448275862,0,0,光耀,2022-01-03,14,9.6,S2,volume_expansion_only,3666,2022-01-03
early_watch,-0.3509933774834436,-0.3860927152317881,0.052980132450331174,-0.3860927152317881,-0.4169811320754717,0,0,華容,2022-01-03,15,23.6,S2,volume_expansion_only,5328,2022-01-03
early_watch,-0.08606559075004683,-0.1372950997476906,0.31762303395541824,-0.1372950997476906,-0.34525666444785374,0,0,和益,2022-01-03,16,27.6,S2,volume_expansion_only,1709,2022-01-03
early_watch,-0.2426160337552743,-0.2932489451476793,0.18143459915611815,-0.2932489451476793,-0.4017857142857143,0,0,亞電,2022-01-03,17,33.2,S2,volume_expansion_only,4939,2022-01-03
early_watch,-0.36410256410256414,-0.5087179487179487,-0.02358974358974364,-0.5087179487179487,-0.5087179487179487,0,0,金麗科,2022-01-03,18,27.6,S2,volume_expansion_only,3228,2022-01-03
early_watch,-0.3482688628194587,-0.4338085845489468,0.08961305869995817,-0.4338085845489468,-0.48037387132034837,0,0,國巨*,2022-01-03,19,33.2,S2,volume_expansion_only,2327,2022-01-03
early_watch,-0.5188118811881188,-0.568976897689769,-0.0066006600660065695,-0.568976897689769,-0.568976897689769,0,0,世界,2022-01-03,20,16.0,S2,volume_expansion_only,5347,2022-01-03
early_watch,-0.5459807172082245,-0.5691318327974276,0.003215434083601254,-0.5691318327974276,-0.5705128205128205,0,0,達興材料,2022-01-03,1,36.6,S2,ma_alignment_only,5234,2022-01-03
early_watch,-0.3489871091504878,-0.3968692328936859,0.022099529002545415,-0.3968692328936859,-0.4099099451744175,0,0,瀚荃,2022-01-03,2,36.6,S2,ma_alignment_only,8103,2022-01-03
early_watch,-0.21169921910281297,-0.25487468348108644,0.4178272802909795,-0.25487468348108644,-0.47445974070551666,0,0,毛寶,2022-01-03,3,35.2,S2,ma_alignment_only,1732,2022-01-03
early_watch,-0.27717391304347827,-0.32608695652173914,0.014492753623188248,-0.32608695652173914,-0.33571428571428563,0,0,東浦,2022-01-03,4,34.6,S2,ma_alignment_only,3290,2022-01-03
early_watch,-0.23544093178036607,-0.2845257903494176,0.1314475873544092,-0.2845257903494176,-0.36764705882352944,0,0,榮昌,2022-01-03,5,33.6,S2,ma_alignment_only,3684,2022-01-03
early_watch,-0.49938575788073236,-0.5485257695214997,0.12776413892896255,-0.5485257695214997,-0.5996731808591951,0,0,錸寶,2022-01-03,6,33.6,S2,ma_alignment_only,8104,2022-01-03
early_watch,-0.2472266244057052,-0.30982567353407287,0.08240887480190184,-0.30982567353407287,-0.36237188872620796,0,0,台積電,2022-01-03,7,33.2,S2,ma_alignment_only,2330,2022-01-03
early_watch,0.677384780278671,-0.142550911039657,0.677384780278671,-0.142550911039657,-0.292604501607717,0,0,港建*,2022-01-03,8,29.6,S2,ma_alignment_only,3093,2022-01-03
early_watch,-0.17721518987341767,-0.2626582278481012,0.07594936708860756,-0.2626582278481012,-0.31470588235294117,0,0,長園科,2022-01-03,9,29.6,S2,ma_alignment_only,8038,2022-01-03
early_watch,-0.04676264695361798,-0.15107912922005007,0.0,-0.15107912922005007,-0.15107912922005007,0,0,三商電,2022-01-03,10,29.6,S2,ma_alignment_only,2427,2022-01-03
early_watch,-0.5035714285714286,-0.5267857142857143,-0.03392857142857142,-0.5267857142857143,-0.5267857142857143,0,0,采鈺,2022-01-03,11,29.6,S2,ma_alignment_only,6789,2022-01-03
early_watch,-0.3245098441335913,-0.3245098441335913,0.07254901328235652,-0.3245098441335913,-0.3702011306698383,0,0,至上,2022-01-03,12,29.6,S2,ma_alignment_only,8112,2022-01-03
early_watch,-0.3075,-0.3400000000000001,0.04499999999999993,-0.3400000000000001,-0.368421052631579,0,0,樺晟,2022-01-03,13,27.6,S2,ma_alignment_only,3202,2022-01-03
early_watch,-0.36410256410256414,-0.5087179487179487,-0.02358974358974364,-0.5087179487179487,-0.5087179487179487,0,0,金麗科,2022-01-03,14,27.6,S2,ma_alignment_only,3228,2022-01-03
early_watch,-0.0643500643500643,-0.120978120978121,0.1299871299871298,-0.120978120978121,-0.18451025056947612,0,0,佳穎,2022-01-03,15,27.6,S2,ma_alignment_only,3310,2022-01-03
early_watch,0.2661290322580645,-0.08602150537634412,1.626344086021505,-0.08602150537634412,-0.5598771750255885,0,0,哲固,2022-01-03,16,27.6,S2,ma_alignment_only,3434,2022-01-03
early_watch,-0.4245142002989537,-0.4977578475336323,-0.034379671150971625,-0.4977578475336323,-0.4977578475336323,0,0,家登,2022-01-03,17,27.6,S2,ma_alignment_only,3680,2022-01-03
early_watch,-0.09090909090909094,-0.1255411255411255,0.0043290043290042934,-0.1255411255411255,-0.1255411255411255,0,0,邦特,2022-01-03,18,27.6,S2,ma_alignment_only,4107,2022-01-03
early_watch,-0.2831215970961888,-0.29945553539019965,-0.10889292196007261,-0.29945553539019965,-0.29945553539019965,0,0,數字,2022-01-03,19,27.6,S2,ma_alignment_only,5287,2022-01-03
early_watch,-0.38680318543799774,-0.4647326507394768,-0.020477815699658786,-0.4647326507394768,-0.4647326507394768,0,0,中光電,2022-01-03,20,27.6,S2,ma_alignment_only,5371,2022-01-03
early_watch,-0.039279869067103124,-0.07364975450081834,0.16039279869067102,-0.07364975450081834,-0.20169252468265164,0,0,艾訊,2022-02-07,1,36.6,S2,radar_model,3088,2022-02-07
early_watch,-0.2817204301075269,-0.4086021505376344,0.09892473118279566,-0.4086021505376344,-0.461839530332681,0,0,雙鴻,2022-02-07,2,36.6,S2,radar_model,3324,2022-02-07
early_watch,-0.18069306930693063,-0.19059405940594054,0.08787128712871306,-0.19059405940594054,-0.2559726962457338,0,0,堡達,2022-02-07,3,36.6,S2,radar_model,3537,2022-02-07
early_watch,0.49295774647887325,-0.09765258215962447,0.5211267605633803,-0.09765258215962447,-0.3135714285714286,0,0,雙美,2022-02-07,4,36.6,S2,radar_model,4728,2022-02-07
early_watch,0.17557251908396942,-0.13740458015267176,0.17557251908396942,-0.13740458015267176,-0.13740458015267176,0,0,生展,2022-02-07,5,36.6,S2,radar_model,8279,2022-02-07
early_watch,-0.42710123148088774,-0.45797600490839574,0.2006860646038695,-0.45797600490839574,-0.5485714283937917,0,0,樂事綠能,2022-02-07,6,36.6,S2,radar_model,1529,2022-02-07
early_watch,-0.21030043550853295,-0.2618026130511978,0.1387696242703369,-0.2618026130511978,-0.35175880071283083,0,0,聯強,2022-02-07,7,36.6,S2,radar_model,2347,2022-02-07
early_watch,0.001460063052376448,-0.11519196559137135,0.1803004838209339,-0.11519196559137135,-0.2503535781462367,0,0,玉山金,2022-02-07,8,36.6,S2,radar_model,2884,2022-02-07
early_watch,-0.028947357140254537,-0.11973683928506362,0.18289476786430003,-0.11973683928506362,-0.25583983915641195,0,0,兆豐金,2022-02-07,9,36.6,S2,radar_model,2886,2022-02-07
early_watch,0.032679665162578475,-0.08496733360680386,0.1241829318018981,-0.08496733360680386,-0.17587207295959917,0,0,貿聯-KY,2022-02-07,10,36.6,S2,radar_model,3665,2022-02-07
early_watch,0.10453405270273075,-0.0012594884493681846,0.2380352825909815,-0.0012594884493681846,-0.18413020642185773,0,0,中鼎,2022-02-07,11,36.6,S2,radar_model,9933,2022-02-07
early_watch,0.03375527426160341,-0.00421940928270037,0.11392405063291133,-0.00421940928270037,-0.10227272727272729,0,0,中華電,2022-02-07,12,35.2,S2,radar_model,2412,2022-02-07
early_watch,-0.27361112170749236,-0.3284722434149848,0.13611115349663638,-0.3284722434149848,-0.4089242460843393,0,0,東和鋼鐵,2022-02-07,13,34.6,S2,radar_model,2006,2022-02-07
early_watch,0.1786259076067509,0.0015266942613907375,0.3374045568568107,0.0015266942613907375,-0.15525112683807663,0,0,遠傳,2022-02-07,14,34.6,S2,radar_model,4904,2022-02-07
early_watch,-0.25139664804469275,-0.3229050449818872,0.045810038816995524,-0.3229050449818872,-0.35256410831164675,0,0,南亞,2022-02-07,15,33.2,S2,radar_model,1303,2022-02-07
early_watch,-0.16995448412154002,-0.22154782929837935,0.10015171959486646,-0.22154782929837935,-0.29241380362675107,0,0,永冠-KY,2022-02-07,16,33.2,S2,radar_model,1589,2022-02-07
early_watch,0.07835815053231632,-0.02363185932611378,0.5248755739719604,-0.02363185932611378,-0.3597063541842531,0,0,皇翔,2022-02-07,17,33.2,S2,radar_model,2545,2022-02-07
early_watch,-0.07259528331708909,-0.11796733539026982,0.06170601851242874,-0.11796733539026982,-0.1692307953141693,0,0,大聯大,2022-02-07,18,31.2,S2,radar_model,3702,2022-02-07
early_watch,-0.39598997493734334,-0.493734335839599,0.08521303258145374,-0.493734335839599,-0.5334872979214781,0,0,博智,2022-02-07,19,29.6,S2,radar_model,8155,2022-02-07
early_watch,-0.03594772443649541,-0.060457528052516696,0.18137258415754998,-0.060457528052516696,-0.20470266150836602,0,0,德律,2022-02-07,20,29.6,S2,radar_model,3030,2022-02-07
early_watch,-0.161849710982659,-0.3439306358381503,0.048169556840077066,-0.3439306358381503,-0.37408088235294124,0,0,欣銓,2022-02-07,1,9.0,S2,random_top_n,3264,2022-02-07
early_watch,-0.13611108285409435,-0.27962960137261283,0.2314814814814814,-0.27962960137261283,-0.41503757103941497,0,0,陽明,2022-02-07,2,16.6,S2,random_top_n,2609,2022-02-07
early_watch,-0.3069544364508393,-0.36450839328537166,0.0695443645083933,-0.36450839328537166,-0.405829596412556,0,0,友達,2022-02-07,3,13.0,S2,random_top_n,2409,2022-02-07
early_watch,-0.2728873276090935,-0.32834503453677855,0.2235915657310965,-0.32834503453677855,-0.4510791147355553,0,0,裕民,2022-02-07,4,16.0,S2,random_top_n,2606,2022-02-07
early_watch,-0.3677215325230687,-0.38860758801145323,0.0012658788164241486,-0.38860758801145323,-0.3893805582276896,0,0,大量,2022-02-07,5,9.0,S2,random_top_n,3167,2022-02-07
early_watch,-0.1543700194060278,-0.18501697735160938,0.05448357701354323,-0.18501697735160938,-0.2271259217174859,0,0,京元電子,2022-02-07,6,14.0,S2,random_top_n,2449,2022-02-07
early_watch,0.3097014925373134,-0.050373134328358216,0.35634328358208966,-0.050373134328358216,-0.17235772357723578,0,0,立端,2022-02-07,7,14.0,S2,random_top_n,6245,2022-02-07
early_watch,-0.24585986289249107,-0.3184713375796179,0.2968153255000996,-0.3184713375796179,-0.47445974070551666,0,0,毛寶,2022-02-07,8,15.0,S2,random_top_n,1732,2022-02-07
early_watch,-0.16346153846153844,-0.1990384615384616,0.05384615384615388,-0.1990384615384616,-0.23996350364963503,0,0,網龍,2022-02-07,9,11.0,S2,random_top_n,3083,2022-02-07
early_watch,0.008298755186721962,-0.0954356846473029,0.07883817427385886,-0.0954356846473029,-0.16153846153846152,0,0,愛地雅,2022-02-07,10,11.0,S2,random_top_n,8933,2022-02-07
early_watch,-0.14634146341463417,-0.2123385939741751,0.1262553802008608,-0.2123385939741751,-0.3006369426751593,0,0,兆利,2022-02-07,11,24.6,S2,random_top_n,3548,2022-02-07
early_watch,-0.4684615384615385,-0.5023076923076923,-0.023076923076923106,-0.5023076923076923,-0.5023076923076923,0,0,優群,2022-02-07,12,9.6,S2,random_top_n,3217,2022-02-07
early_watch,-0.27368421052631575,-0.3010526155170642,0.08421052631578951,-0.3010526155170642,-0.3553397910108844,0,0,台玻,2022-02-07,13,11.0,S2,random_top_n,1802,2022-02-07
early_watch,-0.2610349765476119,-0.3406571310002894,0.1205357191610652,-0.3406571310002894,-0.4115824620982591,0,0,嘉晶,2022-02-07,14,13.0,S2,random_top_n,3016,2022-02-07
early_watch,-0.17391305120449063,-0.25155280091770715,0.0652173423715594,-0.25155280091770715,-0.2973760665443369,0,0,谷崧,2022-02-07,15,12.0,S2,random_top_n,3607,2022-02-07
early_watch,-0.18613858927021865,-0.2356435110456564,0.11089112267495715,-0.2356435110456564,-0.3119429318025151,0,0,傳奇,2022-02-07,16,9.0,S2,random_top_n,4994,2022-02-07
early_watch,0.09333333333333327,0.010000000000000009,0.20666666666666678,0.010000000000000009,-0.1270718232044199,0,0,晶華,2022-02-07,17,22.6,S2,random_top_n,2707,2022-02-07
early_watch,-0.21192052980132448,-0.304635761589404,0.07947019867549665,-0.304635761589404,-0.35582822085889576,0,0,旺玖,2022-02-07,18,9.0,S2,random_top_n,6233,2022-02-07
early_watch,-0.12660030070448725,-0.18776677104719786,0.04836406470681309,-0.18776677104719786,-0.2252374377407219,0,0,明基材,2022-02-07,19,9.0,S2,random_top_n,8215,2022-02-07
early_watch,-0.037037048929720595,-0.07575757381150028,0.12962957492328542,-0.07575757381150028,-0.18181814047205147,0,0,東元,2022-02-07,20,14.0,S2,random_top_n,1504,2022-02-07
early_watch,-0.19506720282267076,-0.3273542370767717,0.03363228814616148,-0.3273542370767717,-0.349240759371371,0,0,勤誠,2022-02-07,1,29.6,S2,breakout_120d_only,8210,2022-02-07
early_watch,-0.38923076923076916,-0.41538461538461535,0.03846153846153855,-0.41538461538461535,-0.437037037037037,0,0,浩鼎,2022-02-07,2,27.6,S2,breakout_120d_only,4174,2022-02-07
early_watch,-0.03594772443649541,-0.060457528052516696,0.18137258415754998,-0.060457528052516696,-0.20470266150836602,0,0,德律,2022-02-07,3,29.6,S2,breakout_120d_only,3030,2022-02-07
early_watch,-0.058754329054064636,-0.1210340302751246,0.008225671155004166,-0.1210340302751246,-0.1282051282051282,0,0,卜蜂,2022-02-07,4,27.6,S2,breakout_120d_only,1215,2022-02-07
early_watch,-0.42710123148088774,-0.45797600490839574,0.2006860646038695,-0.45797600490839574,-0.5485714283937917,0,0,樂事綠能,2022-02-07,5,36.6,S2,breakout_120d_only,1529,2022-02-07
early_watch,-0.039279869067103124,-0.07364975450081834,0.16039279869067102,-0.07364975450081834,-0.20169252468265164,0,0,艾訊,2022-02-07,6,36.6,S2,breakout_120d_only,3088,2022-02-07
early_watch,-0.27361112170749236,-0.3284722434149848,0.13611115349663638,-0.3284722434149848,-0.4089242460843393,0,0,東和鋼鐵,2022-02-07,7,34.6,S2,breakout_120d_only,2006,2022-02-07
early_watch,-0.2817204301075269,-0.4086021505376344,0.09892473118279566,-0.4086021505376344,-0.461839530332681,0,0,雙鴻,2022-02-07,8,36.6,S2,breakout_120d_only,3324,2022-02-07
early_watch,0.10453405270273075,-0.0012594884493681846,0.2380352825909815,-0.0012594884493681846,-0.18413020642185773,0,0,中鼎,2022-02-07,9,36.6,S2,breakout_120d_only,9933,2022-02-07
early_watch,0.1786259076067509,0.0015266942613907375,0.3374045568568107,0.0015266942613907375,-0.15525112683807663,0,0,遠傳,2022-02-07,10,34.6,S2,breakout_120d_only,4904,2022-02-07
early_watch,0.010889292196007316,-0.005444646098003658,0.010889292196007316,-0.005444646098003658,-0.007246376811594235,0,0,金可-KY,2022-02-07,11,23.6,S2,breakout_120d_only,8406,2022-02-07
early_watch,0.49295774647887325,-0.09765258215962447,0.5211267605633803,-0.09765258215962447,-0.3135714285714286,0,0,雙美,2022-02-07,12,36.6,S2,breakout_120d_only,4728,2022-02-07
early_watch,0.032679665162578475,-0.08496733360680386,0.1241829318018981,-0.08496733360680386,-0.17587207295959917,0,0,貿聯-KY,2022-02-07,13,36.6,S2,breakout_120d_only,3665,2022-02-07
early_watch,0.001460063052376448,-0.11519196559137135,0.1803004838209339,-0.11519196559137135,-0.2503535781462367,0,0,玉山金,2022-02-07,14,36.6,S2,breakout_120d_only,2884,2022-02-07
early_watch,0.17557251908396942,-0.13740458015267176,0.17557251908396942,-0.13740458015267176,-0.13740458015267176,0,0,生展,2022-02-07,15,36.6,S2,breakout_120d_only,8279,2022-02-07
early_watch,-0.21030043550853295,-0.2618026130511978,0.1387696242703369,-0.2618026130511978,-0.35175880071283083,0,0,聯強,2022-02-07,16,36.6,S2,breakout_120d_only,2347,2022-02-07
early_watch,-0.18069306930693063,-0.19059405940594054,0.08787128712871306,-0.19059405940594054,-0.2559726962457338,0,0,堡達,2022-02-07,17,36.6,S2,breakout_120d_only,3537,2022-02-07
early_watch,-0.028947357140254537,-0.11973683928506362,0.18289476786430003,-0.11973683928506362,-0.25583983915641195,0,0,兆豐金,2022-02-07,18,36.6,S2,breakout_120d_only,2886,2022-02-07
early_watch,-0.39598997493734334,-0.493734335839599,0.08521303258145374,-0.493734335839599,-0.5334872979214781,0,0,博智,2022-02-07,19,29.6,S2,breakout_120d_only,8155,2022-02-07
early_watch,-0.36909090909090914,-0.44999999999999996,0.05454545454545445,-0.44999999999999996,-0.47844827586206895,0,0,聯發科,2022-02-07,1,15.0,S2,volume_expansion_only,2454,2022-02-07
early_watch,-0.08292682926829265,-0.11951219512195121,0.09024390243902447,-0.11951219512195121,-0.1923937360178971,0,0,復盛應用,2022-02-07,2,23.6,S2,volume_expansion_only,6670,2022-02-07
early_watch,-0.2199762227783244,-0.2271105686166982,0.16527945039328573,-0.2271105686166982,-0.33673469387755106,0,0,豐興,2022-02-07,3,25.6,S2,volume_expansion_only,2015,2022-02-07
early_watch,-0.01300813008130075,-0.1544715447154471,0.17398373983739845,-0.1544715447154471,-0.27977839335180055,0,0,友威科,2022-02-07,4,25.6,S2,volume_expansion_only,3580,2022-02-07
early_watch,-0.1051546391752578,-0.24329896907216486,0.20412371134020613,-0.24329896907216486,-0.3715753424657534,0,0,正德,2022-02-07,5,12.0,S2,volume_expansion_only,2641,2022-02-07
early_watch,-0.028475711892797406,-0.06700167504187604,0.10887772194304857,-0.06700167504187604,-0.13897280966767378,0,0,晟德,2022-02-07,6,17.6,S2,volume_expansion_only,4123,2022-02-07
early_watch,-0.43686868686868685,-0.43939393939393945,-0.010101010101010055,-0.43939393939393945,-0.43939393939393945,0,0,富旺,2022-02-07,7,23.6,S2,volume_expansion_only,6219,2022-02-07
early_watch,0.07839388145315485,-0.013384321223709361,0.1395793499043978,-0.013384321223709361,-0.08724832214765099,0,0,統一超,2022-02-07,8,12.0,S2,volume_expansion_only,2912,2022-02-07
early_watch,-0.5145888594164456,-0.5326259946949602,0.1114058355437666,-0.5326259946949602,-0.5794749403341288,0,0,譜瑞-KY,2022-02-07,9,14.0,S2,volume_expansion_only,4966,2022-02-07
early_watch,-0.22238163558106172,-0.2453371592539455,0.04017216642754651,-0.2453371592539455,-0.2744827586206896,0,0,中裕,2022-02-07,10,7.6,S2,volume_expansion_only,4147,2022-02-07
early_watch,-0.011940344056086794,-0.05970149253731338,0.053731320509269986,-0.05970149253731338,-0.08430236619894493,0,0,統一,2022-02-07,11,12.0,S2,volume_expansion_only,1216,2022-02-07
early_watch,-0.4684615384615385,-0.5023076923076923,-0.023076923076923106,-0.5023076923076923,-0.5023076923076923,0,0,優群,2022-02-07,12,9.6,S2,volume_expansion_only,3217,2022-02-07
early_watch,-0.27361112170749236,-0.3284722434149848,0.13611115349663638,-0.3284722434149848,-0.4089242460843393,0,0,東和鋼鐵,2022-02-07,13,34.6,S2,volume_expansion_only,2006,2022-02-07
early_watch,0.21679909194097613,-0.13053348467650394,0.33484676503972755,-0.13053348467650394,-0.26360544217687076,0,0,創意,2022-02-07,14,12.0,S2,volume_expansion_only,3443,2022-02-07
early_watch,-0.09245278313304917,-0.11603775082130252,0.04905664512550234,-0.11603775082130252,-0.15737414820631923,0,0,大成,2022-02-07,15,18.6,S2,volume_expansion_only,1210,2022-02-07
early_watch,-0.19909909909909906,-0.32432432432432434,0.3558558558558558,-0.32432432432432434,-0.5016611295681064,0,0,美而快,2022-02-07,16,21.6,S2,volume_expansion_only,5321,2022-02-07
early_watch,-0.018660829176514016,-0.06805708480356365,0.050493928701355495,-0.06805708480356365,-0.11285264033032016,0,0,華固,2022-02-07,17,22.6,S2,volume_expansion_only,2548,2022-02-07
early_watch,-0.042936268769420916,-0.08587253753884172,0.015235542243916989,-0.08587253753884172,-0.09340663141076089,0,0,正新,2022-02-07,18,20.6,S2,volume_expansion_only,2105,2022-02-07
early_watch,-0.07924105574814011,-0.09598212746181023,0.08482141298603008,-0.09598212746181023,-0.16666664050276137,0,0,亞泥,2022-02-07,19,23.6,S2,volume_expansion_only,1102,2022-02-07
early_watch,0.1786259076067509,0.0015266942613907375,0.3374045568568107,0.0015266942613907375,-0.15525112683807663,0,0,遠傳,2022-02-07,20,34.6,S2,volume_expansion_only,4904,2022-02-07
early_watch,-0.039279869067103124,-0.07364975450081834,0.16039279869067102,-0.07364975450081834,-0.20169252468265164,0,0,艾訊,2022-02-07,1,36.6,S2,ma_alignment_only,3088,2022-02-07
early_watch,-0.2817204301075269,-0.4086021505376344,0.09892473118279566,-0.4086021505376344,-0.461839530332681,0,0,雙鴻,2022-02-07,2,36.6,S2,ma_alignment_only,3324,2022-02-07
early_watch,-0.18069306930693063,-0.19059405940594054,0.08787128712871306,-0.19059405940594054,-0.2559726962457338,0,0,堡達,2022-02-07,3,36.6,S2,ma_alignment_only,3537,2022-02-07
early_watch,0.49295774647887325,-0.09765258215962447,0.5211267605633803,-0.09765258215962447,-0.3135714285714286,0,0,雙美,2022-02-07,4,36.6,S2,ma_alignment_only,4728,2022-02-07
early_watch,0.17557251908396942,-0.13740458015267176,0.17557251908396942,-0.13740458015267176,-0.13740458015267176,0,0,生展,2022-02-07,5,36.6,S2,ma_alignment_only,8279,2022-02-07
early_watch,-0.42710123148088774,-0.45797600490839574,0.2006860646038695,-0.45797600490839574,-0.5485714283937917,0,0,樂事綠能,2022-02-07,6,36.6,S2,ma_alignment_only,1529,2022-02-07
early_watch,-0.21030043550853295,-0.2618026130511978,0.1387696242703369,-0.2618026130511978,-0.35175880071283083,0,0,聯強,2022-02-07,7,36.6,S2,ma_alignment_only,2347,2022-02-07
early_watch,0.001460063052376448,-0.11519196559137135,0.1803004838209339,-0.11519196559137135,-0.2503535781462367,0,0,玉山金,2022-02-07,8,36.6,S2,ma_alignment_only,2884,2022-02-07
early_watch,-0.028947357140254537,-0.11973683928506362,0.18289476786430003,-0.11973683928506362,-0.25583983915641195,0,0,兆豐金,2022-02-07,9,36.6,S2,ma_alignment_only,2886,2022-02-07
early_watch,0.032679665162578475,-0.08496733360680386,0.1241829318018981,-0.08496733360680386,-0.17587207295959917,0,0,貿聯-KY,2022-02-07,10,36.6,S2,ma_alignment_only,3665,2022-02-07
early_watch,0.10453405270273075,-0.0012594884493681846,0.2380352825909815,-0.0012594884493681846,-0.18413020642185773,0,0,中鼎,2022-02-07,11,36.6,S2,ma_alignment_only,9933,2022-02-07
early_watch,0.03375527426160341,-0.00421940928270037,0.11392405063291133,-0.00421940928270037,-0.10227272727272729,0,0,中華電,2022-02-07,12,35.2,S2,ma_alignment_only,2412,2022-02-07
early_watch,-0.27361112170749236,-0.3284722434149848,0.13611115349663638,-0.3284722434149848,-0.4089242460843393,0,0,東和鋼鐵,2022-02-07,13,34.6,S2,ma_alignment_only,2006,2022-02-07
early_watch,0.1786259076067509,0.0015266942613907375,0.3374045568568107,0.0015266942613907375,-0.15525112683807663,0,0,遠傳,2022-02-07,14,34.6,S2,ma_alignment_only,4904,2022-02-07
early_watch,-0.07259528331708909,-0.11796733539026982,0.06170601851242874,-0.11796733539026982,-0.1692307953141693,0,0,大聯大,2022-02-07,15,31.2,S2,ma_alignment_only,3702,2022-02-07
early_watch,-0.39598997493734334,-0.493734335839599,0.08521303258145374,-0.493734335839599,-0.5334872979214781,0,0,博智,2022-02-07,16,29.6,S2,ma_alignment_only,8155,2022-02-07
early_watch,-0.03594772443649541,-0.060457528052516696,0.18137258415754998,-0.060457528052516696,-0.20470266150836602,0,0,德律,2022-02-07,17,29.6,S2,ma_alignment_only,3030,2022-02-07
early_watch,-0.19506720282267076,-0.3273542370767717,0.03363228814616148,-0.3273542370767717,-0.349240759371371,0,0,勤誠,2022-02-07,18,29.6,S2,ma_alignment_only,8210,2022-02-07
early_watch,-0.29156626506024097,-0.36626506024096384,0.012048192771084265,-0.36626506024096384,-0.3738095238095238,0,0,凡甲,2022-02-07,19,28.2,S2,ma_alignment_only,3526,2022-02-07
early_watch,-0.38923076923076916,-0.41538461538461535,0.03846153846153855,-0.41538461538461535,-0.437037037037037,0,0,浩鼎,2022-02-07,20,27.6,S2,ma_alignment_only,4174,2022-02-07
early_watch,0.016018306636155444,-0.13501144164759737,0.18421052631578938,-0.13501144164759737,-0.26956521739130446,0,0,群翊,2022-03-01,1,36.6,S2,radar_model,6664,2022-03-01
early_watch,-0.015094339622641506,-0.09245283018867922,0.035849056603773466,-0.09245283018867922,-0.1238615664845173,0,0,晶采,2022-03-01,2,36.6,S2,radar_model,8049,2022-03-01
early_watch,0.3734411439175749,-0.03620691351062466,0.6724137734911142,-0.03620691351062466,-0.33923795563875425,0,0,華新,2022-03-01,3,36.6,S2,radar_model,1605,2022-03-01
early_watch,-0.125,-0.15384615384615385,0.17692307692307696,-0.15384615384615385,-0.28104575163398693,0,0,勝一,2022-03-01,4,36.6,S2,radar_model,1773,2022-03-01
early_watch,-0.24457144601004466,-0.2571428571428571,0.1200000000000001,-0.2571428571428571,-0.33673469387755106,0,0,豐興,2022-03-01,5,36.6,S2,radar_model,2015,2022-03-01
early_watch,-0.23653088516317333,-0.2825230017226792,0.009198483464815999,-0.2825230017226792,-0.2890625481183311,0,0,益登,2022-03-01,6,36.6,S2,radar_model,3048,2022-03-01
early_watch,0.17465515596206016,-0.027298835946414135,0.2258621012158124,-0.027298835946414135,-0.19858154612319923,0,0,全科,2022-03-01,7,36.6,S2,radar_model,3209,2022-03-01
early_watch,-0.22529640424815556,-0.3073122471537909,0.2114624720475411,-0.3073122471537909,-0.428221865036009,0,0,達邁,2022-03-01,8,36.6,S2,radar_model,3645,2022-03-01
early_watch,0.036144578313252795,-0.37349397590361444,0.06626506024096379,-0.37349397590361444,-0.4124293785310734,0,0,連展投控,2022-03-01,9,34.6,S2,radar_model,3710,2022-03-01
early_watch,-0.3706176961602671,-0.5108514190317195,0.07679465776293815,-0.5108514190317195,-0.5457364341085271,0,0,智原,2022-03-01,10,33.6,S2,radar_model,3035,2022-03-01
early_watch,-0.12591049600671456,-0.2237252897125671,0.030176915420657924,-0.2237252897125671,-0.24646466187756466,0,0,零壹,2022-03-01,11,33.2,S2,radar_model,3029,2022-03-01
early_watch,-0.10582010439621992,-0.14285718130206315,0.031746017863143905,-0.14285718130206315,-0.1692307953141693,0,0,大聯大,2022-03-01,12,32.6,S2,radar_model,3702,2022-03-01
early_watch,-0.415282392026578,-0.46976744186046515,0.09302325581395343,-0.46976744186046515,-0.5148936170212766,0,0,長榮,2022-03-01,13,30.6,S2,radar_model,2603,2022-03-01
early_watch,-0.0791756579608266,-0.12147502515135078,0.05422993671905241,-0.12147502515135078,-0.16666664050276137,0,0,亞泥,2022-03-01,14,29.2,S2,radar_model,1102,2022-03-01
early_watch,-0.2377777947319879,-0.3266666836208767,0.03999998304579,-0.3266666836208767,-0.35256410831164675,0,0,南亞,2022-03-01,15,29.2,S2,radar_model,1303,2022-03-01
early_watch,0.06105618268648616,-0.02805275562784315,0.07260728773380909,-0.02805275562784315,-0.0938461303710938,0,0,遠東新,2022-03-01,16,29.2,S2,radar_model,1402,2022-03-01
early_watch,0.549728752260398,-0.08499095840867987,0.6726943942133816,-0.08499095840867987,-0.3491891891891892,0,0,新盛力,2022-03-01,17,27.6,S2,radar_model,4931,2022-03-01
early_watch,0.0,-0.04999999999999993,0.2104166666666667,-0.04999999999999993,-0.21514629948364883,0,0,金耘國際,2022-03-01,18,27.6,S2,radar_model,4950,2022-03-01
early_watch,-0.38247863247863245,-0.4444444444444444,-0.008547008547008517,-0.4444444444444444,-0.4444444444444444,0,0,佶優,2022-03-01,19,27.6,S2,radar_model,5452,2022-03-01
early_watch,-0.1385099685204617,-0.27492130115424973,0.047219307450157455,-0.27492130115424973,-0.3076152304609219,0,0,光聚晶電,2022-03-01,20,27.6,S2,radar_model,6111,2022-03-01
early_watch,-0.27397258706194694,-0.28767124671004685,0.0890411194070797,-0.28767124671004685,-0.34591197651216765,0,0,中再保,2022-03-01,1,27.6,S2,random_top_n,2851,2022-03-01
early_watch,-0.24736841101395457,-0.3539473884984067,0.15000002007735413,-0.3539473884984067,-0.43821513024135683,0,0,宅配通,2022-03-01,2,11.0,S2,random_top_n,2642,2022-03-01
early_watch,-0.341292085167192,-0.3665730279889494,0.018258470610649447,-0.3665730279889494,-0.37793105552936423,0,0,華夏,2022-03-01,3,20.6,S2,random_top_n,1305,2022-03-01
early_watch,-0.05402840709234302,-0.0691943417228229,0.04739336492891,-0.0691943417228229,-0.11131224481228785,0,0,台灣大,2022-03-01,4,14.6,S2,random_top_n,3045,2022-03-01
early_watch,-0.4513513513513514,-0.5037837837837837,0.07837837837837847,-0.5037837837837837,-0.5398496240601505,0,0,91APP*-KY,2022-03-01,5,14.0,S2,random_top_n,6741,2022-03-01
early_watch,-0.2758620745718974,-0.33379312378074777,-0.006896639931185389,-0.33379312378074777,-0.33379312378074777,0,0,大量,2022-03-01,6,9.0,S2,random_top_n,3167,2022-03-01
early_watch,0.15429915475476164,-0.03415785010315853,0.6890458341484684,-0.03415785010315853,-0.39400275296657894,0,0,東鹼,2022-03-01,7,27.6,S2,random_top_n,1708,2022-03-01
early_watch,-0.10635534514302936,-0.2010376174676921,0.05058367837955213,-0.2010376174676921,-0.2395061916775174,0,0,廣宇,2022-03-01,8,23.6,S2,random_top_n,2328,2022-03-01
early_watch,-0.1385099685204617,-0.27492130115424973,0.047219307450157455,-0.27492130115424973,-0.3076152304609219,0,0,光聚晶電,2022-03-01,9,27.6,S2,random_top_n,6111,2022-03-01
early_watch,-0.13465783664459163,-0.14790286975717437,0.008830022075055233,-0.14790286975717437,-0.15536105032822756,0,0,數字,2022-03-01,10,14.0,S2,random_top_n,5287,2022-03-01
early_watch,-0.1316133719184739,-0.2441860563685332,0.04796513209118869,-0.2441860563685332,-0.2787794932420522,0,0,聯華,2022-03-01,11,24.6,S2,random_top_n,1229,2022-03-01
early_watch,0.0323193916349811,-0.019011406844106515,0.13307984790874516,-0.019011406844106515,-0.0889261744966443,0,0,統一超,2022-03-01,12,11.0,S2,random_top_n,2912,2022-03-01
early_watch,0.11044176706827313,-0.050200803212851364,0.3393574297188757,-0.050200803212851364,-0.29085457271364323,0,0,榮剛,2022-03-01,13,20.2,S2,random_top_n,5009,2022-03-01
early_watch,-0.11002444577300785,-0.13447432261145398,0.07579458089163182,-0.13447432261145398,-0.19545451077547937,0,0,東泥,2022-03-01,14,20.6,S2,random_top_n,1110,2022-03-01
early_watch,-0.21258134490238623,-0.34056399132321047,-0.009761388286334105,-0.34056399132321047,-0.34056399132321047,0,0,青雲,2022-03-01,15,6.6,S2,random_top_n,5386,2022-03-01
early_watch,0.06315796447688582,-0.2763157743633414,0.1092105420072993,-0.2763157743633414,-0.34601664727613757,0,0,健策,2022-03-01,16,1.0,S2,random_top_n,3653,2022-03-01
early_watch,-0.11944442080126816,-0.23888891312811167,0.11527776992983263,-0.23888891312811167,-0.3175591701072161,0,0,潤泰新,2022-03-01,17,24.6,S2,random_top_n,9945,2022-03-01
early_watch,-0.21778584995126737,-0.3575317149508582,0.010889334036917608,-0.3575317149508582,-0.36445240500907417,0,0,泰豐,2022-03-01,18,14.0,S2,random_top_n,2102,2022-03-01
early_watch,0.13563221898572198,-0.03908047730895292,0.13563221898572198,-0.03908047730895292,-0.1101695059086184,0,0,生達,2022-03-01,19,24.6,S2,random_top_n,1720,2022-03-01
early_watch,-0.20759493670886076,-0.40886075949367084,0.06329113924050622,-0.40886075949367084,-0.444047619047619,0,0,霹靂,2022-03-01,20,16.0,S2,random_top_n,8450,2022-03-01
early_watch,0.11468812877263579,-0.1146881287726359,0.2273641851106638,-0.1146881287726359,-0.16666666666666663,0,0,磐儀,2022-03-01,1,7.6,S2,breakout_120d_only,3594,2022-03-01
early_watch,0.1428571428571428,-0.12298138541464476,0.23975159070506602,-0.12298138541464476,-0.29258520726189907,0,0,承業醫,2022-03-01,2,14.6,S2,breakout_120d_only,4164,2022-03-01
early_watch,-0.23653088516317333,-0.2825230017226792,0.009198483464815999,-0.2825230017226792,-0.2890625481183311,0,0,益登,2022-03-01,3,36.6,S2,breakout_120d_only,3048,2022-03-01
early_watch,-0.015094339622641506,-0.09245283018867922,0.035849056603773466,-0.09245283018867922,-0.1238615664845173,0,0,晶采,2022-03-01,4,36.6,S2,breakout_120d_only,8049,2022-03-01
early_watch,0.3734411439175749,-0.03620691351062466,0.6724137734911142,-0.03620691351062466,-0.33923795563875425,0,0,華新,2022-03-01,5,36.6,S2,breakout_120d_only,1605,2022-03-01
early_watch,-0.22529640424815556,-0.3073122471537909,0.2114624720475411,-0.3073122471537909,-0.428221865036009,0,0,達邁,2022-03-01,6,36.6,S2,breakout_120d_only,3645,2022-03-01
early_watch,-0.03183520599250933,-0.20037453183520593,0.016853932584269593,-0.20037453183520593,-0.2136279926335174,0,0,世豐,2022-03-01,7,23.6,S2,breakout_120d_only,2065,2022-03-01
early_watch,0.016018306636155444,-0.13501144164759737,0.18421052631578938,-0.13501144164759737,-0.26956521739130446,0,0,群翊,2022-03-01,8,36.6,S2,breakout_120d_only,6664,2022-03-01
early_watch,-0.23541665077209473,-0.3125,0.19166668256123853,-0.3125,-0.42307693077198205,0,0,高林,2022-03-01,9,25.6,S2,breakout_120d_only,2906,2022-03-01
early_watch,0.17465515596206016,-0.027298835946414135,0.2258621012158124,-0.027298835946414135,-0.19858154612319923,0,0,全科,2022-03-01,10,36.6,S2,breakout_120d_only,3209,2022-03-01
early_watch,-0.125,-0.15384615384615385,0.17692307692307696,-0.15384615384615385,-0.28104575163398693,0,0,勝一,2022-03-01,11,36.6,S2,breakout_120d_only,1773,2022-03-01
early_watch,-0.24457144601004466,-0.2571428571428571,0.1200000000000001,-0.2571428571428571,-0.33673469387755106,0,0,豐興,2022-03-01,12,36.6,S2,breakout_120d_only,2015,2022-03-01
early_watch,0.036144578313252795,-0.37349397590361444,0.06626506024096379,-0.37349397590361444,-0.4124293785310734,0,0,連展投控,2022-03-01,13,34.6,S2,breakout_120d_only,3710,2022-03-01
early_watch,-0.053932618559076495,-0.13595503903506845,0.1033707522274403,-0.13595503903506845,-0.21690423711102325,0,0,敦陽科,2022-03-01,14,23.6,S2,breakout_120d_only,2480,2022-03-01
early_watch,-0.16603772145397255,-0.22924531180903596,0.26415094339622636,-0.22924531180903596,-0.39029853023699856,0,0,中福,2022-03-01,15,23.6,S2,breakout_120d_only,1435,2022-03-01
early_watch,-0.46945010183299385,-0.4775967413441956,0.010183299389002087,-0.4775967413441956,-0.4828629032258065,0,0,百徽,2022-03-01,16,25.6,S2,breakout_120d_only,6259,2022-03-01
early_watch,-0.3706176961602671,-0.5108514190317195,0.07679465776293815,-0.5108514190317195,-0.5457364341085271,0,0,智原,2022-03-01,17,33.6,S2,breakout_120d_only,3035,2022-03-01
early_watch,-0.415282392026578,-0.46976744186046515,0.09302325581395343,-0.46976744186046515,-0.5148936170212766,0,0,長榮,2022-03-01,18,30.6,S2,breakout_120d_only,2603,2022-03-01
early_watch,-0.10582010439621992,-0.14285718130206315,0.031746017863143905,-0.14285718130206315,-0.1692307953141693,0,0,大聯大,2022-03-01,19,32.6,S2,breakout_120d_only,3702,2022-03-01
early_watch,-0.20845070422535206,-0.23802816901408452,0.022535211267605604,-0.23802816901408452,-0.2548209366391184,0,0,頎邦,2022-03-01,1,23.6,S2,volume_expansion_only,6147,2022-03-01
early_watch,-0.2531847133757962,-0.4140127388535032,0.019108280254777066,-0.4140127388535032,-0.42500000000000004,0,0,精測,2022-03-01,2,0.0,S2,volume_expansion_only,6510,2022-03-01
early_watch,-0.4543429844097996,-0.4610244988864143,-0.008908685968819552,-0.4610244988864143,-0.4610244988864143,0,0,景碩,2022-03-01,3,8.6,S2,volume_expansion_only,3189,2022-03-01
early_watch,0.09532707428263731,-0.22803739743812057,0.1719626310829805,-0.22803739743812057,-0.28670124095590643,0,0,建漢,2022-03-01,4,19.6,S2,volume_expansion_only,3062,2022-03-01
early_watch,-0.18452378937554736,-0.29761906776730984,0.06547621062445264,-0.29761906776730984,-0.34078215428100467,0,0,全訊,2022-03-01,5,19.6,S2,volume_expansion_only,5222,2022-03-01
early_watch,-0.5037105751391466,-0.5658627087198516,0.016697588126159513,-0.5658627087198516,-0.572992700729927,0,0,南電,2022-03-01,6,9.6,S2,volume_expansion_only,8046,2022-03-01
early_watch,-0.3307888040712468,-0.4192111959287531,0.08524173027989823,-0.4192111959287531,-0.4648300117233294,0,0,辣椒,2022-03-01,7,15.6,S2,volume_expansion_only,4946,2022-03-01
early_watch,-0.17922193281423937,-0.2427672936494636,0.16352198928706407,-0.2427672936494636,-0.3491891744869189,0,0,燦坤,2022-03-01,8,23.6,S2,volume_expansion_only,2430,2022-03-01
early_watch,-0.1385099685204617,-0.27492130115424973,0.047219307450157455,-0.27492130115424973,-0.3076152304609219,0,0,光聚晶電,2022-03-01,9,27.6,S2,volume_expansion_only,6111,2022-03-01
early_watch,-0.08976660559270222,-0.20466788814595516,0.17414722854713927,-0.20466788814595516,-0.32262999688874694,0,0,國產,2022-03-01,10,25.6,S2,volume_expansion_only,2504,2022-03-01
early_watch,-0.39029126213592236,-0.44660194174757284,-0.05631067961165048,-0.44660194174757284,-0.44660194174757284,0,0,網家,2022-03-01,11,14.0,S2,volume_expansion_only,8044,2022-03-01
early_watch,-0.2866344553048312,-0.29307564243864936,0.022544308539111046,-0.29307564243864936,-0.3086613932932456,0,0,宏璟,2022-03-01,12,10.6,S2,volume_expansion_only,2527,2022-03-01
early_watch,-0.015094339622641506,-0.09245283018867922,0.035849056603773466,-0.09245283018867922,-0.1238615664845173,0,0,晶采,2022-03-01,13,36.6,S2,volume_expansion_only,8049,2022-03-01
early_watch,-0.6066115828585034,-0.6111570310986731,-0.010330578512396715,-0.6111570310986731,-0.6111570310986731,0,0,華擎,2022-03-01,14,21.6,S2,volume_expansion_only,3515,2022-03-01
early_watch,-0.23653088516317333,-0.2825230017226792,0.009198483464815999,-0.2825230017226792,-0.2890625481183311,0,0,益登,2022-03-01,15,36.6,S2,volume_expansion_only,3048,2022-03-01
early_watch,-0.09547739642719988,-0.12060299806793351,0.17336682448056684,-0.12060299806793351,-0.2505353112217371,0,0,日友,2022-03-01,16,14.0,S2,volume_expansion_only,8341,2022-03-01
early_watch,-0.27397258706194694,-0.28767124671004685,0.0890411194070797,-0.28767124671004685,-0.34591197651216765,0,0,中再保,2022-03-01,17,27.6,S2,volume_expansion_only,2851,2022-03-01
early_watch,-0.22529640424815556,-0.3073122471537909,0.2114624720475411,-0.3073122471537909,-0.428221865036009,0,0,達邁,2022-03-01,18,36.6,S2,volume_expansion_only,3645,2022-03-01
early_watch,-0.203125,-0.2489583333333334,-0.002083333333333326,-0.2489583333333334,-0.2489583333333334,0,0,智冠,2022-03-01,19,25.6,S2,volume_expansion_only,5478,2022-03-01
early_watch,0.11004790365498196,-0.05741621423413246,0.165071809852122,-0.05741621423413246,-0.19096507374467675,0,0,聯合再生,2022-03-01,20,22.6,S2,volume_expansion_only,3576,2022-03-01
early_watch,0.016018306636155444,-0.13501144164759737,0.18421052631578938,-0.13501144164759737,-0.26956521739130446,0,0,群翊,2022-03-01,1,36.6,S2,ma_alignment_only,6664,2022-03-01
early_watch,-0.015094339622641506,-0.09245283018867922,0.035849056603773466,-0.09245283018867922,-0.1238615664845173,0,0,晶采,2022-03-01,2,36.6,S2,ma_alignment_only,8049,2022-03-01
early_watch,0.3734411439175749,-0.03620691351062466,0.6724137734911142,-0.03620691351062466,-0.33923795563875425,0,0,華新,2022-03-01,3,36.6,S2,ma_alignment_only,1605,2022-03-01
early_watch,-0.125,-0.15384615384615385,0.17692307692307696,-0.15384615384615385,-0.28104575163398693,0,0,勝一,2022-03-01,4,36.6,S2,ma_alignment_only,1773,2022-03-01
early_watch,-0.24457144601004466,-0.2571428571428571,0.1200000000000001,-0.2571428571428571,-0.33673469387755106,0,0,豐興,2022-03-01,5,36.6,S2,ma_alignment_only,2015,2022-03-01
early_watch,-0.23653088516317333,-0.2825230017226792,0.009198483464815999,-0.2825230017226792,-0.2890625481183311,0,0,益登,2022-03-01,6,36.6,S2,ma_alignment_only,3048,2022-03-01
early_watch,0.17465515596206016,-0.027298835946414135,0.2258621012158124,-0.027298835946414135,-0.19858154612319923,0,0,全科,2022-03-01,7,36.6,S2,ma_alignment_only,3209,2022-03-01
early_watch,-0.22529640424815556,-0.3073122471537909,0.2114624720475411,-0.3073122471537909,-0.428221865036009,0,0,達邁,2022-03-01,8,36.6,S2,ma_alignment_only,3645,2022-03-01
early_watch,0.036144578313252795,-0.37349397590361444,0.06626506024096379,-0.37349397590361444,-0.4124293785310734,0,0,連展投控,2022-03-01,9,34.6,S2,ma_alignment_only,3710,2022-03-01
early_watch,-0.3706176961602671,-0.5108514190317195,0.07679465776293815,-0.5108514190317195,-0.5457364341085271,0,0,智原,2022-03-01,10,33.6,S2,ma_alignment_only,3035,2022-03-01
early_watch,-0.10582010439621992,-0.14285718130206315,0.031746017863143905,-0.14285718130206315,-0.1692307953141693,0,0,大聯大,2022-03-01,11,32.6,S2,ma_alignment_only,3702,2022-03-01
early_watch,0.549728752260398,-0.08499095840867987,0.6726943942133816,-0.08499095840867987,-0.3491891891891892,0,0,新盛力,2022-03-01,12,27.6,S2,ma_alignment_only,4931,2022-03-01
early_watch,0.0,-0.04999999999999993,0.2104166666666667,-0.04999999999999993,-0.21514629948364883,0,0,金耘國際,2022-03-01,13,27.6,S2,ma_alignment_only,4950,2022-03-01
early_watch,-0.38247863247863245,-0.4444444444444444,-0.008547008547008517,-0.4444444444444444,-0.4444444444444444,0,0,佶優,2022-03-01,14,27.6,S2,ma_alignment_only,5452,2022-03-01
early_watch,-0.1385099685204617,-0.27492130115424973,0.047219307450157455,-0.27492130115424973,-0.3076152304609219,0,0,光聚晶電,2022-03-01,15,27.6,S2,ma_alignment_only,6111,2022-03-01
early_watch,-0.39645390070921993,-0.5085106382978724,0.049645390070921946,-0.5085106382978724,-0.5317567567567567,0,0,萬潤,2022-03-01,16,27.6,S2,ma_alignment_only,6187,2022-03-01
early_watch,-0.25076452599388377,-0.31294597349643216,0.19266055045871577,-0.31294597349643216,-0.42393162393162387,0,0,系微,2022-03-01,17,27.6,S2,ma_alignment_only,6231,2022-03-01
early_watch,-0.4503990877993158,-0.5496009122006842,-0.033067274800456126,-0.5496009122006842,-0.5496009122006842,0,0,鈺太,2022-03-01,18,27.6,S2,ma_alignment_only,6679,2022-03-01
early_watch,-0.04337349397590351,-0.2530120481927711,-0.002409638554216942,-0.2530120481927711,-0.2530120481927711,0,0,白紗科,2022-03-01,19,27.6,S2,ma_alignment_only,8401,2022-03-01
early_watch,0.1011671188569554,-0.042440284795418615,0.21220164821603715,-0.042440284795418615,-0.12910284072606804,0,0,聯華食,2022-03-01,20,27.6,S2,ma_alignment_only,1231,2022-03-01
early_watch,0.0535714285714286,-0.3135714285714286,0.15714285714285725,-0.3135714285714286,-0.3135714285714286,0,0,雙美,2022-04-01,1,36.6,S2,radar_model,4728,2022-04-01
early_watch,-0.22608700406880433,-0.2357488538432796,0.014492677884500482,-0.2357488538432796,-0.24666667111841878,0,0,中工,2022-04-01,2,36.6,S2,radar_model,2515,2022-04-01
early_watch,-0.047808764940239,-0.2828685258964143,0.7370517928286853,-0.2828685258964143,-0.4518348623853211,0,0,北極星藥業-KY,2022-04-01,3,36.6,S2,radar_model,6550,2022-04-01
early_watch,0.21031746031746024,0.0,0.6111111111111112,0.0,-0.24876847290640391,0,0,鈺齊-KY,2022-04-01,4,36.6,S2,radar_model,9802,2022-04-01
early_watch,-0.3136882129277566,-0.3231939163498099,0.5703422053231937,-0.3231939163498099,-0.5690072639225181,0,0,凱鈺,2022-04-01,5,35.2,S2,radar_model,5468,2022-04-01
early_watch,0.1235954735117859,-0.05056181059528564,0.2359550208629646,-0.05056181059528564,-0.1875000076416209,0,0,欣陸,2022-04-01,6,34.6,S2,radar_model,3703,2022-04-01
early_watch,-0.10404624277456653,-0.10404624277456653,0.1618497109826591,-0.10404624277456653,-0.2288557213930349,0,0,擎邦,2022-04-01,7,33.6,S2,radar_model,6122,2022-04-01
early_watch,-0.11524163568773227,-0.11524163568773227,0.011152416356877248,-0.11524163568773227,-0.125,0,0,磐亞,2022-04-01,8,33.2,S2,radar_model,4707,2022-04-01
early_watch,-0.34003348371248887,-0.34003348371248887,0.02847572430844547,-0.34003348371248887,-0.35830618002065406,0,0,中信金,2022-04-01,9,32.6,S2,radar_model,2891,2022-04-01
early_watch,-0.001485839261487043,-0.06537885662994625,0.06092126994818092,-0.06537885662994625,-0.09885386962241327,0,0,佳醫,2022-04-01,10,32.6,S2,radar_model,4104,2022-04-01
early_watch,-0.18618615608527278,-0.2177177227058691,0.013513536734218068,-0.2177177227058691,-0.2281481707537616,0,0,正文,2022-04-01,11,30.6,S2,radar_model,4906,2022-04-01
early_watch,-0.1100000000000001,-0.21111111111111114,0.41333333333333333,-0.21111111111111114,-0.44182389937106914,0,0,惠光,2022-04-01,12,29.6,S2,radar_model,6508,2022-04-01
early_watch,0.37017726798748685,-0.06256517205422318,0.8164754953076119,-0.06256517205422318,-0.24569460390355902,0,0,廣積,2022-04-01,13,29.6,S2,radar_model,8050,2022-04-01
early_watch,-0.5208633203300641,-0.526618683080879,0.08633093525179847,-0.526618683080879,-0.5642383903857098,0,0,新光鋼,2022-04-01,14,29.6,S2,radar_model,2031,2022-04-01
early_watch,-0.2710846851280051,-0.2710846851280051,0.04292341973461955,-0.2710846851280051,-0.301084527320833,0,0,兆豐金,2022-04-01,15,29.6,S2,radar_model,2886,2022-04-01
early_watch,-0.1284635312546213,-0.14357684265488702,0.0831234048776428,-0.14357684265488702,-0.2093023255813954,0,0,皇鼎,2022-04-01,16,29.2,S2,radar_model,5533,2022-04-01
early_watch,-0.6130239520958083,-0.654191616766467,-0.0119760479041916,-0.654191616766467,-0.654191616766467,0,0,笙泉,2022-04-01,17,27.6,S2,radar_model,3122,2022-04-01
early_watch,-0.22011834319526624,-0.22011834319526624,0.07573964497041419,-0.22011834319526624,-0.275027502750275,0,0,泓格,2022-04-01,18,27.6,S2,radar_model,3577,2022-04-01
early_watch,-0.3425324675324676,-0.43181818181818177,0.15259740259740262,-0.43181818181818177,-0.5070422535211268,0,0,德微,2022-04-01,19,27.6,S2,radar_model,3675,2022-04-01
early_watch,-0.15828092243186587,-0.24213836477987427,0.032494758909853205,-0.24213836477987427,-0.2659898477157361,0,0,緯軟,2022-04-01,20,27.6,S2,radar_model,4953,2022-04-01
early_watch,-0.09277108433734949,-0.14457831325301207,0.13614457831325288,-0.14457831325301207,-0.2470837751855779,0,0,系統電,2022-04-01,1,8.0,S2,random_top_n,5309,2022-04-01
early_watch,-0.5053380782918149,-0.5195729537366548,-0.008896797153024938,-0.5195729537366548,-0.5195729537366548,0,0,台勝科,2022-04-01,2,14.0,S2,random_top_n,3532,2022-04-01
early_watch,0.0,-0.0017953321364452268,0.0,-0.0017953321364452268,-0.0017953321364452268,0,0,金可-KY,2022-04-01,3,27.6,S2,random_top_n,8406,2022-04-01
early_watch,-0.28421052631578947,-0.2947368421052631,0.17982456140350878,-0.2947368421052631,-0.40223048327137545,0,0,逸達,2022-04-01,4,11.0,S2,random_top_n,6576,2022-04-01
early_watch,-0.3167155343205308,-0.3548386808082684,0.20527860156100552,-0.3548386808082684,-0.4647201747743992,0,0,盛餘,2022-04-01,5,20.6,S2,random_top_n,2029,2022-04-01
early_watch,-0.24309390847530987,-0.39779005926532884,0.0027624366098759623,-0.39779005926532884,-0.3994490432144494,0,0,耀登,2022-04-01,6,19.6,S2,random_top_n,3138,2022-04-01
early_watch,-0.3237774200668132,-0.34232714162285716,-0.008431703312527516,-0.34232714162285716,-0.34232714162285716,0,0,大毅,2022-04-01,7,9.0,S2,random_top_n,2478,2022-04-01
early_watch,-0.08013348470472981,-0.08013348470472981,0.14858095574264185,-0.08013348470472981,-0.1991278362259551,0,0,貿聯-KY,2022-04-01,8,15.0,S2,random_top_n,3665,2022-04-01
early_watch,-0.051764705882353046,-0.07764705882352929,0.025882352941176467,-0.07764705882352929,-0.1009174311926605,0,0,台蠟,2022-04-01,9,14.0,S2,random_top_n,1742,2022-04-01
early_watch,-0.38883720930232557,-0.4037209302325582,-0.0046511627906976605,-0.4037209302325582,-0.4037209302325582,0,0,優群,2022-04-01,10,3.0,S2,random_top_n,3217,2022-04-01
early_watch,-0.5304182509505704,-0.532319391634981,-0.019011406844106515,-0.532319391634981,-0.532319391634981,0,0,穩懋,2022-04-01,11,14.0,S2,random_top_n,3105,2022-04-01
early_watch,-0.3024871057245476,-0.3601554689317469,0.06217622460154004,-0.3601554689317469,-0.39760981629175374,0,0,官田鋼,2022-04-01,12,10.0,S2,random_top_n,2017,2022-04-01
early_watch,0.37017726798748685,-0.06256517205422318,0.8164754953076119,-0.06256517205422318,-0.24569460390355902,0,0,廣積,2022-04-01,13,29.6,S2,random_top_n,8050,2022-04-01
early_watch,-0.1158730037628658,-0.12857140435112846,0.06507934085906508,-0.12857140435112846,-0.18181814047205147,0,0,東元,2022-04-01,14,25.6,S2,random_top_n,1504,2022-04-01
early_watch,-0.11666662770938174,-0.22549017224573942,0.0637255474862033,-0.22549017224573942,-0.22549017224573942,0,0,友勁,2022-04-01,15,18.6,S2,random_top_n,6142,2022-04-01
early_watch,-0.39568345323741005,-0.44892087428689864,0.08776976221756971,-0.44892087428689864,-0.49338624325275404,0,0,運錩,2022-04-01,16,10.0,S2,random_top_n,2069,2022-04-01
early_watch,-0.20065251859944977,-0.22349104296002587,0.13213706997766628,-0.22349104296002587,-0.31412107453093796,0,0,永崴投控,2022-04-01,17,9.0,S2,random_top_n,3712,2022-04-01
early_watch,-0.34295645529829644,-0.38452232884924187,0.015719470842888494,-0.38452232884924187,-0.3940475802437775,0,0,錩新,2022-04-01,18,15.6,S2,random_top_n,2415,2022-04-01
early_watch,-0.35578747628083485,-0.370967741935484,0.07779886148007575,-0.370967741935484,-0.41637323943661975,0,0,基亞,2022-04-01,19,19.6,S2,random_top_n,3176,2022-04-01
early_watch,-0.04177065072796893,-0.2429057280110537,0.06356420314980915,-0.2429057280110537,-0.2881536725787063,0,0,金像電,2022-04-01,20,27.6,S2,random_top_n,2368,2022-04-01
early_watch,-0.3018433179723502,-0.3110599078341014,0.04147465437788034,-0.3110599078341014,-0.33849557522123896,0,0,能率網通,2022-04-01,1,27.6,S2,breakout_120d_only,8071,2022-04-01
early_watch,0.37017726798748685,-0.06256517205422318,0.8164754953076119,-0.06256517205422318,-0.24569460390355902,0,0,廣積,2022-04-01,2,29.6,S2,breakout_120d_only,8050,2022-04-01
early_watch,-0.1100000000000001,-0.21111111111111114,0.41333333333333333,-0.21111111111111114,-0.44182389937106914,0,0,惠光,2022-04-01,3,29.6,S2,breakout_120d_only,6508,2022-04-01
early_watch,-0.10404624277456653,-0.10404624277456653,0.1618497109826591,-0.10404624277456653,-0.2288557213930349,0,0,擎邦,2022-04-01,4,33.6,S2,breakout_120d_only,6122,2022-04-01
early_watch,0.0535714285714286,-0.3135714285714286,0.15714285714285725,-0.3135714285714286,-0.3135714285714286,0,0,雙美,2022-04-01,5,36.6,S2,breakout_120d_only,4728,2022-04-01
early_watch,0.21031746031746024,0.0,0.6111111111111112,0.0,-0.24876847290640391,0,0,鈺齊-KY,2022-04-01,6,36.6,S2,breakout_120d_only,9802,2022-04-01
early_watch,-0.22608700406880433,-0.2357488538432796,0.014492677884500482,-0.2357488538432796,-0.24666667111841878,0,0,中工,2022-04-01,7,36.6,S2,breakout_120d_only,2515,2022-04-01
early_watch,-0.047808764940239,-0.2828685258964143,0.7370517928286853,-0.2828685258964143,-0.4518348623853211,0,0,北極星藥業-KY,2022-04-01,8,36.6,S2,breakout_120d_only,6550,2022-04-01
early_watch,0.1235954735117859,-0.05056181059528564,0.2359550208629646,-0.05056181059528564,-0.1875000076416209,0,0,欣陸,2022-04-01,9,34.6,S2,breakout_120d_only,3703,2022-04-01
early_watch,-0.18618615608527278,-0.2177177227058691,0.013513536734218068,-0.2177177227058691,-0.2281481707537616,0,0,正文,2022-04-01,10,30.6,S2,breakout_120d_only,4906,2022-04-01
early_watch,-0.001485839261487043,-0.06537885662994625,0.06092126994818092,-0.06537885662994625,-0.09885386962241327,0,0,佳醫,2022-04-01,11,32.6,S2,breakout_120d_only,4104,2022-04-01
early_watch,-0.34003348371248887,-0.34003348371248887,0.02847572430844547,-0.34003348371248887,-0.35830618002065406,0,0,中信金,2022-04-01,12,32.6,S2,breakout_120d_only,2891,2022-04-01
early_watch,-0.5208633203300641,-0.526618683080879,0.08633093525179847,-0.526618683080879,-0.5642383903857098,0,0,新光鋼,2022-04-01,13,29.6,S2,breakout_120d_only,2031,2022-04-01
early_watch,-0.2710846851280051,-0.2710846851280051,0.04292341973461955,-0.2710846851280051,-0.301084527320833,0,0,兆豐金,2022-04-01,14,29.6,S2,breakout_120d_only,2886,2022-04-01
early_watch,-0.2526691335982456,-0.2932330809302933,0.022556396899022113,-0.2932330809302933,-0.30882353167705023,0,0,元大金,2022-04-01,15,27.6,S2,breakout_120d_only,2885,2022-04-01
early_watch,-0.276183435653533,-0.2886094462105754,0.017751542680161325,-0.2886094462105754,-0.3010174645218039,0,0,國票金,2022-04-01,16,27.6,S2,breakout_120d_only,2889,2022-04-01
early_watch,0.0,-0.0017953321364452268,0.0,-0.0017953321364452268,-0.0017953321364452268,0,0,金可-KY,2022-04-01,17,27.6,S2,breakout_120d_only,8406,2022-04-01
early_watch,-0.4773788961106974,-0.5117002741028653,0.16580311250849822,-0.5117002741028653,-0.5811473475598778,0,0,立積,2022-04-01,1,17.6,S2,volume_expansion_only,4968,2022-04-01
early_watch,-0.17099853306357704,-0.17099863221439981,0.1067031409493393,-0.17099863221439981,-0.2509270669689473,0,0,長興,2022-04-01,2,6.6,S2,volume_expansion_only,1717,2022-04-01
early_watch,-0.11524163568773227,-0.11524163568773227,0.011152416356877248,-0.11524163568773227,-0.125,0,0,磐亞,2022-04-01,3,33.2,S2,volume_expansion_only,4707,2022-04-01
early_watch,-0.14793742637851648,-0.1977240529512515,-0.008534937090598382,-0.1977240529512515,-0.1977240529512515,0,0,勤美,2022-04-01,4,22.6,S2,volume_expansion_only,1532,2022-04-01
early_watch,-0.28308823529411764,-0.4439338235294118,-0.06617647058823528,-0.4439338235294118,-0.4439338235294118,0,0,上亞科技,2022-04-01,5,27.6,S2,volume_expansion_only,6130,2022-04-01
early_watch,0.02777777777777768,-0.18827160493827155,0.1234567901234569,-0.18827160493827155,-0.223042836041359,0,0,中裕,2022-04-01,6,19.6,S2,volume_expansion_only,4147,2022-04-01
early_watch,-0.20760233918128657,-0.2592592592592592,0.050682261208577106,-0.2592592592592592,-0.29499072356215217,0,0,網龍,2022-04-01,7,22.6,S2,volume_expansion_only,3083,2022-04-01
early_watch,-0.10281923714759533,-0.1393034825870647,0.12106135986733002,-0.1393034825870647,-0.23224852071005908,0,0,安勤,2022-04-01,8,25.6,S2,volume_expansion_only,3479,2022-04-01
early_watch,-0.16329704510108867,-0.16329704510108867,0.11975116640746508,-0.16329704510108867,-0.25277777777777777,0,0,西柏,2022-04-01,9,25.6,S2,volume_expansion_only,3541,2022-04-01
early_watch,-0.14433218820006122,-0.14433218820006122,0.04983392848720092,-0.14433218820006122,-0.18494936334078416,0,0,高雄銀,2022-04-01,10,27.6,S2,volume_expansion_only,2836,2022-04-01
early_watch,-0.14219656707234463,-0.14219656707234463,0.013872797089504951,-0.14219656707234463,-0.15393387080694287,0,0,廣達,2022-04-01,11,14.0,S2,volume_expansion_only,2382,2022-04-01
early_watch,0.05486725663716818,-0.09911504424778761,0.3858407079646018,-0.09911504424778761,-0.26819923371647514,0,0,立端,2022-04-01,12,27.6,S2,volume_expansion_only,6245,2022-04-01
early_watch,-0.354916067146283,-0.3621103117505995,0.08153477218225413,-0.3621103117505995,-0.4101995565410199,0,0,瑞昱,2022-04-01,13,14.0,S2,volume_expansion_only,2379,2022-04-01
early_watch,0.21031746031746024,0.0,0.6111111111111112,0.0,-0.24876847290640391,0,0,鈺齊-KY,2022-04-01,14,36.6,S2,volume_expansion_only,9802,2022-04-01
early_watch,-0.13442622950819672,-0.39016393442622954,-0.06229508196721312,-0.39016393442622954,-0.39016393442622954,0,0,華景電,2022-04-01,15,14.0,S2,volume_expansion_only,6788,2022-04-01
early_watch,-0.44329896907216493,-0.44329896907216493,-0.005154639175257714,-0.44329896907216493,-0.44329896907216493,0,0,光罩,2022-04-01,16,6.6,S2,volume_expansion_only,2338,2022-04-01
early_watch,-0.04177065072796893,-0.2429057280110537,0.06356420314980915,-0.2429057280110537,-0.2881536725787063,0,0,金像電,2022-04-01,17,27.6,S2,volume_expansion_only,2368,2022-04-01
early_watch,-0.21445783132530116,-0.27108433734939763,-0.014457831325301207,-0.27108433734939763,-0.27108433734939763,0,0,加百裕,2022-04-01,18,10.6,S2,volume_expansion_only,3323,2022-04-01
early_watch,-0.25668449197860965,-0.25668449197860965,0.0,-0.25668449197860965,-0.25668449197860965,0,0,桂盟,2022-04-01,19,14.0,S2,volume_expansion_only,5306,2022-04-01
early_watch,-0.15697674418604646,-0.2848837209302325,0.06540697674418605,-0.2848837209302325,-0.3287858117326057,0,0,統振,2022-04-01,20,19.6,S2,volume_expansion_only,6170,2022-04-01
early_watch,0.0535714285714286,-0.3135714285714286,0.15714285714285725,-0.3135714285714286,-0.3135714285714286,0,0,雙美,2022-04-01,1,36.6,S2,ma_alignment_only,4728,2022-04-01
early_watch,-0.22608700406880433,-0.2357488538432796,0.014492677884500482,-0.2357488538432796,-0.24666667111841878,0,0,中工,2022-04-01,2,36.6,S2,ma_alignment_only,2515,2022-04-01
early_watch,-0.047808764940239,-0.2828685258964143,0.7370517928286853,-0.2828685258964143,-0.4518348623853211,0,0,北極星藥業-KY,2022-04-01,3,36.6,S2,ma_alignment_only,6550,2022-04-01
early_watch,0.21031746031746024,0.0,0.6111111111111112,0.0,-0.24876847290640391,0,0,鈺齊-KY,2022-04-01,4,36.6,S2,ma_alignment_only,9802,2022-04-01
early_watch,-0.3136882129277566,-0.3231939163498099,0.5703422053231937,-0.3231939163498099,-0.5690072639225181,0,0,凱鈺,2022-04-01,5,35.2,S2,ma_alignment_only,5468,2022-04-01
early_watch,-0.10404624277456653,-0.10404624277456653,0.1618497109826591,-0.10404624277456653,-0.2288557213930349,0,0,擎邦,2022-04-01,6,33.6,S2,ma_alignment_only,6122,2022-04-01
early_watch,-0.34003348371248887,-0.34003348371248887,0.02847572430844547,-0.34003348371248887,-0.35830618002065406,0,0,中信金,2022-04-01,7,32.6,S2,ma_alignment_only,2891,2022-04-01
early_watch,-0.001485839261487043,-0.06537885662994625,0.06092126994818092,-0.06537885662994625,-0.09885386962241327,0,0,佳醫,2022-04-01,8,32.6,S2,ma_alignment_only,4104,2022-04-01
early_watch,-0.1100000000000001,-0.21111111111111114,0.41333333333333333,-0.21111111111111114,-0.44182389937106914,0,0,惠光,2022-04-01,9,29.6,S2,ma_alignment_only,6508,2022-04-01
early_watch,0.37017726798748685,-0.06256517205422318,0.8164754953076119,-0.06256517205422318,-0.24569460390355902,0,0,廣積,2022-04-01,10,29.6,S2,ma_alignment_only,8050,2022-04-01
early_watch,-0.5208633203300641,-0.526618683080879,0.08633093525179847,-0.526618683080879,-0.5642383903857098,0,0,新光鋼,2022-04-01,11,29.6,S2,ma_alignment_only,2031,2022-04-01
early_watch,-0.2710846851280051,-0.2710846851280051,0.04292341973461955,-0.2710846851280051,-0.301084527320833,0,0,兆豐金,2022-04-01,12,29.6,S2,ma_alignment_only,2886,2022-04-01
early_watch,-0.6130239520958083,-0.654191616766467,-0.0119760479041916,-0.654191616766467,-0.654191616766467,0,0,笙泉,2022-04-01,13,27.6,S2,ma_alignment_only,3122,2022-04-01
early_watch,-0.22011834319526624,-0.22011834319526624,0.07573964497041419,-0.22011834319526624,-0.275027502750275,0,0,泓格,2022-04-01,14,27.6,S2,ma_alignment_only,3577,2022-04-01
early_watch,-0.3425324675324676,-0.43181818181818177,0.15259740259740262,-0.43181818181818177,-0.5070422535211268,0,0,德微,2022-04-01,15,27.6,S2,ma_alignment_only,3675,2022-04-01
early_watch,-0.15828092243186587,-0.24213836477987427,0.032494758909853205,-0.24213836477987427,-0.2659898477157361,0,0,緯軟,2022-04-01,16,27.6,S2,ma_alignment_only,4953,2022-04-01
early_watch,-0.2772727272727272,-0.28181818181818186,0.013636363636363669,-0.28181818181818186,-0.29147982062780264,0,0,宜鼎,2022-04-01,17,27.6,S2,ma_alignment_only,5289,2022-04-01
early_watch,-0.28308823529411764,-0.4439338235294118,-0.06617647058823528,-0.4439338235294118,-0.4439338235294118,0,0,上亞科技,2022-04-01,18,27.6,S2,ma_alignment_only,6130,2022-04-01
early_watch,0.05486725663716818,-0.09911504424778761,0.3858407079646018,-0.09911504424778761,-0.26819923371647514,0,0,立端,2022-04-01,19,27.6,S2,ma_alignment_only,6245,2022-04-01
early_watch,-0.3018433179723502,-0.3110599078341014,0.04147465437788034,-0.3110599078341014,-0.33849557522123896,0,0,能率網通,2022-04-01,20,27.6,S2,ma_alignment_only,8071,2022-04-01
early_watch,0.4506172839506173,-0.028806584362139898,0.7222222222222223,-0.028806584362139898,-0.2114695340501792,0,0,明揚,2022-05-03,1,36.6,S2,radar_model,8420,2022-05-03
early_watch,-0.03942652329749108,-0.06989247311827962,0.06810035842293916,-0.06989247311827962,-0.10906040268456374,0,0,統一超,2022-05-03,2,33.2,S2,radar_model,2912,2022-05-03
early_watch,-0.17087845968712378,-0.1937424789410348,-0.03369434416365824,-0.1937424789410348,-0.1937424789410348,0,0,杏一,2022-05-03,3,27.6,S2,radar_model,4175,2022-05-03
early_watch,-0.5252262503194884,-0.5729616472775318,0.037656885644625104,-0.5729616472775318,-0.5884589996652136,0,0,潤泰全,2022-05-03,4,27.6,S2,radar_model,2915,2022-05-03
early_watch,-0.13348674242930447,-0.19792870071410984,0.07710014413438304,-0.19792870071410984,-0.2553419441509046,0,0,研揚,2022-05-03,5,27.6,S2,radar_model,6579,2022-05-03
early_watch,-0.2537688460091997,-0.37374371530124595,0.008793936281841663,-0.37374371530124595,-0.3792029648721169,0,0,潤泰新,2022-05-03,6,27.6,S2,radar_model,9945,2022-05-03
early_watch,-0.19674556213017746,-0.24408284023668636,0.047337278106508895,-0.24408284023668636,-0.27824858757062143,0,0,昱捷,2022-05-03,7,25.6,S2,radar_model,3232,2022-05-03
early_watch,-0.3014598540145985,-0.3788321167883212,0.08394160583941601,-0.3788321167883212,-0.42693602693602695,0,0,精材,2022-05-03,8,25.6,S2,radar_model,3374,2022-05-03
early_watch,-0.6225728155339806,-0.6759708737864079,0.029126213592232997,-0.6759708737864079,-0.6851415094339622,0,0,易通展,2022-05-03,9,25.6,S2,radar_model,6241,2022-05-03
early_watch,-0.3197026022304832,-0.3503717472118958,-0.03345724907063197,-0.3503717472118958,-0.3503717472118958,0,0,天宇,2022-05-03,10,25.6,S2,radar_model,8171,2022-05-03
early_watch,0.2065217391304348,-0.11086953204611072,1.1304347826086958,-0.11086953204611072,-0.4755101885114398,0,0,巨庭,2022-05-03,11,25.6,S2,radar_model,1539,2022-05-03
early_watch,0.18752040446177554,0.0016313650584927064,0.22128879681690394,0.0016313650584927064,-0.1109550384459066,0,0,潤隆,2022-05-03,12,25.6,S2,radar_model,1808,2022-05-03
early_watch,-0.5011285863859738,-0.5011287026352154,0.027088010750729863,-0.5011287026352154,-0.5142857358444439,0,0,云辰,2022-05-03,13,25.6,S2,radar_model,2390,2022-05-03
early_watch,-0.18181822852399343,-0.260942754239612,0.07744104976355937,-0.260942754239612,-0.3140624761581421,0,0,承啟,2022-05-03,14,25.6,S2,radar_model,2425,2022-05-03
early_watch,-0.30551416492067984,-0.33233978754352933,0.005961274738824018,-0.33233978754352933,-0.336296307599103,0,0,永崴投控,2022-05-03,15,25.6,S2,radar_model,3712,2022-05-03
early_watch,-0.18925230417077432,-0.19392521927602213,-0.002336412988402703,-0.19392521927602213,-0.19392521927602213,0,0,懷特,2022-05-03,16,25.6,S2,radar_model,4108,2022-05-03
early_watch,-0.06884681764288991,-0.06884681764288991,0.2220310131612968,-0.06884681764288991,-0.23802819050533675,0,0,致伸,2022-05-03,17,25.6,S2,radar_model,4915,2022-05-03
early_watch,-0.023668639053254448,-0.2852070825339774,0.05798818373821191,-0.2852070825339774,-0.3243847819354374,0,0,詮欣,2022-05-03,18,25.6,S2,radar_model,6205,2022-05-03
early_watch,0.10131580892755632,-0.18026312099946218,0.17236847136436984,-0.18026312099946218,-0.18026312099946218,0,0,啟碁,2022-05-03,19,25.6,S2,radar_model,6285,2022-05-03
early_watch,-0.021276595744680882,-0.11489361702127665,0.451063829787234,-0.11489361702127665,-0.3548387096774194,0,0,振樺電,2022-05-03,20,25.6,S2,radar_model,8114,2022-05-03
early_watch,-0.14490164700744168,-0.17352415918001074,0.010733425004350483,-0.17352415918001074,-0.18230087145239904,0,0,凌群,2022-05-03,1,17.0,S2,random_top_n,2453,2022-05-03
early_watch,-0.3740573152337858,-0.39366515837104066,-0.009049773755656076,-0.39366515837104066,-0.39366515837104066,0,0,三貝德,2022-05-03,2,14.0,S2,random_top_n,8489,2022-05-03
early_watch,-0.2737430012823989,-0.28072624165468363,0.08798887131310296,-0.28072624165468363,-0.33889603348863406,0,0,榮運,2022-05-03,3,11.0,S2,random_top_n,2607,2022-05-03
early_watch,-0.10349854227405242,-0.11661807580174921,0.017492711370262537,-0.11661807580174921,-0.13180515759312317,0,0,唐榮,2022-05-03,4,1.0,S2,random_top_n,2035,2022-05-03
early_watch,-0.3084648729347047,-0.31994262388791794,0.014347218793145045,-0.31994262388791794,-0.32956155100301443,0,0,冠德,2022-05-03,5,9.0,S2,random_top_n,2520,2022-05-03
early_watch,0.6727941176470589,-0.05698529411764708,0.8639705882352944,-0.05698529411764708,-0.2303370786516855,0,0,耀勝,2022-05-03,6,24.6,S2,random_top_n,3207,2022-05-03
early_watch,-0.15954412300758136,-0.18803415273613788,0.012820535114018261,-0.18803415273613788,-0.19831221908187802,0,0,信錦,2022-05-03,7,12.0,S2,random_top_n,1582,2022-05-03
early_watch,-0.1870824329713534,-0.19821829005393765,0.0022271374325779636,-0.19821829005393765,-0.19999999999999996,0,0,味全,2022-05-03,8,20.6,S2,random_top_n,1201,2022-05-03
early_watch,-0.11379310344827587,-0.12758620689655165,0.2689655172413792,-0.12758620689655165,-0.3124999999999999,0,0,天良,2022-05-03,9,17.0,S2,random_top_n,4127,2022-05-03
early_watch,-0.2505497232318594,-0.2866678088592396,0.19910517685350193,-0.2866678088592396,-0.4051129084334608,0,0,上銀,2022-05-03,10,9.0,S2,random_top_n,2049,2022-05-03
early_watch,-0.21052632957255402,-0.2620137428613005,0.20823794771734883,-0.2620137428613005,-0.38920453662878873,0,0,佳凌,2022-05-03,11,9.0,S2,random_top_n,4976,2022-05-03
early_watch,-0.2702702667871647,-0.2905405496836927,0.02027028289652799,-0.2905405496836927,-0.3046357791563178,0,0,華東,2022-05-03,12,9.0,S2,random_top_n,8110,2022-05-03
early_watch,-0.22331694495999577,-0.25205257642391876,0.09688015399099381,-0.25205257642391876,-0.3181138150283076,0,0,車王電,2022-05-03,13,4.0,S2,random_top_n,1533,2022-05-03
early_watch,0.06781921393734636,-0.06249990234983138,0.12367031160336217,-0.06249990234983138,-0.16568045985619018,0,0,直得,2022-05-03,14,9.0,S2,random_top_n,1597,2022-05-03
early_watch,-0.09803921359109291,-0.1890756262113934,0.014005601941584622,-0.1890756262113934,-0.20027623887296564,0,0,創見,2022-05-03,15,11.0,S2,random_top_n,2451,2022-05-03
early_watch,-0.038798224233851486,-0.06676555730241551,0.059347177334387435,-0.06676555730241551,-0.11470589935220687,0,0,佳醫,2022-05-03,16,20.0,S2,random_top_n,4104,2022-05-03
early_watch,-0.29227050765314033,-0.3140096446981425,0.007246395907783976,-0.3140096446981425,-0.31894484002237955,0,0,統一證,2022-05-03,17,9.0,S2,random_top_n,2855,2022-05-03
early_watch,-0.09075045082332556,-0.18324607573831864,0.017452007213173193,-0.18324607573831864,-0.19725557719543851,0,0,緯創,2022-05-03,18,11.0,S2,random_top_n,3231,2022-05-03
early_watch,-0.3377049180327869,-0.3731147540983606,0.1540983606557378,-0.3731147540983606,-0.4568181818181818,0,0,德宏,2022-05-03,19,9.0,S2,random_top_n,5475,2022-05-03
early_watch,-0.19148936170212771,-0.21702127659574466,0.06808510638297882,-0.21702127659574466,-0.26693227091633465,0,0,精測,2022-05-03,20,11.0,S2,random_top_n,6510,2022-05-03
early_watch,0.04990019960079839,-0.09281437125748504,0.7425149700598801,-0.09281437125748504,-0.4444444444444444,0,0,明基醫,2022-05-03,1,18.6,S2,breakout_120d_only,4116,2022-05-03
early_watch,0.4506172839506173,-0.028806584362139898,0.7222222222222223,-0.028806584362139898,-0.2114695340501792,0,0,明揚,2022-05-03,2,36.6,S2,breakout_120d_only,8420,2022-05-03
early_watch,-0.38082556591211714,-0.41877496671105185,0.030625832223701854,-0.41877496671105185,-0.4360465116279071,0,0,立康,2022-05-03,3,11.6,S2,breakout_120d_only,6242,2022-05-03
early_watch,-0.5114416475972541,-0.5308924485125859,0.11784897025171626,-0.5308924485125859,-0.5803480040941658,0,0,哲固,2022-05-03,4,0.0,S2,breakout_120d_only,3434,2022-05-03
early_watch,-0.08849557522123896,-0.11504424778761058,0.1415929203539823,-0.11504424778761058,-0.22480620155038755,0,0,中碳,2022-05-03,1,12.0,S2,volume_expansion_only,1723,2022-05-03
early_watch,-0.42911153119092627,-0.4801512287334594,0.21550094517958418,-0.4801512287334594,-0.5723172628304821,0,0,愛普*,2022-05-03,2,14.0,S2,volume_expansion_only,6531,2022-05-03
early_watch,-0.458041958041958,-0.49020979020979016,0.24825174825174834,-0.49020979020979016,-0.5915966386554621,0,0,晶宏,2022-05-03,3,14.0,S2,volume_expansion_only,3141,2022-05-03
early_watch,-0.14306151645207443,-0.2675250357653791,0.01716738197424883,-0.2675250357653791,-0.27988748241912786,0,0,永信建,2022-05-03,4,16.0,S2,volume_expansion_only,5508,2022-05-03
early_watch,-0.13194444444444442,-0.18315972222222232,0.1597222222222221,-0.18315972222222232,-0.28218562874251485,0,0,中光電,2022-05-03,5,1.0,S2,volume_expansion_only,5371,2022-05-03
early_watch,-0.16886793892338592,-0.2075471698113207,0.0981132219422538,-0.2075471698113207,-0.2783505249239666,0,0,新產,2022-05-03,6,17.0,S2,volume_expansion_only,2850,2022-05-03
early_watch,-0.12941176470588234,-0.16078431372549018,0.0235294117647058,-0.16078431372549018,-0.1800766283524904,0,0,中華電,2022-05-03,7,20.0,S2,volume_expansion_only,2412,2022-05-03
early_watch,0.4189577221070717,-0.03395064407256154,0.9104937180459078,-0.03395064407256154,-0.3161761275765449,0,0,藥華藥,2022-05-03,8,14.6,S2,volume_expansion_only,6446,2022-05-03
early_watch,-0.16290726194043226,-0.1729323624562672,-0.00501255025791747,-0.1729323624562672,-0.1729323624562672,0,0,可寧衛*,2022-05-03,9,17.0,S2,volume_expansion_only,8422,2022-05-03
early_watch,-0.32477064220183494,-0.34311926605504595,0.02752293577981657,-0.34311926605504595,-0.36071428571428577,0,0,臺慶科,2022-05-03,10,14.0,S2,volume_expansion_only,3357,2022-05-03
early_watch,-0.3014598540145985,-0.3788321167883212,0.08394160583941601,-0.3788321167883212,-0.42693602693602695,0,0,精材,2022-05-03,11,25.6,S2,volume_expansion_only,3374,2022-05-03
early_watch,-0.038798224233851486,-0.06676555730241551,0.059347177334387435,-0.06676555730241551,-0.11470589935220687,0,0,佳醫,2022-05-03,12,20.0,S2,volume_expansion_only,4104,2022-05-03
early_watch,-0.5177966101694915,-0.5389830508474576,-0.016949152542372836,-0.5389830508474576,-0.5389830508474576,0,0,萬潤,2022-05-03,13,14.0,S2,volume_expansion_only,6187,2022-05-03
early_watch,-0.4438095133265344,-0.5466666315714414,0.024761946693862225,-0.5466666315714414,-0.5576208016982624,0,0,如興,2022-05-03,14,1.0,S2,volume_expansion_only,4414,2022-05-03
early_watch,-0.3771186440677966,-0.4008474576271186,0.13983050847457634,-0.4008474576271186,-0.4743494423791821,0,0,逸達,2022-05-03,15,24.6,S2,volume_expansion_only,6576,2022-05-03
early_watch,-0.2145270371498026,-0.2905405496836927,0.05236483841503192,-0.2905405496836927,-0.3258426883733353,0,0,矽格,2022-05-03,16,22.6,S2,volume_expansion_only,6257,2022-05-03
early_watch,-0.13348674242930447,-0.19792870071410984,0.07710014413438304,-0.19792870071410984,-0.2553419441509046,0,0,研揚,2022-05-03,17,27.6,S2,volume_expansion_only,6579,2022-05-03
early_watch,-0.3154008438818565,-0.40717299578059074,0.014767932489451407,-0.40717299578059074,-0.4158004158004158,0,0,世芯-KY,2022-05-03,18,21.6,S2,volume_expansion_only,3661,2022-05-03
early_watch,-0.37435897435897436,-0.41538461538461535,0.19999999999999996,-0.41538461538461535,-0.5128205128205128,0,0,穩懋,2022-05-03,19,1.0,S2,volume_expansion_only,3105,2022-05-03
early_watch,0.12847222222222232,-0.07754629629629628,0.4259259259259258,-0.07754629629629628,-0.3530844155844156,0,0,創意,2022-05-03,20,14.0,S2,volume_expansion_only,3443,2022-05-03
early_watch,0.4506172839506173,-0.028806584362139898,0.7222222222222223,-0.028806584362139898,-0.2114695340501792,0,0,明揚,2022-05-03,1,36.6,S2,ma_alignment_only,8420,2022-05-03
early_watch,-0.17087845968712378,-0.1937424789410348,-0.03369434416365824,-0.1937424789410348,-0.1937424789410348,0,0,杏一,2022-05-03,2,27.6,S2,ma_alignment_only,4175,2022-05-03
early_watch,-0.5252262503194884,-0.5729616472775318,0.037656885644625104,-0.5729616472775318,-0.5884589996652136,0,0,潤泰全,2022-05-03,3,27.6,S2,ma_alignment_only,2915,2022-05-03
early_watch,-0.13348674242930447,-0.19792870071410984,0.07710014413438304,-0.19792870071410984,-0.2553419441509046,0,0,研揚,2022-05-03,4,27.6,S2,ma_alignment_only,6579,2022-05-03
early_watch,-0.2537688460091997,-0.37374371530124595,0.008793936281841663,-0.37374371530124595,-0.3792029648721169,0,0,潤泰新,2022-05-03,5,27.6,S2,ma_alignment_only,9945,2022-05-03
early_watch,-0.6225728155339806,-0.6759708737864079,0.029126213592232997,-0.6759708737864079,-0.6851415094339622,0,0,易通展,2022-05-03,6,25.6,S2,ma_alignment_only,6241,2022-05-03
early_watch,-0.44952380952380955,-0.44952380952380955,0.11238095238095225,-0.44952380952380955,-0.5051369863013699,0,0,正德,2022-05-03,7,24.6,S2,ma_alignment_only,2641,2022-05-03
early_watch,0.6727941176470589,-0.05698529411764708,0.8639705882352944,-0.05698529411764708,-0.2303370786516855,0,0,耀勝,2022-05-03,8,24.6,S2,ma_alignment_only,3207,2022-05-03
early_watch,-0.3165467625899281,-0.32194244604316546,-0.07913669064748197,-0.32194244604316546,-0.32194244604316546,0,0,優盛,2022-05-03,9,24.6,S2,ma_alignment_only,4121,2022-05-03
early_watch,0.05239179954441919,-0.08200455580865595,1.118451025056948,-0.08200455580865595,-0.5483870967741935,0,0,郡都開發,2022-05-03,10,24.6,S2,ma_alignment_only,4402,2022-05-03
early_watch,0.2994350282485876,-0.14971751412429368,0.3333333333333335,-0.14971751412429368,-0.3491891891891892,0,0,新盛力,2022-05-03,11,24.6,S2,ma_alignment_only,4931,2022-05-03
early_watch,-0.0458089668615983,-0.10331384015594536,0.10136452241715399,-0.10331384015594536,-0.16637168141592917,0,0,三聯,2022-05-03,12,24.6,S2,ma_alignment_only,5493,2022-05-03
early_watch,0.2957198443579765,-0.12548638132295709,0.6945525291828794,-0.12548638132295709,-0.3019517795637199,0,0,廣積,2022-05-03,13,24.6,S2,ma_alignment_only,8050,2022-05-03
early_watch,0.14935064935064934,-0.010389610389610393,0.7142857142857142,-0.010389610389610393,-0.3378787878787879,0,0,巨虹,2022-05-03,14,24.6,S2,ma_alignment_only,8084,2022-05-03
early_watch,-0.21896551724137925,-0.26724137931034475,-0.01724137931034475,-0.26724137931034475,-0.26724137931034475,0,0,智捷,2022-05-03,15,24.6,S2,ma_alignment_only,8176,2022-05-03
early_watch,-0.09722222222222221,-0.19444444444444453,0.003472222222222099,-0.19444444444444453,-0.19723183391003463,0,0,三竹,2022-05-03,16,24.6,S2,ma_alignment_only,8284,2022-05-03
early_watch,0.05808656036446469,-0.16514806378132119,0.25854214123006836,-0.16514806378132119,-0.23804573804573814,0,0,明安,2022-05-03,17,24.6,S2,ma_alignment_only,8938,2022-05-03
early_watch,-0.3411214657564514,-0.37383178236474335,-0.014018656187300915,-0.37383178236474335,-0.37383178236474335,0,0,台榮,2022-05-03,18,24.6,S2,ma_alignment_only,1220,2022-05-03
early_watch,-0.31493944232516824,-0.35531629127240427,-0.030955625266335662,-0.35531629127240427,-0.35531629127240427,0,0,業旺,2022-05-03,19,24.6,S2,ma_alignment_only,1475,2022-05-03
early_watch,-0.2183908045977011,-0.24904214559386972,0.32950191570881215,-0.24904214559386972,-0.43515850144092216,0,0,中砂,2022-05-03,20,24.6,S2,ma_alignment_only,1560,2022-05-03
early_watch,-0.4746136865342163,-0.5452538631346578,-0.004415011037527616,-0.5452538631346578,-0.5452538631346578,0,0,三福化,2022-06-01,1,36.6,S2,radar_model,4755,2022-06-01
early_watch,-0.07453416149068326,-0.2080745341614907,0.26086956521739135,-0.2080745341614907,-0.3719211822660099,0,0,鈺齊-KY,2022-06-01,2,36.6,S2,radar_model,9802,2022-06-01
early_watch,-0.1266375545851528,-0.1266375545851528,0.008733624454148492,-0.1266375545851528,-0.1341991341991342,0,0,鴻海,2022-06-01,3,34.6,S2,radar_model,2317,2022-06-01
early_watch,0.061583577712609916,-0.07624633431085048,0.0997067448680351,-0.07624633431085048,-0.12398921832884102,0,0,可成,2022-06-01,4,34.6,S2,radar_model,2474,2022-06-01
early_watch,-0.28056112224448904,-0.4288577154308617,0.2064128256513027,-0.4288577154308617,-0.526578073089701,0,0,五福,2022-06-01,5,33.6,S2,radar_model,2745,2022-06-01
early_watch,-0.5225375626043405,-0.5542570951585977,-0.04173622704507518,-0.5542570951585977,-0.5542570951585977,0,0,特昇-KY,2022-06-01,6,33.6,S2,radar_model,6616,2022-06-01
early_watch,-0.20070422535211263,-0.34999997850874776,-0.017605633802816878,-0.34999997850874776,-0.34999997850874776,0,0,富鼎,2022-06-01,7,33.6,S2,radar_model,8261,2022-06-01
early_watch,-0.10075842626508669,-0.3477789948806186,-0.019501657554100493,-0.3477789948806186,-0.3477789948806186,0,0,茂矽,2022-06-01,8,33.2,S2,radar_model,2342,2022-06-01
early_watch,0.010791408368430622,-0.2302158199342088,0.11510794427193694,-0.2302158199342088,-0.3096774316603138,0,0,兆勁,2022-06-01,9,33.2,S2,radar_model,2444,2022-06-01
early_watch,-0.08553462958185931,-0.2742138268812647,0.077987382996757,-0.2742138268812647,-0.32672108730894245,0,0,希華,2022-06-01,10,33.2,S2,radar_model,2484,2022-06-01
early_watch,0.39082976453936236,-0.12991268190847038,0.41484724081870294,-0.12991268190847038,-0.2108911386777096,0,0,裕隆,2022-06-01,11,32.6,S2,radar_model,2201,2022-06-01
early_watch,-0.08496732026143794,-0.14379084967320266,-0.0016339869281045694,-0.14379084967320266,-0.14379084967320266,0,0,是方,2022-06-01,12,29.6,S2,radar_model,6561,2022-06-01
early_watch,-0.06385169927909373,-0.3274974253347065,0.1071060762100926,-0.3274974253347065,-0.3925581395348837,0,0,亞德客-KY,2022-06-01,13,29.2,S2,radar_model,1590,2022-06-01
early_watch,0.47405660377358494,-0.11792452830188682,0.8419811320754715,-0.11792452830188682,-0.38540332906530084,0,0,泰茂,2022-06-01,14,27.6,S2,radar_model,2230,2022-06-01
early_watch,-0.1973293768545995,-0.33234421364985167,0.2106824925816022,-0.33234421364985167,-0.44852941176470584,0,0,易飛網,2022-06-01,15,27.6,S2,radar_model,2734,2022-06-01
early_watch,0.022687609075043635,-0.2931937172774869,0.1029668411867366,-0.2931937172774869,-0.3158783783783784,0,0,波若威,2022-06-01,16,27.6,S2,radar_model,3163,2022-06-01
early_watch,0.2755905511811023,-0.3228346456692913,0.2823397075365579,-0.3228346456692913,-0.3484848484848485,0,0,新盛力,2022-06-01,17,27.6,S2,radar_model,4931,2022-06-01
early_watch,-0.32484076433121023,-0.4012738853503184,0.09713375796178347,-0.4012738853503184,-0.45428156748911463,0,0,中探針,2022-06-01,18,27.6,S2,radar_model,6217,2022-06-01
early_watch,-0.32807570977917977,-0.43343848580441646,0.050473186119873725,-0.43343848580441646,-0.4606606606606607,0,0,大中,2022-06-01,19,27.6,S2,radar_model,6435,2022-06-01
early_watch,-0.12605042016806733,-0.28851540616246507,0.1204481792717087,-0.28851540616246507,-0.365,0,0,旭源,2022-06-01,20,27.6,S2,radar_model,8421,2022-06-01
early_watch,-0.15665793291378216,-0.24934724083166548,0.022193257504347308,-0.24934724083166548,-0.2656449710879236,0,0,台汽電,2022-06-01,1,20.6,S2,random_top_n,8926,2022-06-01
early_watch,-0.2210045770271437,-0.27671230920090195,-0.009132367994271307,-0.27671230920090195,-0.27671230920090195,0,0,益航,2022-06-01,2,5.0,S2,random_top_n,2601,2022-06-01
early_watch,-0.11089866156787753,-0.3154875717017208,0.05162523900573612,-0.3154875717017208,-0.3490909090909091,0,0,三顧,2022-06-01,3,20.6,S2,random_top_n,3224,2022-06-01
early_watch,-0.2817307985745944,-0.361538446866549,0.009615384615384581,-0.361538446866549,-0.3676190330868676,0,0,南帝,2022-06-01,4,5.0,S2,random_top_n,2108,2022-06-01
early_watch,-0.2490039802793833,-0.34462149350866955,0.009960159211175323,-0.34462149350866955,-0.3510847922919942,0,0,新光鋼,2022-06-01,5,0.0,S2,random_top_n,2031,2022-06-01
early_watch,-0.02970295845517601,-0.13861382710708836,0.05940591691035202,-0.13861382710708836,-0.18691583731658257,0,0,士電,2022-06-01,6,9.6,S2,random_top_n,1503,2022-06-01
early_watch,0.12778603268945044,-0.2578008915304606,0.1797919762258544,-0.2578008915304606,-0.3222523744911805,0,0,立凱-KY,2022-06-01,7,4.0,S2,random_top_n,5227,2022-06-01
early_watch,-0.07547169811320753,-0.15094339622641506,0.05660377358490565,-0.15094339622641506,-0.1964285714285714,0,0,大魯閣,2022-06-01,8,25.6,S2,random_top_n,1432,2022-06-01
early_watch,0.03904562063637096,-0.008676740226058466,0.26464210773863917,-0.008676740226058466,-0.20411660149074184,0,0,神隆,2022-06-01,9,14.6,S2,random_top_n,1789,2022-06-01
early_watch,0.14893617021276606,-0.005319148936170248,0.5558510638297871,-0.005319148936170248,-0.2615384615384615,0,0,福裕,2022-06-01,10,8.0,S2,random_top_n,4513,2022-06-01
early_watch,-0.2659091082486239,-0.2727272727272727,0.02840909090909083,-0.2727272727272727,-0.2928176795580111,0,0,友達,2022-06-01,11,5.0,S2,random_top_n,2409,2022-06-01
early_watch,-0.140625,-0.22743055555555558,0.05208333333333326,-0.22743055555555558,-0.2656765676567657,0,0,海韻電,2022-06-01,12,22.6,S2,random_top_n,6203,2022-06-01
early_watch,-0.014005601941584733,-0.21568629127125694,0.0,-0.21568629127125694,-0.21568629127125694,0,0,正道,2022-06-01,13,3.0,S2,random_top_n,1506,2022-06-01
early_watch,-0.1967694274805868,-0.2900146907860103,0.05286341490138424,-0.2900146907860103,-0.3256624751459428,0,0,百和,2022-06-01,14,8.0,S2,random_top_n,9938,2022-06-01
early_watch,-0.2551020408163266,-0.37925170068027203,0.24149659863945594,-0.37925170068027203,-0.5,0,0,元創精密,2022-06-01,15,20.6,S2,random_top_n,3685,2022-06-01
early_watch,-0.04117651546702661,-0.15441176470588236,0.01176475076114425,-0.15441176470588236,-0.16424422311808462,0,0,德律,2022-06-01,16,12.6,S2,random_top_n,3030,2022-06-01
early_watch,-0.12149532710280375,-0.14953271028037385,0.032710280373831724,-0.14953271028037385,-0.17647058823529416,0,0,台灣大,2022-06-01,17,15.0,S2,random_top_n,3045,2022-06-01
early_watch,-0.25299600532623157,-0.42743009320905456,-0.013315579227696439,-0.42743009320905456,-0.42743009320905456,0,0,尼克森,2022-06-01,18,20.2,S2,random_top_n,3317,2022-06-01
early_watch,-0.12345384816247773,-0.21881579130961704,0.04506249987541877,-0.21881579130961704,-0.2525000095367431,0,0,台泥,2022-06-01,19,11.0,S2,random_top_n,1101,2022-06-01
early_watch,0.0016000098438480048,-0.039999989745991504,0.23520003711951065,-0.039999989745991504,-0.22279794251566676,0,0,建大,2022-06-01,20,18.6,S2,random_top_n,2106,2022-06-01
early_watch,0.022687609075043635,-0.2931937172774869,0.1029668411867366,-0.2931937172774869,-0.3158783783783784,0,0,波若威,2022-06-01,1,27.6,S2,breakout_120d_only,3163,2022-06-01
early_watch,0.26968982478995107,-0.04249782979908623,0.5076375941004161,-0.04249782979908623,-0.3560605787048641,0,0,虹堡,2022-06-01,2,26.6,S2,breakout_120d_only,5258,2022-06-01
early_watch,-0.14563106526437652,-0.21359221053647137,0.04368930106136548,-0.21359221053647137,-0.24651159242142073,0,0,皇鼎,2022-06-01,3,27.6,S2,breakout_120d_only,5533,2022-06-01
early_watch,0.032653081984747034,-0.10612249050010625,0.1360544217687074,-0.10612249050010625,-0.2131736892426085,0,0,帝寶,2022-06-01,4,27.6,S2,breakout_120d_only,6605,2022-06-01
early_watch,-0.5225375626043405,-0.5542570951585977,-0.04173622704507518,-0.5542570951585977,-0.5542570951585977,0,0,特昇-KY,2022-06-01,5,33.6,S2,breakout_120d_only,6616,2022-06-01
early_watch,0.39082976453936236,-0.12991268190847038,0.41484724081870294,-0.12991268190847038,-0.2108911386777096,0,0,裕隆,2022-06-01,6,32.6,S2,breakout_120d_only,2201,2022-06-01
early_watch,-0.3303030303030303,-0.406060606060606,0.051515151515151514,-0.406060606060606,-0.43515850144092216,0,0,中砂,2022-06-01,7,23.6,S2,breakout_120d_only,1560,2022-06-01
early_watch,-0.4746136865342163,-0.5452538631346578,-0.004415011037527616,-0.5452538631346578,-0.5452538631346578,0,0,三福化,2022-06-01,8,36.6,S2,breakout_120d_only,4755,2022-06-01
early_watch,-0.28056112224448904,-0.4288577154308617,0.2064128256513027,-0.4288577154308617,-0.526578073089701,0,0,五福,2022-06-01,9,33.6,S2,breakout_120d_only,2745,2022-06-01
early_watch,0.3707627118644068,-0.3008474576271186,0.4173728813559323,-0.3008474576271186,-0.3271317829457364,0,0,東哥遊艇,2022-06-01,10,20.6,S2,breakout_120d_only,8478,2022-06-01
early_watch,-0.07453416149068326,-0.2080745341614907,0.26086956521739135,-0.2080745341614907,-0.3719211822660099,0,0,鈺齊-KY,2022-06-01,11,36.6,S2,breakout_120d_only,9802,2022-06-01
early_watch,-0.24548736462093856,-0.3574007220216606,0.085439229843562,-0.3574007220216606,-0.4079822616407983,0,0,常珵,2022-06-01,12,13.6,S2,breakout_120d_only,8097,2022-06-01
early_watch,-0.20070422535211263,-0.34999997850874776,-0.017605633802816878,-0.34999997850874776,-0.34999997850874776,0,0,富鼎,2022-06-01,13,33.6,S2,breakout_120d_only,8261,2022-06-01
early_watch,-0.1266375545851528,-0.1266375545851528,0.008733624454148492,-0.1266375545851528,-0.1341991341991342,0,0,鴻海,2022-06-01,14,34.6,S2,breakout_120d_only,2317,2022-06-01
early_watch,0.061583577712609916,-0.07624633431085048,0.0997067448680351,-0.07624633431085048,-0.12398921832884102,0,0,可成,2022-06-01,15,34.6,S2,breakout_120d_only,2474,2022-06-01
early_watch,-0.28938906752411575,-0.4610932475884244,0.016077170418006492,-0.4610932475884244,-0.469620253164557,0,0,港建*,2022-06-01,16,6.6,S2,breakout_120d_only,3093,2022-06-01
early_watch,-0.08496732026143794,-0.14379084967320266,-0.0016339869281045694,-0.14379084967320266,-0.14379084967320266,0,0,是方,2022-06-01,17,29.6,S2,breakout_120d_only,6561,2022-06-01
early_watch,-0.228099173553719,-0.3537190082644628,-0.016528925619834656,-0.3537190082644628,-0.3537190082644628,0,0,原相,2022-06-01,1,20.6,S2,volume_expansion_only,3227,2022-06-01
early_watch,-0.2393013197108007,-0.3615720474217088,-0.05676859527694811,-0.3615720474217088,-0.3615720474217088,0,0,迅得,2022-06-01,2,21.6,S2,volume_expansion_only,6438,2022-06-01
early_watch,0.7129032258064516,-0.11612903225806459,0.7677419354838708,-0.11612903225806459,-0.2303370786516855,0,0,耀勝,2022-06-01,3,12.6,S2,volume_expansion_only,3207,2022-06-01
early_watch,-0.28787878787878785,-0.46212121212121215,-0.005681818181818232,-0.46212121212121215,-0.46212121212121215,0,0,矽創,2022-06-01,4,7.6,S2,volume_expansion_only,8016,2022-06-01
early_watch,-0.26041667042958616,-0.38920453662878873,-0.02840909131959124,-0.38920453662878873,-0.38920453662878873,0,0,佳凌,2022-06-01,5,21.6,S2,volume_expansion_only,4976,2022-06-01
early_watch,-0.32647063036855795,-0.4176470797317656,0.025882280205858033,-0.4176470797317656,-0.43233942967474104,0,0,勝一,2022-06-01,6,10.6,S2,volume_expansion_only,1773,2022-06-01
early_watch,-0.2860310421286031,-0.3625277161862528,0.029933481152993435,-0.3625277161862528,-0.38105489773950485,0,0,湧德,2022-06-01,7,8.6,S2,volume_expansion_only,3689,2022-06-01
early_watch,0.39082976453936236,-0.12991268190847038,0.41484724081870294,-0.12991268190847038,-0.2108911386777096,0,0,裕隆,2022-06-01,8,32.6,S2,volume_expansion_only,2201,2022-06-01
early_watch,0.021621602422395414,-0.12913855655871753,0.2837837220719852,-0.12913855655871753,-0.32164473776335123,0,0,亞力,2022-06-01,9,25.6,S2,volume_expansion_only,1514,2022-06-01
early_watch,-0.3297297159830729,-0.41261264010592624,-0.0045045045045044585,-0.41261264010592624,-0.41261264010592624,0,0,詠業,2022-06-01,10,9.6,S2,volume_expansion_only,6792,2022-06-01
early_watch,-0.27149756979827144,-0.49951691558395606,0.004830917874396157,-0.49951691558395606,-0.5019230842590332,0,0,聯茂,2022-06-01,11,19.6,S2,volume_expansion_only,6213,2022-06-01
early_watch,-0.3135922626384253,-0.46310680352368405,-0.004854368932038833,-0.46310680352368405,-0.46310680352368405,0,0,聯陽,2022-06-01,12,22.6,S2,volume_expansion_only,3014,2022-06-01
early_watch,-0.06708596879993545,-0.10796648728526237,-0.024109046278514956,-0.10796648728526237,-0.10796648728526237,0,0,南僑,2022-06-01,13,6.6,S2,volume_expansion_only,1702,2022-06-01
early_watch,-0.24485592767082587,-0.33950618349887496,-0.016460890168269016,-0.33950618349887496,-0.33950618349887496,0,0,國碩,2022-06-01,14,23.6,S2,volume_expansion_only,2406,2022-06-01
early_watch,-0.03673934562918457,-0.19977039989327605,0.005740528229154496,-0.19977039989327605,-0.20433792052139077,0,0,宇瞻,2022-06-01,15,9.6,S2,volume_expansion_only,8271,2022-06-01
early_watch,-0.40883188313245133,-0.494301972318121,0.028490029728556632,-0.494301972318121,-0.5083102285246801,0,0,昇貿,2022-06-01,16,9.6,S2,volume_expansion_only,3305,2022-06-01
early_watch,-0.4461538461538461,-0.5222672064777327,-0.01619433198380571,-0.5222672064777327,-0.5222672064777327,0,0,凌陽創新,2022-06-01,17,22.6,S2,volume_expansion_only,5236,2022-06-01
early_watch,0.3707627118644068,-0.3008474576271186,0.4173728813559323,-0.3008474576271186,-0.3271317829457364,0,0,東哥遊艇,2022-06-01,18,20.6,S2,volume_expansion_only,8478,2022-06-01
early_watch,-0.4535987399679078,-0.597939744147426,-0.004255302372219383,-0.597939744147426,-0.597939744147426,0,0,通嘉,2022-06-01,19,22.6,S2,volume_expansion_only,3588,2022-06-01
early_watch,-0.4106995884773663,-0.5440329218106996,0.0,-0.5440329218106996,-0.5440329218106996,0,0,點序,2022-06-01,20,9.6,S2,volume_expansion_only,6485,2022-06-01
early_watch,-0.4746136865342163,-0.5452538631346578,-0.004415011037527616,-0.5452538631346578,-0.5452538631346578,0,0,三福化,2022-06-01,1,36.6,S2,ma_alignment_only,4755,2022-06-01
early_watch,-0.07453416149068326,-0.2080745341614907,0.26086956521739135,-0.2080745341614907,-0.3719211822660099,0,0,鈺齊-KY,2022-06-01,2,36.6,S2,ma_alignment_only,9802,2022-06-01
early_watch,-0.28056112224448904,-0.4288577154308617,0.2064128256513027,-0.4288577154308617,-0.526578073089701,0,0,五福,2022-06-01,3,33.6,S2,ma_alignment_only,2745,2022-06-01
early_watch,-0.5225375626043405,-0.5542570951585977,-0.04173622704507518,-0.5542570951585977,-0.5542570951585977,0,0,特昇-KY,2022-06-01,4,33.6,S2,ma_alignment_only,6616,2022-06-01
early_watch,-0.20070422535211263,-0.34999997850874776,-0.017605633802816878,-0.34999997850874776,-0.34999997850874776,0,0,富鼎,2022-06-01,5,33.6,S2,ma_alignment_only,8261,2022-06-01
early_watch,-0.08496732026143794,-0.14379084967320266,-0.0016339869281045694,-0.14379084967320266,-0.14379084967320266,0,0,是方,2022-06-01,6,29.6,S2,ma_alignment_only,6561,2022-06-01
early_watch,0.47405660377358494,-0.11792452830188682,0.8419811320754715,-0.11792452830188682,-0.38540332906530084,0,0,泰茂,2022-06-01,7,27.6,S2,ma_alignment_only,2230,2022-06-01
early_watch,-0.1973293768545995,-0.33234421364985167,0.2106824925816022,-0.33234421364985167,-0.44852941176470584,0,0,易飛網,2022-06-01,8,27.6,S2,ma_alignment_only,2734,2022-06-01
early_watch,0.022687609075043635,-0.2931937172774869,0.1029668411867366,-0.2931937172774869,-0.3158783783783784,0,0,波若威,2022-06-01,9,27.6,S2,ma_alignment_only,3163,2022-06-01
early_watch,0.2755905511811023,-0.3228346456692913,0.2823397075365579,-0.3228346456692913,-0.3484848484848485,0,0,新盛力,2022-06-01,10,27.6,S2,ma_alignment_only,4931,2022-06-01
early_watch,-0.32484076433121023,-0.4012738853503184,0.09713375796178347,-0.4012738853503184,-0.45428156748911463,0,0,中探針,2022-06-01,11,27.6,S2,ma_alignment_only,6217,2022-06-01
early_watch,-0.32807570977917977,-0.43343848580441646,0.050473186119873725,-0.43343848580441646,-0.4606606606606607,0,0,大中,2022-06-01,12,27.6,S2,ma_alignment_only,6435,2022-06-01
early_watch,-0.12605042016806733,-0.28851540616246507,0.1204481792717087,-0.28851540616246507,-0.365,0,0,旭源,2022-06-01,13,27.6,S2,ma_alignment_only,8421,2022-06-01
early_watch,-0.06617645561488816,-0.10819326311541344,0.005252089367251855,-0.10819326311541344,-0.11285264033032016,0,0,華固,2022-06-01,14,27.6,S2,ma_alignment_only,2548,2022-06-01
early_watch,1.5093398797273028,-0.07596520388154693,1.5093398797273028,-0.07596520388154693,-0.21192052980132448,0,0,晶睿,2022-06-01,15,27.6,S2,ma_alignment_only,3454,2022-06-01
early_watch,0.0,-0.22436972225413598,0.008403361344537785,-0.22436972225413598,-0.22436972225413598,0,0,臻鼎-KY,2022-06-01,16,27.6,S2,ma_alignment_only,4958,2022-06-01
early_watch,-0.14563106526437652,-0.21359221053647137,0.04368930106136548,-0.21359221053647137,-0.24651159242142073,0,0,皇鼎,2022-06-01,17,27.6,S2,ma_alignment_only,5533,2022-06-01
early_watch,-0.023474178403755874,-0.2300469483568075,0.0,-0.2300469483568075,-0.2300469483568075,0,0,瑞儀,2022-06-01,18,27.6,S2,ma_alignment_only,6176,2022-06-01
early_watch,-0.17081259315721742,-0.3034825782520627,0.033167496273711405,-0.3034825782520627,-0.3258426883733353,0,0,矽格,2022-06-01,19,27.6,S2,ma_alignment_only,6257,2022-06-01
early_watch,0.26968982478995107,-0.04249782979908623,0.5076375941004161,-0.04249782979908623,-0.3560605787048641,0,0,虹堡,2022-06-01,20,26.6,S2,ma_alignment_only,5258,2022-06-01
early_watch,0.7319148936170214,0.0,1.3276595744680852,0.0,-0.30255164034021875,0,0,華星光,2022-07-01,1,29.6,S2,radar_model,4979,2022-07-01
early_watch,0.5142857142857145,-0.060317460317460325,0.6825396825396826,-0.060317460317460325,-0.21012658227848102,0,0,健喬,2022-07-01,2,27.6,S2,radar_model,4114,2022-07-01
early_watch,0.39482564679415066,-0.08211473565804284,0.6422947131608547,-0.08211473565804284,-0.35759717314487627,0,0,智擎,2022-07-01,3,27.6,S2,radar_model,4162,2022-07-01
early_watch,0.4653784219001611,-0.11594202898550732,0.7391304347826086,-0.11594202898550732,-0.29885057471264365,0,0,立端,2022-07-01,4,27.6,S2,radar_model,6245,2022-07-01
early_watch,0.26809210526315796,-0.016447368421052655,0.4358552631578947,-0.016447368421052655,-0.3019517795637199,0,0,廣積,2022-07-01,5,27.6,S2,radar_model,8050,2022-07-01
early_watch,-0.061453059375782715,-0.18972537955728608,0.03760874202433828,-0.18972537955728608,-0.2190942620029429,0,0,聯華食,2022-07-01,6,27.6,S2,radar_model,1231,2022-07-01
early_watch,0.33184849008510087,-0.04342985961404777,0.44766142073594595,-0.04342985961404777,-0.13494462350514191,0,0,生達,2022-07-01,7,27.6,S2,radar_model,1720,2022-07-01
early_watch,-0.13645224374473297,-0.13645224374473297,0.011695951223034351,-0.13645224374473297,-0.14643549258912392,0,0,宏盛,2022-07-01,8,27.6,S2,radar_model,2534,2022-07-01
early_watch,-0.13577984451153957,-0.1651376146788991,0.004587155963302836,-0.1651376146788991,-0.16894977168949776,0,0,台灣大,2022-07-01,9,27.6,S2,radar_model,3045,2022-07-01
early_watch,0.03065131131678167,-0.1532567027408892,0.27586202108650615,-0.1532567027408892,-0.3363363096755273,0,0,利勤,2022-07-01,10,27.6,S2,radar_model,4426,2022-07-01
early_watch,-0.23157898306149494,-0.23742693627786915,0.02456138566223509,-0.23742693627786915,-0.25570778442988606,0,0,遠傳,2022-07-01,11,27.6,S2,radar_model,4904,2022-07-01
early_watch,-0.2553431292240048,-0.3115860549774675,0.09448820451857531,-0.3115860549774675,-0.371017483623462,0,0,飛捷,2022-07-01,12,27.6,S2,radar_model,6206,2022-07-01
early_watch,0.3196721311475412,-0.07377049180327855,0.5491803278688525,-0.07377049180327855,-0.2844574780058652,0,0,亞元,2022-07-01,13,25.6,S2,radar_model,6109,2022-07-01
early_watch,-0.10683012259194402,-0.18563922942206657,0.1698774080560419,-0.18563922942206657,-0.30389221556886226,0,0,廣運,2022-07-01,14,25.6,S2,radar_model,6125,2022-07-01
early_watch,0.1472172351885097,-0.21903052064631956,0.3680430879712746,-0.21903052064631956,-0.21903052064631956,0,0,振曜,2022-07-01,15,25.6,S2,radar_model,6143,2022-07-01
early_watch,-0.02503688570594198,-0.060382948404731795,0.03976431351350018,-0.060382948404731795,-0.09631727172845661,0,0,統一,2022-07-01,16,25.6,S2,radar_model,1216,2022-07-01
early_watch,-0.19537035624186194,-0.269444430315936,-0.00462962962962965,-0.269444430315936,-0.269444430315936,0,0,台塑,2022-07-01,17,25.6,S2,radar_model,1301,2022-07-01
early_watch,0.2072072072072073,-0.11621622996287306,0.23423423423423428,-0.11621622996287306,-0.26681617162465154,0,0,中興電,2022-07-01,18,25.6,S2,radar_model,1513,2022-07-01
early_watch,0.42622950819672134,-0.11065573770491799,0.5573770491803278,-0.11065573770491799,-0.19753086419753085,0,0,寶齡富錦,2022-07-01,19,25.6,S2,radar_model,1760,2022-07-01
early_watch,0.24768517999124118,-0.20138888180623782,0.32407408729502274,-0.20138888180623782,-0.30161943680930314,0,0,和康生,2022-07-01,20,25.6,S2,radar_model,1783,2022-07-01
early_watch,0.0,-0.12418304238683364,0.11437902120977883,-0.12418304238683364,-0.21407623354002803,0,0,台榮,2022-07-01,1,14.0,S2,random_top_n,1220,2022-07-01
early_watch,-0.007299270072992692,-0.06569343065693434,0.15620433501083486,-0.06569343065693434,-0.19191916078198212,0,0,正新,2022-07-01,2,11.0,S2,random_top_n,2105,2022-07-01
early_watch,0.009900929817742599,-0.011881233621445997,0.19306930984752868,-0.011881233621445997,-0.17012451513930849,0,0,力麗,2022-07-01,3,14.0,S2,random_top_n,1444,2022-07-01
early_watch,0.086046511627907,-0.051162790697674376,0.3511627906976744,-0.051162790697674376,-0.2581755593803786,0,0,智邦,2022-07-01,4,11.0,S2,random_top_n,2345,2022-07-01
early_watch,0.2148148148148148,0.0185185185185186,0.560493827160494,0.0185185185185186,-0.31091772151898744,0,0,波若威,2022-07-01,5,9.0,S2,random_top_n,3163,2022-07-01
early_watch,-0.08885758696998436,-0.1988716782138824,0.047954886497962645,-0.1988716782138824,-0.2355316702006952,0,0,南茂,2022-07-01,6,14.0,S2,random_top_n,8150,2022-07-01
early_watch,0.20852017937219713,-0.05044843049327352,0.24439461883408065,-0.05044843049327352,-0.21597096188747733,0,0,類比科,2022-07-01,7,11.0,S2,random_top_n,3438,2022-07-01
early_watch,0.024347826086956514,-0.1399999999999999,0.0417391304347825,-0.1399999999999999,-0.174457429048414,0,0,頎邦,2022-07-01,8,14.0,S2,random_top_n,6147,2022-07-01
early_watch,-0.03296698478421556,-0.1020407802850184,0.10204084118274581,-0.1020407802850184,-0.1851851708587654,0,0,文曄,2022-07-01,9,9.0,S2,random_top_n,3036,2022-07-01
early_watch,-0.05188679245283023,-0.05660377358490565,0.0660377358490567,-0.05660377358490565,-0.11504424778761058,0,0,鴻海,2022-07-01,10,16.0,S2,random_top_n,2317,2022-07-01
early_watch,0.08018867924528306,-0.089622641509434,0.20283018867924518,-0.089622641509434,-0.2431372549019608,0,0,帆宣,2022-07-01,11,14.0,S2,random_top_n,6196,2022-07-01
early_watch,0.19756093839319733,-0.06585367714486468,0.36585365853658547,-0.06585367714486468,-0.12732914717031207,0,0,台郡,2022-07-01,12,12.0,S2,random_top_n,6269,2022-07-01
early_watch,-0.21837349397590367,-0.21837349397590367,0.11445783132530107,-0.21837349397590367,-0.2986486486486487,0,0,IET-KY,2022-07-01,13,14.0,S2,random_top_n,4971,2022-07-01
early_watch,0.12218653047584294,-0.02893889413154216,0.5305465559570393,-0.02893889413154216,-0.28991595965204187,0,0,燿華,2022-07-01,14,11.0,S2,random_top_n,2367,2022-07-01
early_watch,0.06666661822606645,-0.09206347995334196,0.2253967769562253,-0.09206347995334196,-0.25906731834084773,0,0,麗正,2022-07-01,15,11.0,S2,random_top_n,2302,2022-07-01
early_watch,-0.0972515549327303,-0.10359403361982278,0.2114164938963634,-0.10359403361982278,-0.26003486753180627,0,0,晶彩科,2022-07-01,16,11.0,S2,random_top_n,3535,2022-07-01
early_watch,-0.002185733057830097,-0.10737702419710082,0.30601104909299526,-0.10737702419710082,-0.31652724039141,0,0,矽統,2022-07-01,17,14.0,S2,random_top_n,2363,2022-07-01
early_watch,0.02506597086185236,-0.017150411048732273,0.2625329539772874,-0.017150411048732273,-0.2058516042855355,0,0,力鵬,2022-07-01,18,14.0,S2,random_top_n,1447,2022-07-01
early_watch,-0.23157898306149494,-0.23742693627786915,0.02456138566223509,-0.23742693627786915,-0.25570778442988606,0,0,遠傳,2022-07-01,19,27.6,S2,random_top_n,4904,2022-07-01
early_watch,0.4193548387096775,-0.1133640834263393,0.4193548387096775,-0.1133640834263393,-0.1598253541638237,0,0,美食-KY,2022-07-01,20,25.6,S2,random_top_n,2723,2022-07-01
early_watch,0.7319148936170214,0.0,1.3276595744680852,0.0,-0.30255164034021875,0,0,華星光,2022-07-01,1,29.6,S2,breakout_120d_only,4979,2022-07-01
early_watch,0.13756611531808982,-0.2513228212451871,0.1957671608059779,-0.2513228212451871,-0.37389384547892657,0,0,中租-KY,2022-07-01,1,0.0,S2,volume_expansion_only,5871,2022-07-01
early_watch,-0.21539964850679727,-0.23099419146223532,0.10331381835800624,-0.23099419146223532,-0.3030035555230981,0,0,大量,2022-07-01,2,12.0,S2,volume_expansion_only,3167,2022-07-01
early_watch,0.14285721154917264,-0.02521002072919387,0.2605042420877486,-0.02521002072919387,-0.09333330790201821,0,0,金寶,2022-07-01,3,12.0,S2,volume_expansion_only,2312,2022-07-01
early_watch,-0.0975006648108101,-0.2567652166825827,0.07356134212983556,-0.2567652166825827,-0.3076923002434907,0,0,裕融,2022-07-01,4,12.0,S2,volume_expansion_only,9941,2022-07-01
early_watch,-0.053763440860215006,-0.228494623655914,0.325268817204301,-0.228494623655914,-0.41784989858012167,0,0,雍智科技,2022-07-01,5,12.0,S2,volume_expansion_only,6683,2022-07-01
early_watch,0.047713748753113405,-0.13916501205118248,0.1630218864277393,-0.13916501205118248,-0.25982907287075985,0,0,立隆電,2022-07-01,6,12.0,S2,volume_expansion_only,2472,2022-07-01
early_watch,-0.019230769230769273,-0.10128207084460139,0.01794873751126813,-0.10128207084460139,-0.11040614518659775,0,0,福懋科,2022-07-01,7,12.0,S2,volume_expansion_only,8131,2022-07-01
early_watch,0.29267244449036767,-0.06382974781952544,0.41685935913168803,-0.06382974781952544,-0.22919701819316363,0,0,國巨*,2022-07-01,8,12.0,S2,volume_expansion_only,2327,2022-07-01
early_watch,0.2798982188295165,-0.14503816793893132,0.5165394402035624,-0.14503816793893132,-0.32718120805369133,0,0,家登,2022-07-01,9,12.0,S2,volume_expansion_only,3680,2022-07-01
early_watch,0.29447852760736204,-0.026993827585793717,0.39877300613496924,-0.026993827585793717,-0.18998976694810743,0,0,技嘉,2022-07-01,10,12.0,S2,volume_expansion_only,2376,2022-07-01
early_watch,-0.052229279925109506,-0.1541401079505872,0.07770698693147882,-0.1541401079505872,-0.2151299914480438,0,0,億光,2022-07-01,11,12.0,S2,volume_expansion_only,2393,2022-07-01
early_watch,-0.06447739416805687,-0.3056995852371923,0.10068026818966858,-0.3056995852371923,-0.3692079027593086,0,0,潤泰全,2022-07-01,12,12.0,S2,volume_expansion_only,2915,2022-07-01
early_watch,0.19756093839319733,-0.06585367714486468,0.36585365853658547,-0.06585367714486468,-0.12732914717031207,0,0,台郡,2022-07-01,13,12.0,S2,volume_expansion_only,6269,2022-07-01
early_watch,-0.16340422934674204,-0.2399999740275931,0.06382978723404253,-0.2399999740275931,-0.2855999755859375,0,0,順德,2022-07-01,14,12.0,S2,volume_expansion_only,2351,2022-07-01
early_watch,-0.023762376237623783,-0.1742574257425743,0.10099009900990108,-0.1742574257425743,-0.25,0,0,精華,2022-07-01,15,12.0,S2,volume_expansion_only,1565,2022-07-01
early_watch,0.0879284649776455,-0.02682563338301036,0.19076005961251874,-0.02682563338301036,-0.153942428035044,0,0,順達,2022-07-01,16,12.0,S2,volume_expansion_only,3211,2022-07-01
early_watch,0.0019083677711670965,-0.03816793781985395,0.10305338843386735,-0.03816793781985395,-0.12802764375188547,0,0,威健,2022-07-01,17,12.0,S2,volume_expansion_only,3033,2022-07-01
early_watch,-0.03211674376995899,-0.15474450327184075,-0.008759101811986802,-0.15474450327184075,-0.15474450327184075,0,0,創見,2022-07-01,18,0.0,S2,volume_expansion_only,2451,2022-07-01
early_watch,-0.41768707482993195,-0.5374149659863945,0.07346938775510203,-0.5374149659863945,-0.5690747782002534,0,0,鈊象,2022-07-01,19,5.6,S2,volume_expansion_only,3293,2022-07-01
early_watch,-0.008426966292134797,-0.1825842696629213,0.2050561797752808,-0.1825842696629213,-0.32167832167832167,0,0,璟德,2022-07-01,20,12.0,S2,volume_expansion_only,3152,2022-07-01
early_watch,0.7319148936170214,0.0,1.3276595744680852,0.0,-0.30255164034021875,0,0,華星光,2022-07-01,1,29.6,S2,ma_alignment_only,4979,2022-07-01
early_watch,0.5142857142857145,-0.060317460317460325,0.6825396825396826,-0.060317460317460325,-0.21012658227848102,0,0,健喬,2022-07-01,2,27.6,S2,ma_alignment_only,4114,2022-07-01
early_watch,0.39482564679415066,-0.08211473565804284,0.6422947131608547,-0.08211473565804284,-0.35759717314487627,0,0,智擎,2022-07-01,3,27.6,S2,ma_alignment_only,4162,2022-07-01
early_watch,0.4653784219001611,-0.11594202898550732,0.7391304347826086,-0.11594202898550732,-0.29885057471264365,0,0,立端,2022-07-01,4,27.6,S2,ma_alignment_only,6245,2022-07-01
early_watch,0.26809210526315796,-0.016447368421052655,0.4358552631578947,-0.016447368421052655,-0.3019517795637199,0,0,廣積,2022-07-01,5,27.6,S2,ma_alignment_only,8050,2022-07-01
early_watch,-0.061453059375782715,-0.18972537955728608,0.03760874202433828,-0.18972537955728608,-0.2190942620029429,0,0,聯華食,2022-07-01,6,27.6,S2,ma_alignment_only,1231,2022-07-01
early_watch,0.33184849008510087,-0.04342985961404777,0.44766142073594595,-0.04342985961404777,-0.13494462350514191,0,0,生達,2022-07-01,7,27.6,S2,ma_alignment_only,1720,2022-07-01
early_watch,-0.13645224374473297,-0.13645224374473297,0.011695951223034351,-0.13645224374473297,-0.14643549258912392,0,0,宏盛,2022-07-01,8,27.6,S2,ma_alignment_only,2534,2022-07-01
early_watch,-0.13577984451153957,-0.1651376146788991,0.004587155963302836,-0.1651376146788991,-0.16894977168949776,0,0,台灣大,2022-07-01,9,27.6,S2,ma_alignment_only,3045,2022-07-01
early_watch,0.03065131131678167,-0.1532567027408892,0.27586202108650615,-0.1532567027408892,-0.3363363096755273,0,0,利勤,2022-07-01,10,27.6,S2,ma_alignment_only,4426,2022-07-01
early_watch,-0.23157898306149494,-0.23742693627786915,0.02456138566223509,-0.23742693627786915,-0.25570778442988606,0,0,遠傳,2022-07-01,11,27.6,S2,ma_alignment_only,4904,2022-07-01
early_watch,-0.2553431292240048,-0.3115860549774675,0.09448820451857531,-0.3115860549774675,-0.371017483623462,0,0,飛捷,2022-07-01,12,27.6,S2,ma_alignment_only,6206,2022-07-01
early_watch,-0.0810810970038498,-0.26061776445628526,0.17181470380237696,-0.26061776445628526,-0.36902802708950355,0,0,連宇,2022-07-01,13,25.6,S2,ma_alignment_only,2482,2022-07-01
early_watch,0.1995249406175772,-0.07363420427553447,0.5676959619952493,-0.07363420427553447,-0.3378787878787879,0,0,巨虹,2022-07-01,14,24.6,S2,ma_alignment_only,8084,2022-07-01
early_watch,-0.07725318866953013,-0.1223175350833462,0.19527902546760734,-0.1223175350833462,-0.2657091388571017,0,0,東陽,2022-07-01,15,24.6,S2,ma_alignment_only,1319,2022-07-01
early_watch,0.05360821443315267,-0.11417528849811398,0.3058418808179897,-0.11417528849811398,-0.32164473776335123,0,0,亞力,2022-07-01,16,24.6,S2,ma_alignment_only,1514,2022-07-01
early_watch,0.02988047763352597,-0.07569719480693571,0.16135454882504674,-0.07569719480693571,-0.20411660149074184,0,0,神隆,2022-07-01,17,24.6,S2,ma_alignment_only,1789,2022-07-01
early_watch,-0.08219173822917047,-0.08828005577909448,0.1750380931367974,-0.08828005577909448,-0.22409328723374122,0,0,建大,2022-07-01,18,24.6,S2,ma_alignment_only,2106,2022-07-01
early_watch,0.39811912225705326,-0.13793103448275867,0.39811912225705326,-0.13793103448275867,-0.140625,0,0,八方雲集,2022-07-01,19,24.6,S2,ma_alignment_only,2753,2022-07-01
early_watch,-0.03508944643206646,-0.15087871010839105,0.24172513440097365,-0.15087871010839105,-0.3161761275765449,0,0,藥華藥,2022-07-01,20,24.6,S2,ma_alignment_only,6446,2022-07-01
early_watch,-0.15555555555555556,-0.28547008547008557,0.10769230769230775,-0.28547008547008557,-0.3549382716049383,0,0,萬在,2022-08-01,1,36.6,S2,radar_model,4543,2022-08-01
early_watch,-0.17586206896551726,-0.26206896551724135,0.17586206896551726,-0.26206896551724135,-0.3724340175953079,0,0,振樺電,2022-08-01,2,36.6,S2,radar_model,8114,2022-08-01
early_watch,-0.06060606060606066,-0.21043771043771042,0.0824915824915824,-0.21043771043771042,-0.27060653188180406,0,0,關中,2022-08-01,3,33.6,S2,radar_model,8941,2022-08-01
early_watch,0.13306451612903225,-0.157258064516129,0.185483870967742,-0.157258064516129,-0.18992248062015504,0,0,智崴,2022-08-01,4,33.2,S2,radar_model,5263,2022-08-01
early_watch,0.025495794485287604,-0.08215291144077441,0.11614737613121173,-0.08215291144077441,-0.17766496773869989,0,0,兆赫,2022-08-01,5,33.2,S2,radar_model,2485,2022-08-01
early_watch,-0.058690711487552005,-0.13092549293338085,0.0451467276398243,-0.13092549293338085,-0.16846650897603221,0,0,全台,2022-08-01,6,32.6,S2,radar_model,3038,2022-08-01
early_watch,0.0019305461446186278,-0.20463317819003513,0.1351351371254812,-0.20463317819003513,-0.29931970582455625,0,0,耿鼎,2022-08-01,7,31.6,S2,radar_model,1524,2022-08-01
early_watch,0.06134969325153383,-0.11533744203532403,0.1815951294694209,-0.11533744203532403,-0.17881553567124153,0,0,建準,2022-08-01,8,31.2,S2,radar_model,2421,2022-08-01
early_watch,-0.07101725657666125,-0.21209210907203058,0.14011519183741616,-0.21209210907203058,-0.3089225575021304,0,0,鉅祥,2022-08-01,9,31.2,S2,radar_model,2476,2022-08-01
early_watch,0.5710526315789475,-0.09605263157894728,0.5999999999999999,-0.09605263157894728,-0.22287968441814598,0,0,耀勝,2022-08-01,10,29.6,S2,radar_model,3207,2022-08-01
early_watch,0.3401015058049883,-0.17005075290249416,0.370558411020409,-0.17005075290249416,-0.26681617162465154,0,0,中興電,2022-08-01,11,29.6,S2,radar_model,1513,2022-08-01
early_watch,0.35624999999999996,-0.050000000000000044,0.7906249999999999,-0.050000000000000044,-0.3071553228621291,0,0,台鋼建設,2022-08-01,12,27.6,S2,radar_model,3521,2022-08-01
early_watch,0.05335365853658547,-0.20426829268292668,0.16463414634146356,-0.20426829268292668,-0.31675392670157065,0,0,其陽,2022-08-01,13,27.6,S2,radar_model,3564,2022-08-01
early_watch,-0.05412371134020599,-0.31443298969072153,0.03608247422680422,-0.31443298969072153,-0.3383084577114428,0,0,擎邦,2022-08-01,14,27.6,S2,radar_model,6122,2022-08-01
early_watch,0.43465909090909083,-0.22017045454545459,0.534090909090909,-0.22017045454545459,-0.29885057471264365,0,0,立端,2022-08-01,15,27.6,S2,radar_model,6245,2022-08-01
early_watch,-0.02517167665020348,-0.18306635835998752,0.052631560569927904,-0.18306635835998752,-0.2239130268926206,0,0,台南,2022-08-01,16,27.6,S2,radar_model,1473,2022-08-01
early_watch,-0.1335404050473893,-0.24844719908229285,-0.0015527713004930277,-0.24844719908229285,-0.24844719908229285,0,0,堤維西,2022-08-01,17,27.6,S2,radar_model,1522,2022-08-01
early_watch,-0.03882187436357876,-0.19009367507847452,0.022757759666504507,-0.19009367507847452,-0.20811519906178422,0,0,漢翔,2022-08-01,18,27.6,S2,radar_model,2634,2022-08-01
early_watch,0.26041666666666674,-0.02083333333333337,0.4340277777777777,-0.02083333333333337,-0.1719128329297821,0,0,拓凱,2022-08-01,19,27.6,S2,radar_model,4536,2022-08-01
early_watch,-0.176056338028169,-0.2535211267605634,-0.002816858425946256,-0.2535211267605634,-0.2535211267605634,0,0,致伸,2022-08-01,20,27.6,S2,radar_model,4915,2022-08-01
early_watch,-0.15000001315412848,-0.3551723874848465,0.06465517241379315,-0.3551723874848465,-0.39433195909507845,0,0,惠特,2022-08-01,1,9.0,S2,random_top_n,6706,2022-08-01
early_watch,0.2791519434628973,-0.05653710247349841,0.4605418138987043,-0.05653710247349841,-0.17096774193548392,0,0,九暘,2022-08-01,2,17.6,S2,random_top_n,8040,2022-08-01
early_watch,-0.19675092465091737,-0.2851986031873516,0.08844760967908472,-0.2851986031873516,-0.3432835990853077,0,0,中櫃,2022-08-01,3,19.6,S2,random_top_n,2613,2022-08-01
early_watch,-0.09375,-0.265625,-0.004687499999999956,-0.265625,-0.265625,0,0,元山,2022-08-01,4,22.6,S2,random_top_n,6275,2022-08-01
early_watch,-0.19424460431654678,-0.33525179856115106,0.018705035971223083,-0.33525179856115106,-0.34745762711864403,0,0,笙泉,2022-08-01,5,9.0,S2,random_top_n,3122,2022-08-01
early_watch,0.1481481228864483,-0.04469987054389302,0.1481481228864483,-0.04469987054389302,-0.121034025934742,0,0,零壹,2022-08-01,6,7.6,S2,random_top_n,3029,2022-08-01
early_watch,0.24031007751937983,-0.313953488372093,0.2651162790697674,-0.313953488372093,-0.3415178571428572,0,0,撼訊,2022-08-01,7,11.0,S2,random_top_n,6150,2022-08-01
early_watch,-0.09738378314600282,-0.2572674969842823,0.011627839925551386,-0.2572674969842823,-0.2658046035285293,0,0,慧洋-KY,2022-08-01,8,17.6,S2,random_top_n,2637,2022-08-01
early_watch,-0.12934135391326718,-0.20598798740409807,0.037125730228995124,-0.20598798740409807,-0.23441103672108698,0,0,健和興,2022-08-01,9,20.6,S2,random_top_n,3003,2022-08-01
early_watch,0.12108262108262102,-0.13390313390313402,0.2435897435897434,-0.13390313390313402,-0.3019517795637199,0,0,廣積,2022-08-01,10,23.6,S2,random_top_n,8050,2022-08-01
early_watch,-0.05410119573118721,-0.19197207934490534,0.03664925509213823,-0.19197207934490534,-0.22053875340577322,0,0,台航,2022-08-01,11,17.6,S2,random_top_n,2617,2022-08-01
early_watch,0.0012019964805749517,-0.062499965612703656,0.10937507737141683,-0.062499965612703656,-0.15492960540574408,0,0,美律,2022-08-01,12,20.6,S2,random_top_n,2439,2022-08-01
early_watch,0.0949367058046009,-0.04852326957209241,0.12025309630275371,-0.04852326957209241,-0.09126215073668842,0,0,英業達,2022-08-01,13,16.6,S2,random_top_n,2356,2022-08-01
early_watch,0.03793107739470214,-0.20646556804750127,0.04698278108873555,-0.20646556804750127,-0.20646556804750127,0,0,燁輝,2022-08-01,14,0.0,S2,random_top_n,2023,2022-08-01
early_watch,0.10751603493238204,-0.02936792419858847,0.12410810251823956,-0.02936792419858847,-0.09652510271927561,0,0,臺企銀,2022-08-01,15,23.6,S2,random_top_n,2834,2022-08-01
early_watch,0.5103448275862068,-0.051724137931034475,0.5827586206896551,-0.051724137931034475,-0.13211845102505693,0,0,八方雲集,2022-08-01,16,11.0,S2,random_top_n,2753,2022-08-01
early_watch,0.567723342939481,-0.043227665706051854,0.6224783861671468,-0.043227665706051854,-0.263671875,0,0,老爺知,2022-08-01,17,22.6,S2,random_top_n,5704,2022-08-01
early_watch,0.022935780619202317,-0.14334862887001487,0.22133031797252678,-0.14334862887001487,-0.2985915779507776,0,0,台表科,2022-08-01,18,17.6,S2,random_top_n,6278,2022-08-01
early_watch,0.05235602163951958,-0.08900521015753371,0.13787081703959392,-0.08900521015753371,-0.16613415279045107,0,0,敬鵬,2022-08-01,19,17.6,S2,random_top_n,2355,2022-08-01
early_watch,0.06813183459606797,-0.1582417750096583,0.08131869808658143,-0.1582417750096583,-0.20703934074448205,0,0,台聚,2022-08-01,20,9.0,S2,random_top_n,1304,2022-08-01
early_watch,-0.1779661261573322,-0.3542373137099383,0.14067793607963774,-0.3542373137099383,-0.4338781650239818,0,0,光聖,2022-08-01,1,24.6,S2,breakout_120d_only,6442,2022-08-01
early_watch,1.564402764485151,-0.09718972954868921,1.564402764485151,-0.09718972954868921,-0.25,0,0,高力,2022-08-01,2,16.6,S2,breakout_120d_only,8996,2022-08-01
early_watch,-0.21544715447154472,-0.4505420054200542,-0.03387533875338755,-0.4505420054200542,-0.4505420054200542,0,0,明達醫,2022-08-01,3,18.6,S2,breakout_120d_only,6527,2022-08-01
early_watch,-0.06060606060606066,-0.21043771043771042,0.0824915824915824,-0.21043771043771042,-0.27060653188180406,0,0,關中,2022-08-01,4,33.6,S2,breakout_120d_only,8941,2022-08-01
early_watch,-0.17586206896551726,-0.26206896551724135,0.17586206896551726,-0.26206896551724135,-0.3724340175953079,0,0,振樺電,2022-08-01,5,36.6,S2,breakout_120d_only,8114,2022-08-01
early_watch,0.0019305461446186278,-0.20463317819003513,0.1351351371254812,-0.20463317819003513,-0.29931970582455625,0,0,耿鼎,2022-08-01,6,31.6,S2,breakout_120d_only,1524,2022-08-01
early_watch,-0.15555555555555556,-0.28547008547008557,0.10769230769230775,-0.28547008547008557,-0.3549382716049383,0,0,萬在,2022-08-01,7,36.6,S2,breakout_120d_only,4543,2022-08-01
early_watch,-0.1121951219512195,-0.35121951219512193,-0.04878048780487809,-0.35121951219512193,-0.35121951219512193,0,0,欣技,2022-08-01,8,23.6,S2,breakout_120d_only,6160,2022-08-01
early_watch,-0.1686746796912384,-0.3493975754105344,0.26506027003507193,-0.3493975754105344,-0.48571428571428577,0,0,誠研,2022-08-01,9,13.6,S2,breakout_120d_only,3494,2022-08-01
early_watch,0.12108262108262102,-0.13390313390313402,0.2435897435897434,-0.13390313390313402,-0.3019517795637199,0,0,廣積,2022-08-01,10,23.6,S2,breakout_120d_only,8050,2022-08-01
early_watch,-0.058690711487552005,-0.13092549293338085,0.0451467276398243,-0.13092549293338085,-0.16846650897603221,0,0,全台,2022-08-01,11,32.6,S2,breakout_120d_only,3038,2022-08-01
early_watch,0.3401015058049883,-0.17005075290249416,0.370558411020409,-0.17005075290249416,-0.26681617162465154,0,0,中興電,2022-08-01,12,29.6,S2,breakout_120d_only,1513,2022-08-01
early_watch,0.5710526315789475,-0.09605263157894728,0.5999999999999999,-0.09605263157894728,-0.22287968441814598,0,0,耀勝,2022-08-01,13,29.6,S2,breakout_120d_only,3207,2022-08-01
early_watch,-0.25555555973204014,-0.49851851740478936,0.04814818434434742,-0.49851851740478936,-0.5215547857778292,0,0,晉弘,2022-08-01,14,2.6,S2,breakout_120d_only,6796,2022-08-01
early_watch,-0.10899652803145843,-0.1591695654736366,0.2301037960660175,-0.1591695654736366,-0.2967651044577877,0,0,全友,2022-08-01,15,0.0,S2,breakout_120d_only,2305,2022-08-01
early_watch,-0.07101725657666125,-0.21209210907203058,0.14011519183741616,-0.21209210907203058,-0.3089225575021304,0,0,鉅祥,2022-08-01,1,31.2,S2,volume_expansion_only,2476,2022-08-01
early_watch,0.017331022301169563,-0.2495667475818819,0.034662044602338904,-0.2495667475818819,-0.25982907287075985,0,0,立隆電,2022-08-01,2,20.6,S2,volume_expansion_only,2472,2022-08-01
early_watch,-0.1284553093638846,-0.16260162601626016,0.14308948051638715,-0.16260162601626016,-0.2674253518583273,0,0,榮運,2022-08-01,3,20.6,S2,volume_expansion_only,2607,2022-08-01
early_watch,0.10751603493238204,-0.02936792419858847,0.12410810251823956,-0.02936792419858847,-0.09652510271927561,0,0,臺企銀,2022-08-01,4,23.6,S2,volume_expansion_only,2834,2022-08-01
early_watch,0.01208463880116617,-0.151057351152465,0.021148060278212366,-0.151057351152465,-0.1686390232027274,0,0,春源,2022-08-01,5,20.6,S2,volume_expansion_only,2010,2022-08-01
early_watch,0.1481481228864483,-0.04469987054389302,0.1481481228864483,-0.04469987054389302,-0.121034025934742,0,0,零壹,2022-08-01,6,7.6,S2,volume_expansion_only,3029,2022-08-01
early_watch,-0.03322264221767357,-0.16389805768649912,0.046511676919931855,-0.16389805768649912,-0.20105818142966525,0,0,中工,2022-08-01,7,21.6,S2,volume_expansion_only,2515,2022-08-01
early_watch,0.06134969325153383,-0.11533744203532403,0.1815951294694209,-0.11533744203532403,-0.17881553567124153,0,0,建準,2022-08-01,8,31.2,S2,volume_expansion_only,2421,2022-08-01
early_watch,0.017021276595744705,-0.22808510638297874,0.07659574468085117,-0.22808510638297874,-0.28300395256917,0,0,大田,2022-08-01,9,22.6,S2,volume_expansion_only,8924,2022-08-01
early_watch,-0.09375,-0.265625,-0.004687499999999956,-0.265625,-0.265625,0,0,元山,2022-08-01,10,22.6,S2,volume_expansion_only,6275,2022-08-01
early_watch,0.025495794485287604,-0.08215291144077441,0.11614737613121173,-0.08215291144077441,-0.17766496773869989,0,0,兆赫,2022-08-01,11,33.2,S2,volume_expansion_only,2485,2022-08-01
early_watch,0.05719554299786633,-0.27306271270719984,0.07011068604373327,-0.27306271270719984,-0.2888086563052882,0,0,中鴻,2022-08-01,12,22.6,S2,volume_expansion_only,2014,2022-08-01
early_watch,0.11324041562385512,-0.03832755659292619,0.27526130986191366,-0.03832755659292619,-0.1965065634167673,0,0,杏輝,2022-08-01,13,7.6,S2,volume_expansion_only,1734,2022-08-01
early_watch,0.1686143572621035,-0.27128547579298834,0.1769616026711185,-0.27128547579298834,-0.3049363057324841,0,0,網家,2022-08-01,14,14.0,S2,volume_expansion_only,8044,2022-08-01
early_watch,0.2188154025145883,-0.083623663211978,0.2379791701808469,-0.083623663211978,-0.1789173397515138,0,0,為升,2022-08-01,15,25.6,S2,volume_expansion_only,2231,2022-08-01
early_watch,0.33429394812680124,-0.014409221902017322,0.48703170028818454,-0.014409221902017322,-0.33720930232558144,0,0,長聖,2022-08-01,16,22.6,S2,volume_expansion_only,6712,2022-08-01
early_watch,-0.061046511627906974,-0.2616279069767442,0.1308139534883721,-0.2616279069767442,-0.34704370179948585,0,0,旭源,2022-08-01,17,9.6,S2,volume_expansion_only,8421,2022-08-01
early_watch,-0.15555555555555556,-0.28547008547008557,0.10769230769230775,-0.28547008547008557,-0.3549382716049383,0,0,萬在,2022-08-01,18,36.6,S2,volume_expansion_only,4543,2022-08-01
early_watch,-0.06230028444479763,-0.18690091427205036,0.022364242172588256,-0.18690091427205036,-0.2046874761581421,0,0,遠雄,2022-08-01,19,6.6,S2,volume_expansion_only,5522,2022-08-01
early_watch,0.43465909090909083,-0.22017045454545459,0.534090909090909,-0.22017045454545459,-0.29885057471264365,0,0,立端,2022-08-01,20,27.6,S2,volume_expansion_only,6245,2022-08-01
early_watch,-0.15555555555555556,-0.28547008547008557,0.10769230769230775,-0.28547008547008557,-0.3549382716049383,0,0,萬在,2022-08-01,1,36.6,S2,ma_alignment_only,4543,2022-08-01
early_watch,-0.17586206896551726,-0.26206896551724135,0.17586206896551726,-0.26206896551724135,-0.3724340175953079,0,0,振樺電,2022-08-01,2,36.6,S2,ma_alignment_only,8114,2022-08-01
early_watch,-0.06060606060606066,-0.21043771043771042,0.0824915824915824,-0.21043771043771042,-0.27060653188180406,0,0,關中,2022-08-01,3,33.6,S2,ma_alignment_only,8941,2022-08-01
early_watch,-0.058690711487552005,-0.13092549293338085,0.0451467276398243,-0.13092549293338085,-0.16846650897603221,0,0,全台,2022-08-01,4,32.6,S2,ma_alignment_only,3038,2022-08-01
early_watch,0.0019305461446186278,-0.20463317819003513,0.1351351371254812,-0.20463317819003513,-0.29931970582455625,0,0,耿鼎,2022-08-01,5,31.6,S2,ma_alignment_only,1524,2022-08-01
early_watch,0.5710526315789475,-0.09605263157894728,0.5999999999999999,-0.09605263157894728,-0.22287968441814598,0,0,耀勝,2022-08-01,6,29.6,S2,ma_alignment_only,3207,2022-08-01
early_watch,0.3401015058049883,-0.17005075290249416,0.370558411020409,-0.17005075290249416,-0.26681617162465154,0,0,中興電,2022-08-01,7,29.6,S2,ma_alignment_only,1513,2022-08-01
early_watch,0.35624999999999996,-0.050000000000000044,0.7906249999999999,-0.050000000000000044,-0.3071553228621291,0,0,台鋼建設,2022-08-01,8,27.6,S2,ma_alignment_only,3521,2022-08-01
early_watch,0.05335365853658547,-0.20426829268292668,0.16463414634146356,-0.20426829268292668,-0.31675392670157065,0,0,其陽,2022-08-01,9,27.6,S2,ma_alignment_only,3564,2022-08-01
early_watch,-0.05412371134020599,-0.31443298969072153,0.03608247422680422,-0.31443298969072153,-0.3383084577114428,0,0,擎邦,2022-08-01,10,27.6,S2,ma_alignment_only,6122,2022-08-01
early_watch,0.43465909090909083,-0.22017045454545459,0.534090909090909,-0.22017045454545459,-0.29885057471264365,0,0,立端,2022-08-01,11,27.6,S2,ma_alignment_only,6245,2022-08-01
early_watch,-0.02517167665020348,-0.18306635835998752,0.052631560569927904,-0.18306635835998752,-0.2239130268926206,0,0,台南,2022-08-01,12,27.6,S2,ma_alignment_only,1473,2022-08-01
early_watch,-0.1335404050473893,-0.24844719908229285,-0.0015527713004930277,-0.24844719908229285,-0.24844719908229285,0,0,堤維西,2022-08-01,13,27.6,S2,ma_alignment_only,1522,2022-08-01
early_watch,-0.03882187436357876,-0.19009367507847452,0.022757759666504507,-0.19009367507847452,-0.20811519906178422,0,0,漢翔,2022-08-01,14,27.6,S2,ma_alignment_only,2634,2022-08-01
early_watch,0.26041666666666674,-0.02083333333333337,0.4340277777777777,-0.02083333333333337,-0.1719128329297821,0,0,拓凱,2022-08-01,15,27.6,S2,ma_alignment_only,4536,2022-08-01
early_watch,-0.176056338028169,-0.2535211267605634,-0.002816858425946256,-0.2535211267605634,-0.2535211267605634,0,0,致伸,2022-08-01,16,27.6,S2,ma_alignment_only,4915,2022-08-01
early_watch,0.004005279255697047,-0.1228304992017657,0.11481973696822534,-0.1228304992017657,-0.2131736892426085,0,0,帝寶,2022-08-01,17,27.6,S2,ma_alignment_only,6605,2022-08-01
early_watch,0.1941747572815533,-0.20776699029126222,0.41747572815533984,-0.20776699029126222,-0.35759717314487627,0,0,智擎,2022-08-01,18,24.6,S2,ma_alignment_only,4162,2022-08-01
early_watch,0.011666666666666714,-0.14500000000000002,0.19666666666666655,-0.14500000000000002,-0.28551532033426186,0,0,晟田,2022-08-01,19,24.6,S2,ma_alignment_only,4541,2022-08-01
early_watch,0.04669260700389111,-0.035019455252918275,0.31906614785992216,-0.035019455252918275,-0.2625368731563421,0,0,振發,2022-08-01,20,24.6,S2,ma_alignment_only,5426,2022-08-01
early_watch,0.24137931034482762,-0.4011494252873563,0.33333333333333326,-0.4011494252873563,-0.4011494252873563,0,0,先進光,2022-09-01,1,36.6,S2,radar_model,3362,2022-09-01
early_watch,0.5034013605442176,-0.23809523809523814,0.8571428571428572,-0.23809523809523814,-0.23809523809523814,0,0,營邦,2022-09-01,2,36.6,S2,radar_model,3693,2022-09-01
early_watch,-0.22171945701357465,-0.3674208006707791,0.03167420814479649,-0.3674208006707791,-0.38684209187825525,0,0,揚明光,2022-09-01,3,36.6,S2,radar_model,3504,2022-09-01
early_watch,-0.12962961352876468,-0.13390310711996434,0.018518562795897253,-0.13390310711996434,-0.14965036032083157,0,0,藍天,2022-09-01,4,33.2,S2,radar_model,2362,2022-09-01
early_watch,-0.19301848049281312,-0.29774127310061604,0.05954825462012314,-0.29774127310061604,-0.33720930232558144,0,0,長聖,2022-09-01,5,30.2,S2,radar_model,6712,2022-09-01
early_watch,0.3789473684210527,-0.06842105263157894,0.4421052631578948,-0.06842105263157894,-0.10606060606060608,0,0,豆府,2022-09-01,6,29.6,S2,radar_model,2752,2022-09-01
early_watch,-0.338762222119398,-0.4188924880937891,-0.006514687915523232,-0.4188924880937891,-0.4188924880937891,0,0,澤米,2022-09-01,7,29.6,S2,radar_model,6742,2022-09-01
early_watch,-0.09199318568994896,-0.3679727427597955,0.03747870528109032,-0.3679727427597955,-0.3908045977011494,0,0,其祥-KY,2022-09-01,8,28.2,S2,radar_model,1258,2022-09-01
early_watch,0.015028901734104094,-0.18497109826589597,0.10751445086705202,-0.18497109826589597,-0.19703872437357628,0,0,訊聯,2022-09-01,9,27.6,S2,radar_model,1784,2022-09-01
early_watch,-0.008168028004667427,-0.18436406067677946,0.061843640606767725,-0.18436406067677946,-0.22762430939226508,0,0,世德,2022-09-01,10,27.6,S2,radar_model,2066,2022-09-01
early_watch,0.6978260869565216,-0.14347826086956528,0.8,-0.14347826086956528,-0.19427402862985688,0,0,耀勝,2022-09-01,11,27.6,S2,radar_model,3207,2022-09-01
early_watch,-0.13172043010752688,-0.3091397849462365,0.051075268817204256,-0.3091397849462365,-0.34271099744245526,0,0,同致,2022-09-01,12,27.6,S2,radar_model,3552,2022-09-01
early_watch,0.17922077922077917,-0.18961038961038967,0.37662337662337664,-0.18961038961038967,-0.21012658227848102,0,0,健喬,2022-09-01,13,27.6,S2,radar_model,4114,2022-09-01
early_watch,-0.018050541516245522,-0.23465703971119134,0.41516245487364634,-0.23465703971119134,-0.30612244897959195,0,0,健亞,2022-09-01,14,27.6,S2,radar_model,4130,2022-09-01
early_watch,-0.248046875,-0.3574218750000001,-0.0439453125,-0.3574218750000001,-0.3574218750000001,0,0,永昕,2022-09-01,15,27.6,S2,radar_model,4726,2022-09-01
early_watch,-0.30097087378640774,-0.41941747572815535,-0.015533980582524198,-0.41941747572815535,-0.41941747572815535,0,0,亞矽,2022-09-01,16,27.6,S2,radar_model,6113,2022-09-01
early_watch,-0.10790273556231,-0.29331306990881456,0.0075987841945288626,-0.29331306990881456,-0.2986425339366515,0,0,廣運,2022-09-01,17,27.6,S2,radar_model,6125,2022-09-01
early_watch,-0.08437499999999998,-0.12187499999999996,0.1343749999999999,-0.12187499999999996,-0.22589531680440766,0,0,胡連,2022-09-01,18,27.6,S2,radar_model,6279,2022-09-01
early_watch,-0.18865248226950349,-0.30354609929078014,-0.0028368794326241176,-0.30354609929078014,-0.30354609929078014,0,0,伍豐,2022-09-01,19,27.6,S2,radar_model,8076,2022-09-01
early_watch,-0.11599999999999999,-0.2293333333333334,0.06666666666666665,-0.2293333333333334,-0.2775000000000001,0,0,盛弘,2022-09-01,20,27.6,S2,radar_model,8403,2022-09-01
early_watch,0.0046674625451910146,-0.17152855859633376,0.05600937249340543,-0.17152855859633376,-0.17152855859633376,0,0,晶技,2022-09-01,1,9.0,S2,random_top_n,3042,2022-09-01
early_watch,-0.07862409589567643,-0.1891892043881952,0.02457002410944864,-0.1891892043881952,-0.2086331080039574,0,0,統一實,2022-09-01,2,22.6,S2,random_top_n,9907,2022-09-01
early_watch,-0.1359127599073937,-0.3392857488045662,0.03968247627013044,-0.3392857488045662,-0.36450381123499187,0,0,台揚,2022-09-01,3,18.6,S2,random_top_n,2314,2022-09-01
early_watch,-0.005586592178770999,-0.02420856610800748,0.07076350093109873,-0.02420856610800748,-0.08869565217391306,0,0,統一超,2022-09-01,4,13.0,S2,random_top_n,2912,2022-09-01
early_watch,-0.004878048780487809,-0.11804876560118138,0.009756097560975618,-0.11804876560118138,-0.11804876560118138,0,0,中保科,2022-09-01,5,14.0,S2,random_top_n,9917,2022-09-01
early_watch,-0.10284465392724751,-0.16630201667264743,-0.004376384236335573,-0.16630201667264743,-0.16630201667264743,0,0,運錩,2022-09-01,6,13.0,S2,random_top_n,2069,2022-09-01
early_watch,-0.05405406624492348,-0.2145270371498026,0.0016891633924385197,-0.2145270371498026,-0.21585159193494508,0,0,仲琦,2022-09-01,7,24.6,S2,random_top_n,2419,2022-09-01
early_watch,0.05608586500301649,-0.07279236961027247,0.10023865774622309,-0.07279236961027247,-0.15726681310302248,0,0,啟碁,2022-09-01,8,22.6,S2,random_top_n,6285,2022-09-01
early_watch,-0.05385876712802928,-0.17957354931503533,0.013397072843555957,-0.17957354931503533,-0.17957354931503533,0,0,國泰金,2022-09-01,9,14.0,S2,random_top_n,2882,2022-09-01
early_watch,-0.12144426352921045,-0.16849019484066385,0.01641133620305113,-0.16849019484066385,-0.18191604565769703,0,0,力鵬,2022-09-01,10,20.6,S2,random_top_n,1447,2022-09-01
early_watch,-0.06936416184971095,-0.26878612716763006,0.023121387283236983,-0.26878612716763006,-0.2853107344632768,0,0,台勝科,2022-09-01,11,14.0,S2,random_top_n,3532,2022-09-01
early_watch,0.09715639810426535,-0.2808056872037915,0.13625592417061605,-0.2808056872037915,-0.2808056872037915,0,0,聯一光,2022-09-01,12,14.6,S2,random_top_n,3441,2022-09-01
early_watch,0.47263681592039797,-0.042786100017490725,0.6716417910447761,-0.042786100017490725,-0.13988095238095233,0,0,美食-KY,2022-09-01,13,19.6,S2,random_top_n,2723,2022-09-01
early_watch,-0.1703238865428478,-0.318704294384622,0.060606094427512414,-0.318704294384622,-0.357635498046875,0,0,詠業,2022-09-01,14,0.0,S2,random_top_n,6792,2022-09-01
early_watch,0.054123696744864835,-0.10695876775171176,0.06185568713099121,-0.10695876775171176,-0.10810813517651163,0,0,豐藝,2022-09-01,15,6.0,S2,random_top_n,6189,2022-09-01
early_watch,0.029824561403508865,-0.13859649122807016,0.08070175438596494,-0.13859649122807016,-0.14160839160839156,0,0,新普,2022-09-01,16,18.6,S2,random_top_n,6121,2022-09-01
early_watch,0.021739130434782705,-0.24782612012780236,0.10434780950131617,-0.24782612012780236,-0.24782612012780236,0,0,燁興,2022-09-01,17,11.0,S2,random_top_n,2007,2022-09-01
early_watch,-0.13053100500645254,-0.289823054595153,-0.017699097866309854,-0.289823054595153,-0.289823054595153,0,0,國碩,2022-09-01,18,23.6,S2,random_top_n,2406,2022-09-01
early_watch,0.24728850325379614,-0.24728850325379614,0.331887201735358,-0.24728850325379614,-0.2800829875518672,0,0,鈺太,2022-09-01,19,12.0,S2,random_top_n,6679,2022-09-01
early_watch,-0.4901856844874213,-0.5681697531783612,0.1564986737400531,-0.5681697531783612,-0.6266054975877114,0,0,北極星藥業-KY,2022-09-01,20,6.6,S2,random_top_n,6550,2022-09-01
early_watch,-0.20769230769230773,-0.32948717948717954,0.13076923076923075,-0.32948717948717954,-0.40702947845804993,0,0,醣聯,2022-09-01,1,6.6,S2,breakout_120d_only,4168,2022-09-01
early_watch,-0.06779661016949157,-0.3405238828967644,0.06317411402157158,-0.3405238828967644,-0.3797101449275363,0,0,德英,2022-09-01,2,15.6,S2,breakout_120d_only,4911,2022-09-01
early_watch,0.02447552447552437,-0.25874125874125875,0.07867132867132876,-0.25874125874125875,-0.25874125874125875,0,0,維田,2022-09-01,3,24.6,S2,breakout_120d_only,6570,2022-09-01
early_watch,0.5090252016521908,-0.009025270509540273,0.5595667715914958,-0.009025270509540273,-0.2400000179515166,0,0,東科-KY,2022-09-01,4,14.6,S2,breakout_120d_only,5225,2022-09-01
early_watch,-0.26575342465753427,-0.26575342465753427,0.3671232876712329,-0.26575342465753427,-0.46292585170340683,0,0,愛地雅,2022-09-01,5,25.6,S2,breakout_120d_only,8933,2022-09-01
early_watch,0.24137931034482762,-0.4011494252873563,0.33333333333333326,-0.4011494252873563,-0.4011494252873563,0,0,先進光,2022-09-01,6,36.6,S2,breakout_120d_only,3362,2022-09-01
early_watch,0.5034013605442176,-0.23809523809523814,0.8571428571428572,-0.23809523809523814,-0.23809523809523814,0,0,營邦,2022-09-01,7,36.6,S2,breakout_120d_only,3693,2022-09-01
early_watch,-0.3046846845947514,-0.36112261328504414,0.03606553776767085,-0.36112261328504414,-0.3833619945592489,0,0,佳和,2022-09-01,8,23.6,S2,breakout_120d_only,1449,2022-09-01
early_watch,-0.22171945701357465,-0.3674208006707791,0.03167420814479649,-0.3674208006707791,-0.38684209187825525,0,0,揚明光,2022-09-01,9,36.6,S2,breakout_120d_only,3504,2022-09-01
early_watch,-0.338762222119398,-0.4188924880937891,-0.006514687915523232,-0.4188924880937891,-0.4188924880937891,0,0,澤米,2022-09-01,10,29.6,S2,breakout_120d_only,6742,2022-09-01
early_watch,-0.4901856844874213,-0.5681697531783612,0.1564986737400531,-0.5681697531783612,-0.6266054975877114,0,0,北極星藥業-KY,2022-09-01,11,6.6,S2,breakout_120d_only,6550,2022-09-01
early_watch,0.3789473684210527,-0.06842105263157894,0.4421052631578948,-0.06842105263157894,-0.10606060606060608,0,0,豆府,2022-09-01,12,29.6,S2,breakout_120d_only,2752,2022-09-01
early_watch,-0.008982035928143728,-0.3173652694610778,0.16167664670658688,-0.3173652694610778,-0.3173652694610778,0,0,穩懋,2022-09-01,1,15.0,S2,volume_expansion_only,3105,2022-09-01
early_watch,-0.13191494655723368,-0.2400000152338162,-0.021276563332305876,-0.2400000152338162,-0.2400000152338162,0,0,瑞軒,2022-09-01,2,15.0,S2,volume_expansion_only,2489,2022-09-01
early_watch,-0.04416408492695212,-0.11356467807024462,0.03312300352648889,-0.11356467807024462,-0.13282443912884656,0,0,乙盛-KY,2022-09-01,3,12.0,S2,volume_expansion_only,5243,2022-09-01
early_watch,0.0024189729338011112,-0.10948907033863475,0.03534513185095545,-0.10948907033863475,-0.11594204439526845,0,0,台中銀,2022-09-01,4,23.6,S2,volume_expansion_only,2812,2022-09-01
early_watch,0.07736380602276194,-0.13467050307875572,0.17908308672610018,-0.13467050307875572,-0.1668965306775323,0,0,廣宇,2022-09-01,5,4.0,S2,volume_expansion_only,2328,2022-09-01
early_watch,-0.12962961352876468,-0.13390310711996434,0.018518562795897253,-0.13390310711996434,-0.14965036032083157,0,0,藍天,2022-09-01,6,33.2,S2,volume_expansion_only,2362,2022-09-01
early_watch,-0.08398437500000011,-0.263671875,0.013671875,-0.263671875,-0.263671875,0,0,優盛,2022-09-01,7,20.2,S2,volume_expansion_only,4121,2022-09-01
early_watch,-0.050724637681159424,-0.22101449275362317,0.2028985507246377,-0.22101449275362317,-0.2831325301204819,0,0,欣興,2022-09-01,8,14.0,S2,volume_expansion_only,3037,2022-09-01
early_watch,-0.004878048780487809,-0.11804876560118138,0.009756097560975618,-0.11804876560118138,-0.11804876560118138,0,0,中保科,2022-09-01,9,14.0,S2,volume_expansion_only,9917,2022-09-01
early_watch,0.03139013452914807,-0.19013450177795688,0.24215246636771304,-0.19013450177795688,-0.25992779783393505,0,0,景碩,2022-09-01,10,14.0,S2,volume_expansion_only,3189,2022-09-01
early_watch,-0.021126760563380254,-0.18075117370892024,0.04929577464788726,-0.18075117370892024,-0.2068181818181819,0,0,系統電,2022-09-01,11,23.6,S2,volume_expansion_only,5309,2022-09-01
early_watch,-0.01320535490055319,-0.09363748818726148,0.04321726701359507,-0.09363748818726148,-0.09363748818726148,0,0,台塑化,2022-09-01,12,17.0,S2,volume_expansion_only,6505,2022-09-01
early_watch,0.007407407407407307,-0.031111088505497708,0.12740738480179403,-0.031111088505497708,-0.10643887827245646,0,0,台化,2022-09-01,13,1.0,S2,volume_expansion_only,1326,2022-09-01
early_watch,-0.005086469831915852,-0.07426249059131917,0.0071210267193340115,-0.07426249059131917,-0.08080808080808077,0,0,台灣大,2022-09-01,14,14.0,S2,volume_expansion_only,3045,2022-09-01
early_watch,-0.13200727780724142,-0.1862567624918231,0.005424948468458091,-0.1862567624918231,-0.19064745832323515,0,0,玉山金,2022-09-01,15,20.0,S2,volume_expansion_only,2884,2022-09-01
early_watch,-0.08774373445524108,-0.2938718672276206,0.023676901977813358,-0.2938718672276206,-0.31020409720284603,0,0,全宇生技-KY,2022-09-01,16,12.6,S2,volume_expansion_only,4148,2022-09-01
early_watch,0.1542288557213931,-0.057711473151819015,0.2338308457711442,-0.057711473151819015,-0.12393162393162394,0,0,茂順,2022-09-01,17,12.6,S2,volume_expansion_only,9942,2022-09-01
early_watch,-0.011111111111111072,-0.12333331637912326,0.02000003390842009,-0.12333331637912326,-0.12624585980738778,0,0,台塑,2022-09-01,18,1.0,S2,volume_expansion_only,1301,2022-09-01
early_watch,1.004424778761062,-0.09734513274336287,1.163716814159292,-0.09734513274336287,-0.25,0,0,高力,2022-09-01,19,11.6,S2,volume_expansion_only,8996,2022-09-01
early_watch,-0.1927374301675977,-0.3645251396648044,-0.022346368715083775,-0.3645251396648044,-0.3645251396648044,0,0,台嘉碩,2022-09-01,20,6.6,S2,volume_expansion_only,3221,2022-09-01
early_watch,0.24137931034482762,-0.4011494252873563,0.33333333333333326,-0.4011494252873563,-0.4011494252873563,0,0,先進光,2022-09-01,1,36.6,S2,ma_alignment_only,3362,2022-09-01
early_watch,0.5034013605442176,-0.23809523809523814,0.8571428571428572,-0.23809523809523814,-0.23809523809523814,0,0,營邦,2022-09-01,2,36.6,S2,ma_alignment_only,3693,2022-09-01
early_watch,-0.22171945701357465,-0.3674208006707791,0.03167420814479649,-0.3674208006707791,-0.38684209187825525,0,0,揚明光,2022-09-01,3,36.6,S2,ma_alignment_only,3504,2022-09-01
early_watch,0.3789473684210527,-0.06842105263157894,0.4421052631578948,-0.06842105263157894,-0.10606060606060608,0,0,豆府,2022-09-01,4,29.6,S2,ma_alignment_only,2752,2022-09-01
early_watch,-0.338762222119398,-0.4188924880937891,-0.006514687915523232,-0.4188924880937891,-0.4188924880937891,0,0,澤米,2022-09-01,5,29.6,S2,ma_alignment_only,6742,2022-09-01
early_watch,-0.09199318568994896,-0.3679727427597955,0.03747870528109032,-0.3679727427597955,-0.3908045977011494,0,0,其祥-KY,2022-09-01,6,28.2,S2,ma_alignment_only,1258,2022-09-01
early_watch,0.015028901734104094,-0.18497109826589597,0.10751445086705202,-0.18497109826589597,-0.19703872437357628,0,0,訊聯,2022-09-01,7,27.6,S2,ma_alignment_only,1784,2022-09-01
early_watch,-0.008168028004667427,-0.18436406067677946,0.061843640606767725,-0.18436406067677946,-0.22762430939226508,0,0,世德,2022-09-01,8,27.6,S2,ma_alignment_only,2066,2022-09-01
early_watch,0.6978260869565216,-0.14347826086956528,0.8,-0.14347826086956528,-0.19427402862985688,0,0,耀勝,2022-09-01,9,27.6,S2,ma_alignment_only,3207,2022-09-01
early_watch,-0.13172043010752688,-0.3091397849462365,0.051075268817204256,-0.3091397849462365,-0.34271099744245526,0,0,同致,2022-09-01,10,27.6,S2,ma_alignment_only,3552,2022-09-01
early_watch,0.17922077922077917,-0.18961038961038967,0.37662337662337664,-0.18961038961038967,-0.21012658227848102,0,0,健喬,2022-09-01,11,27.6,S2,ma_alignment_only,4114,2022-09-01
early_watch,-0.018050541516245522,-0.23465703971119134,0.41516245487364634,-0.23465703971119134,-0.30612244897959195,0,0,健亞,2022-09-01,12,27.6,S2,ma_alignment_only,4130,2022-09-01
early_watch,-0.248046875,-0.3574218750000001,-0.0439453125,-0.3574218750000001,-0.3574218750000001,0,0,永昕,2022-09-01,13,27.6,S2,ma_alignment_only,4726,2022-09-01
early_watch,-0.30097087378640774,-0.41941747572815535,-0.015533980582524198,-0.41941747572815535,-0.41941747572815535,0,0,亞矽,2022-09-01,14,27.6,S2,ma_alignment_only,6113,2022-09-01
early_watch,-0.10790273556231,-0.29331306990881456,0.0075987841945288626,-0.29331306990881456,-0.2986425339366515,0,0,廣運,2022-09-01,15,27.6,S2,ma_alignment_only,6125,2022-09-01
early_watch,-0.08437499999999998,-0.12187499999999996,0.1343749999999999,-0.12187499999999996,-0.22589531680440766,0,0,胡連,2022-09-01,16,27.6,S2,ma_alignment_only,6279,2022-09-01
early_watch,-0.18865248226950349,-0.30354609929078014,-0.0028368794326241176,-0.30354609929078014,-0.30354609929078014,0,0,伍豐,2022-09-01,17,27.6,S2,ma_alignment_only,8076,2022-09-01
early_watch,-0.11599999999999999,-0.2293333333333334,0.06666666666666665,-0.2293333333333334,-0.2775000000000001,0,0,盛弘,2022-09-01,18,27.6,S2,ma_alignment_only,8403,2022-09-01
early_watch,-0.23964250991645974,-0.2505567047050612,-0.021428560028661114,-0.2505567047050612,-0.2505567047050612,0,0,虹光,2022-09-01,19,27.6,S2,ma_alignment_only,2380,2022-09-01
early_watch,-0.044673539518900296,-0.30927835051546393,0.03436426116838498,-0.30927835051546393,-0.30927835051546393,0,0,興勤,2022-09-01,20,27.6,S2,ma_alignment_only,2428,2022-09-01
early_watch,0.3006833712984056,-0.1412300683371297,0.7198177676537585,-0.1412300683371297,-0.27019867549668874,0,0,老爺知,2022-10-03,1,29.6,S2,radar_model,5704,2022-10-03
early_watch,-0.1072727272727273,-0.19999999999999996,0.14363636363636356,-0.19999999999999996,-0.24960254372019075,0,0,天鉞電,2022-10-03,2,27.6,S2,radar_model,5251,2022-10-03
early_watch,-0.10909092890751826,-0.171428581336876,0.10519478537819604,-0.171428581336876,-0.24676851206273642,0,0,喬山,2022-10-03,3,27.6,S2,radar_model,1736,2022-10-03
early_watch,0.8582523679270329,-0.14466020898911558,1.0485436893203883,-0.14466020898911558,-0.24739335046560273,0,0,雲品,2022-10-03,4,27.6,S2,radar_model,2748,2022-10-03
early_watch,0.3282442748091603,-0.25190839694656486,0.3854961832061068,-0.25190839694656486,-0.25897920604914937,0,0,星通,2022-10-03,5,27.6,S2,radar_model,3025,2022-10-03
early_watch,0.893700755768134,-0.17519680796941328,0.9921259540967258,-0.17519680796941328,-0.19423073988694406,0,0,盛達,2022-10-03,6,27.6,S2,radar_model,3027,2022-10-03
early_watch,0.2982455764462133,-0.12105266237290979,0.2982455764462133,-0.12105266237290979,-0.15656564258742878,0,0,遠雄港,2022-10-03,7,27.6,S2,radar_model,5607,2022-10-03
early_watch,1.4818898314808542,-0.18582680314527533,1.5637795431280015,-0.18582680314527533,-0.2582496786185099,0,0,保瑞,2022-10-03,8,27.6,S2,radar_model,6472,2022-10-03
early_watch,0.06299212598425186,-0.11942257217847785,0.06561679790026242,-0.11942257217847785,-0.11942257217847785,0,0,宇峻,2022-10-03,9,25.6,S2,radar_model,3546,2022-10-03
early_watch,1.0547945205479454,-0.03253424657534243,1.1506849315068495,-0.03253424657534243,-0.11023622047244097,0,0,榮剛,2022-10-03,10,25.6,S2,radar_model,5009,2022-10-03
early_watch,-0.038147138964577776,-0.07356948228882842,0.027247956403269713,-0.07356948228882842,-0.08222811671087538,0,0,富強鑫,2022-10-03,11,25.6,S2,radar_model,6603,2022-10-03
early_watch,-0.11826086956521731,-0.14521739130434785,0.07826086956521738,-0.14521739130434785,-0.20725806451612905,0,0,九暘,2022-10-03,12,25.6,S2,radar_model,8040,2022-10-03
early_watch,0.3093290016019232,-0.20130932150956127,0.3551555666049282,-0.20130932150956127,-0.22539683750697548,0,0,永冠-KY,2022-10-03,13,25.6,S2,radar_model,1589,2022-10-03
early_watch,0.08208951703331402,-0.18017058609852787,0.09808098772838769,-0.18017058609852787,-0.18881857541825253,0,0,金像電,2022-10-03,14,25.6,S2,radar_model,2368,2022-10-03
early_watch,0.06818181818181812,-0.3977272727272727,0.1477272727272727,-0.3977272727272727,-0.3977272727272727,0,0,華景電,2022-10-03,15,25.6,S2,radar_model,6788,2022-10-03
early_watch,0.7252195734002509,-0.19698870765370136,0.7252195734002509,-0.19698870765370136,-0.23990498812351546,0,0,千附精密,2022-10-03,16,25.6,S2,radar_model,6829,2022-10-03
early_watch,0.36904761904761907,-0.2222222222222222,0.48809523809523814,-0.2222222222222222,-0.274074074074074,0,0,六角,2022-10-03,17,24.6,S2,radar_model,2732,2022-10-03
early_watch,0.19680851063829774,-0.17819148936170215,0.2872340425531914,-0.17819148936170215,-0.22259136212624575,0,0,宜特,2022-10-03,18,24.6,S2,radar_model,3289,2022-10-03
early_watch,0.02448979591836742,-0.05442176870748294,0.03673469387755102,-0.05442176870748294,-0.060810810810810856,0,0,友華,2022-10-03,19,24.6,S2,radar_model,4120,2022-10-03
early_watch,-0.2992831541218638,-0.34946236559139787,0.0,-0.34946236559139787,-0.34946236559139787,0,0,福裕,2022-10-03,20,24.6,S2,radar_model,4513,2022-10-03
early_watch,-0.050458715596330306,-0.3463302752293578,0.02752293577981635,-0.3463302752293578,-0.3638392857142857,0,0,五福,2022-10-03,1,4.0,S2,random_top_n,2745,2022-10-03
early_watch,0.029478518076927696,-0.07936503734615064,0.06575970321795377,-0.07936503734615064,-0.08968610843615588,0,0,華南金,2022-10-03,2,3.0,S2,random_top_n,2880,2022-10-03
early_watch,0.3981042654028435,-0.014218009478673022,0.3981042654028435,-0.014218009478673022,-0.11111111111111116,0,0,微星,2022-10-03,3,9.0,S2,random_top_n,2377,2022-10-03
early_watch,0.2891088806756652,-0.0831683319393951,0.35841581136873457,-0.0831683319393951,-0.1231060623848953,0,0,台航,2022-10-03,4,9.0,S2,random_top_n,2617,2022-10-03
early_watch,0.11386134406887294,-0.1435644265518783,0.2574256761975553,-0.1435644265518783,-0.15196080585481242,0,0,燁興,2022-10-03,5,9.0,S2,random_top_n,2007,2022-10-03
early_watch,0.395,-0.15000000000000002,0.41999999999999993,-0.15000000000000002,-0.17874396135265702,0,0,杰力,2022-10-03,6,1.0,S2,random_top_n,5299,2022-10-03
early_watch,0.0927171907594937,-0.17190470719919038,0.09666673572124052,-0.17190470719919038,-0.17994442234047847,0,0,中環,2022-10-03,7,0.0,S2,random_top_n,2323,2022-10-03
early_watch,1.1094047123966853,-0.22072946930568316,1.1738961076635412,-0.22072946930568316,-0.22072946930568316,0,0,十銓,2022-10-03,8,9.0,S2,random_top_n,4967,2022-10-03
early_watch,0.22413794237424844,-0.08908048769953802,0.22413794237424844,-0.08908048769953802,-0.16578948706911323,0,0,時碩工業,2022-10-03,9,1.0,S2,random_top_n,4566,2022-10-03
early_watch,-0.048872180451127845,-0.25375939849624063,0.03383458646616533,-0.25375939849624063,-0.2781818181818181,0,0,台鋼建設,2022-10-03,10,22.6,S2,random_top_n,3521,2022-10-03
early_watch,0.121813012181204,-0.11048157798359848,0.18696890740692118,-0.11048157798359848,-0.18854418229554448,0,0,力特,2022-10-03,11,13.0,S2,random_top_n,3051,2022-10-03
early_watch,-0.015151515151515138,-0.20757575757575764,0.08484848484848473,-0.20757575757575764,-0.2087745839636913,0,0,醣聯,2022-10-03,12,3.0,S2,random_top_n,4168,2022-10-03
early_watch,0.3476332163335336,-0.1316567723566443,0.36686395811416683,-0.1316567723566443,-0.15173409749738287,0,0,錸寶,2022-10-03,13,0.0,S2,random_top_n,8104,2022-10-03
early_watch,0.20546322658885763,-0.09263652856374738,0.31828983400357846,-0.09263652856374738,-0.11261261261261257,0,0,義隆,2022-10-03,14,9.0,S2,random_top_n,2458,2022-10-03
early_watch,0.7810945273631842,-0.12238809006724194,0.7860696517412935,-0.12238809006724194,-0.19188191881918815,0,0,立積,2022-10-03,15,14.0,S2,random_top_n,4968,2022-10-03
early_watch,0.09523809523809534,-0.06593406593406592,0.10256410256410264,-0.06593406593406592,-0.06593406593406592,0,0,南寶,2022-10-03,16,14.0,S2,random_top_n,4766,2022-10-03
early_watch,0.24915826095447424,-0.06734002776563486,0.2794613186551884,-0.06734002776563486,-0.10932473593812364,0,0,研華,2022-10-03,17,14.0,S2,random_top_n,2395,2022-10-03
early_watch,0.14497354497354498,-0.05820105820105825,0.19365079365079363,-0.05820105820105825,-0.07978723404255317,0,0,日揚,2022-10-03,18,9.0,S2,random_top_n,6208,2022-10-03
early_watch,0.3793103448275863,-0.13362068965517238,0.4051724137931034,-0.13362068965517238,-0.1659751037344398,0,0,興勤,2022-10-03,19,0.0,S2,random_top_n,2428,2022-10-03
early_watch,0.4352701325178392,-0.11722731906218142,0.48012232415902134,-0.11722731906218142,-0.13745019920318735,0,0,力致,2022-10-03,20,0.0,S2,random_top_n,3483,2022-10-03
early_watch,0.3282442748091603,-0.25190839694656486,0.3854961832061068,-0.25190839694656486,-0.25897920604914937,0,0,星通,2022-10-03,1,27.6,S2,breakout_120d_only,3025,2022-10-03
early_watch,0.3006833712984056,-0.1412300683371297,0.7198177676537585,-0.1412300683371297,-0.27019867549668874,0,0,老爺知,2022-10-03,2,29.6,S2,breakout_120d_only,5704,2022-10-03
early_watch,0.32191776813944584,-0.2405821948768686,0.36130128396178973,-0.2405821948768686,-0.2811993196274729,0,0,建碁,2022-10-03,3,6.6,S2,breakout_120d_only,3046,2022-10-03
early_watch,0.1319052987598648,-0.11950394588500568,0.1657271702367531,-0.11950394588500568,-0.15116279069767447,0,0,驊訊,2022-10-03,1,1.0,S2,volume_expansion_only,6237,2022-10-03
early_watch,0.12775330396475781,-0.21321583214310302,0.19823788546255505,-0.21321583214310302,-0.2367521106687367,0,0,順德,2022-10-03,2,20.6,S2,volume_expansion_only,2351,2022-10-03
early_watch,0.4285714285714286,0.008928571428571397,0.5142857142857142,0.008928571428571397,-0.10619469026548678,0,0,群聯,2022-10-03,3,16.0,S2,volume_expansion_only,8299,2022-10-03
early_watch,0.028117302402886013,-0.06601472109340967,0.09657700884841858,-0.06601472109340967,-0.09047616506649947,0,0,中纖,2022-10-03,4,12.6,S2,volume_expansion_only,1718,2022-10-03
early_watch,0.02998500749625177,-0.11094452773613206,0.07046476761619203,-0.11094452773613206,-0.14057971014492754,0,0,安國,2022-10-03,5,14.0,S2,volume_expansion_only,8054,2022-10-03
early_watch,-0.07674939251488744,-0.10609481662585551,0.0857787612063372,-0.10609481662585551,-0.1767151695056317,0,0,川飛,2022-10-03,6,3.0,S2,volume_expansion_only,1516,2022-10-03
early_watch,0.13004484304932729,-0.04035874439461884,0.13004484304932729,-0.04035874439461884,-0.044642857142857095,0,0,中華電,2022-10-03,7,14.0,S2,volume_expansion_only,2412,2022-10-03
early_watch,-0.038147138964577776,-0.07356948228882842,0.027247956403269713,-0.07356948228882842,-0.08222811671087538,0,0,富強鑫,2022-10-03,8,25.6,S2,volume_expansion_only,6603,2022-10-03
early_watch,0.4938775510204081,-0.11836734693877549,0.4938775510204081,-0.11836734693877549,-0.23794212218649513,0,0,力智,2022-10-03,9,1.0,S2,volume_expansion_only,6719,2022-10-03
early_watch,0.4911242090741026,-0.1494082994451068,0.4911242090741026,-0.1494082994451068,-0.15316643170490707,0,0,台汽電,2022-10-03,10,14.0,S2,volume_expansion_only,8926,2022-10-03
early_watch,-0.11826086956521731,-0.14521739130434785,0.07826086956521738,-0.14521739130434785,-0.20725806451612905,0,0,九暘,2022-10-03,11,25.6,S2,volume_expansion_only,8040,2022-10-03
early_watch,0.41568206229860394,0.008592910848550073,0.4393125671321161,0.008592910848550073,-0.10218978102189769,0,0,匯鑽科,2022-10-03,12,14.0,S2,volume_expansion_only,8431,2022-10-03
early_watch,-0.018492218994652032,-0.07681367413175211,0.24039819577307675,-0.07681367413175211,-0.22247700201181542,0,0,萬海,2022-10-03,13,14.0,S2,volume_expansion_only,2615,2022-10-03
early_watch,0.8126126126126125,-0.218018018018018,1.0108108108108107,-0.218018018018018,-0.24125874125874125,0,0,東哥遊艇,2022-10-03,14,24.6,S2,volume_expansion_only,8478,2022-10-03
early_watch,0.46102819237147585,-0.046434494195688125,0.5323383084577116,-0.046434494195688125,-0.16302765647743822,0,0,長科*,2022-10-03,15,1.0,S2,volume_expansion_only,6548,2022-10-03
early_watch,0.8582523679270329,-0.14466020898911558,1.0485436893203883,-0.14466020898911558,-0.24739335046560273,0,0,雲品,2022-10-03,16,27.6,S2,volume_expansion_only,2748,2022-10-03
early_watch,0.19918697327424684,-0.037601671953873206,0.21544712011682887,-0.037601671953873206,-0.05300003051757818,0,0,日電貿,2022-10-03,17,17.0,S2,volume_expansion_only,3090,2022-10-03
early_watch,0.32389937106918243,-0.23113207547169812,0.6886792452830188,-0.23113207547169812,-0.2858472998137803,0,0,昇銳,2022-10-03,18,11.6,S2,volume_expansion_only,3128,2022-10-03
early_watch,0.7810945273631842,-0.12238809006724194,0.7860696517412935,-0.12238809006724194,-0.19188191881918815,0,0,立積,2022-10-03,19,14.0,S2,volume_expansion_only,4968,2022-10-03
early_watch,0.3106796116504853,-0.1898597626752967,0.40237324703344113,-0.1898597626752967,-0.20106382978723414,0,0,創惟,2022-10-03,20,14.0,S2,volume_expansion_only,6104,2022-10-03
early_watch,0.3006833712984056,-0.1412300683371297,0.7198177676537585,-0.1412300683371297,-0.27019867549668874,0,0,老爺知,2022-10-03,1,29.6,S2,ma_alignment_only,5704,2022-10-03
early_watch,-0.1072727272727273,-0.19999999999999996,0.14363636363636356,-0.19999999999999996,-0.24960254372019075,0,0,天鉞電,2022-10-03,2,27.6,S2,ma_alignment_only,5251,2022-10-03
early_watch,-0.10909092890751826,-0.171428581336876,0.10519478537819604,-0.171428581336876,-0.24676851206273642,0,0,喬山,2022-10-03,3,27.6,S2,ma_alignment_only,1736,2022-10-03
early_watch,0.8582523679270329,-0.14466020898911558,1.0485436893203883,-0.14466020898911558,-0.24739335046560273,0,0,雲品,2022-10-03,4,27.6,S2,ma_alignment_only,2748,2022-10-03
early_watch,0.3282442748091603,-0.25190839694656486,0.3854961832061068,-0.25190839694656486,-0.25897920604914937,0,0,星通,2022-10-03,5,27.6,S2,ma_alignment_only,3025,2022-10-03
early_watch,0.893700755768134,-0.17519680796941328,0.9921259540967258,-0.17519680796941328,-0.19423073988694406,0,0,盛達,2022-10-03,6,27.6,S2,ma_alignment_only,3027,2022-10-03
early_watch,0.2982455764462133,-0.12105266237290979,0.2982455764462133,-0.12105266237290979,-0.15656564258742878,0,0,遠雄港,2022-10-03,7,27.6,S2,ma_alignment_only,5607,2022-10-03
early_watch,1.4818898314808542,-0.18582680314527533,1.5637795431280015,-0.18582680314527533,-0.2582496786185099,0,0,保瑞,2022-10-03,8,27.6,S2,ma_alignment_only,6472,2022-10-03
early_watch,0.36904761904761907,-0.2222222222222222,0.48809523809523814,-0.2222222222222222,-0.274074074074074,0,0,六角,2022-10-03,9,24.6,S2,ma_alignment_only,2732,2022-10-03
early_watch,0.19680851063829774,-0.17819148936170215,0.2872340425531914,-0.17819148936170215,-0.22259136212624575,0,0,宜特,2022-10-03,10,24.6,S2,ma_alignment_only,3289,2022-10-03
early_watch,0.02448979591836742,-0.05442176870748294,0.03673469387755102,-0.05442176870748294,-0.060810810810810856,0,0,友華,2022-10-03,11,24.6,S2,ma_alignment_only,4120,2022-10-03
early_watch,-0.2992831541218638,-0.34946236559139787,0.0,-0.34946236559139787,-0.34946236559139787,0,0,福裕,2022-10-03,12,24.6,S2,ma_alignment_only,4513,2022-10-03
early_watch,1.3473389355742293,-0.12044817927170881,1.3473389355742293,-0.12044817927170881,-0.1693121693121693,0,0,富驊,2022-10-03,13,24.6,S2,ma_alignment_only,5465,2022-10-03
early_watch,0.04078014184397172,-0.11524822695035464,0.13297872340425543,-0.11524822695035464,-0.215962441314554,0,0,瑞耘,2022-10-03,14,24.6,S2,ma_alignment_only,6532,2022-10-03
early_watch,-0.08653846153846156,-0.22884618318997896,-0.0038461685180664062,-0.22884618318997896,-0.22884618318997896,0,0,精英,2022-10-03,15,24.6,S2,ma_alignment_only,2331,2022-10-03
early_watch,-0.008108108108108136,-0.07837837837837835,0.3783783783783783,-0.07837837837837835,-0.2941176470588235,0,0,八方雲集,2022-10-03,16,24.6,S2,ma_alignment_only,2753,2022-10-03
early_watch,0.0,-0.11659186381496078,0.06278033963123342,-0.11659186381496078,-0.168776365874846,0,0,鴻名,2022-10-03,17,24.6,S2,ma_alignment_only,3021,2022-10-03
early_watch,0.23216601815823612,-0.185473411154345,0.278858625162127,-0.185473411154345,-0.24970131421744324,0,0,健策,2022-10-03,18,24.6,S2,ma_alignment_only,3653,2022-10-03
early_watch,-0.14652014652014655,-0.17216117216117222,0.06959706959706957,-0.17216117216117222,-0.226027397260274,0,0,廣越,2022-10-03,19,24.6,S2,ma_alignment_only,4438,2022-10-03
early_watch,-0.11233887075136917,-0.16942905483648218,0.10128917603057697,-0.16942905483648218,-0.22742474485025066,0,0,嘉聯益,2022-10-03,20,24.6,S2,ma_alignment_only,6153,2022-10-03
early_watch,-0.05906313645621175,-0.1568228105906314,0.16089613034623218,-0.1568228105906314,-0.27368421052631586,0,0,新盛力,2022-11-01,1,36.6,S2,radar_model,4931,2022-11-01
early_watch,0.1088607594936708,-0.03797468354430378,0.2278481012658229,-0.03797468354430378,-0.11649484536082466,0,0,生泰,2022-11-01,2,27.6,S2,radar_model,1777,2022-11-01
early_watch,-0.014687882496940086,-0.14075887392900854,0.18482252141982847,-0.14075887392900854,-0.22259136212624575,0,0,宜特,2022-11-01,3,27.6,S2,radar_model,3289,2022-11-01
early_watch,-0.19780219780219777,-0.22213500784929363,0.1742543171114599,-0.22213500784929363,-0.33756684491978606,0,0,華祺,2022-11-01,4,27.6,S2,radar_model,5015,2022-11-01
early_watch,-0.09136212624584716,-0.15780730897009965,0.021594684385382035,-0.15780730897009965,-0.1756097560975609,0,0,業強,2022-11-01,5,27.6,S2,radar_model,6124,2022-11-01
early_watch,-0.14262295081967213,-0.1622950819672131,0.02786885245901649,-0.1622950819672131,-0.18500797448165873,0,0,光隆,2022-11-01,6,27.6,S2,radar_model,8916,2022-11-01
early_watch,0.4946523862358385,-0.07219253082305865,0.5588234454140304,-0.07219253082305865,-0.12594458196251657,0,0,毅嘉,2022-11-01,7,27.6,S2,radar_model,2402,2022-11-01
early_watch,0.11963881102342477,0.05643340954978049,0.4762980282664766,0.05643340954978049,-0.2844036980864336,0,0,華經,2022-11-01,8,27.6,S2,radar_model,2468,2022-11-01
early_watch,0.355062399665788,-0.10402219360229226,0.355062399665788,-0.10402219360229226,-0.2400000179515166,0,0,東科-KY,2022-11-01,9,27.6,S2,radar_model,5225,2022-11-01
early_watch,1.9241660944106944,0.09911896749034055,2.553986483976075,0.09911896749034055,-0.20632910426658924,1,0,雷虎,2022-11-01,10,27.6,S2,radar_model,8033,2022-11-01
early_watch,0.452054794520548,-0.0639269406392694,0.45662100456621,-0.0639269406392694,-0.12393162393162394,0,0,茂順,2022-11-01,11,27.6,S2,radar_model,9942,2022-11-01
early_watch,0.2195676905574515,-0.0022753128555176305,0.35608646188850956,-0.0022753128555176305,-0.11241610738255037,0,0,欣銓,2022-11-01,12,25.6,S2,radar_model,3264,2022-11-01
early_watch,-0.12653061224489803,-0.1908163265306123,0.18367346938775508,-0.1908163265306123,-0.3163793103448276,0,0,東碩,2022-11-01,13,25.6,S2,radar_model,3272,2022-11-01
early_watch,0.28735632183908044,-0.0045977011494252595,0.42068965517241375,-0.0045977011494252595,-0.11632653061224485,0,0,寶雅,2022-11-01,14,25.6,S2,radar_model,5904,2022-11-01
early_watch,0.5135834411384217,-0.02975420439844756,0.9081500646830531,-0.02975420439844756,-0.23728813559322037,0,0,系微,2022-11-01,15,25.6,S2,radar_model,6231,2022-11-01
early_watch,-0.04407294832826747,-0.10486322188449848,0.10030395136778125,-0.10486322188449848,-0.16988950276243098,0,0,正淩,2022-11-01,16,25.6,S2,radar_model,8147,2022-11-01
early_watch,0.2428765264586159,-0.05020352781546811,0.38398914518317495,-0.05020352781546811,-0.18137254901960786,0,0,明揚,2022-11-01,17,25.6,S2,radar_model,8420,2022-11-01
early_watch,0.15535708836146767,-0.025000027247837564,0.32321425846644813,-0.025000027247837564,-0.15654519180823345,0,0,第一銅,2022-11-01,18,25.6,S2,radar_model,2009,2022-11-01
early_watch,0.7310706102469942,-0.12663181646823762,0.7310706102469942,-0.12663181646823762,-0.1389960855411283,0,0,三陽工業,2022-11-01,19,25.6,S2,radar_model,2206,2022-11-01
early_watch,0.009216602183428346,-0.17142856294030495,0.23041475749638063,-0.17142856294030495,-0.32659175939530105,0,0,倫飛,2022-11-01,20,25.6,S2,radar_model,2364,2022-11-01
early_watch,1.004032258064516,0.016129032258064502,1.060483870967742,0.016129032258064502,-0.13173652694610782,0,0,雙鴻,2022-11-01,1,14.6,S2,random_top_n,3324,2022-11-01
early_watch,0.25,0.011111111111111072,0.26111111111111107,0.011111111111111072,-0.11390131792145464,0,0,智易,2022-11-01,2,1.0,S2,random_top_n,3596,2022-11-01
early_watch,0.3914529197784842,-0.006837608838671794,0.3914529197784842,-0.006837608838671794,-0.10558067908653845,0,0,和泰車,2022-11-01,3,6.0,S2,random_top_n,2207,2022-11-01
early_watch,0.11368015414258181,0.01734104046242768,0.3795761078998072,0.01734104046242768,-0.26256983240223464,0,0,上品,2022-11-01,4,1.0,S2,random_top_n,4770,2022-11-01
early_watch,0.0185185185185186,0.0,0.17129629629629628,0.0,-0.1462450592885376,0,0,伸興,2022-11-01,5,9.0,S2,random_top_n,1558,2022-11-01
early_watch,0.03697187177862071,-0.001760536539864077,0.08626763365661771,-0.001760536539864077,-0.08103727614543699,0,0,尖點,2022-11-01,6,22.6,S2,random_top_n,8021,2022-11-01
early_watch,0.16637478108581427,0.049036777583187474,0.5096322241681261,0.049036777583187474,-0.2761020881670534,0,0,AES-KY,2022-11-01,7,9.0,S2,random_top_n,6781,2022-11-01
early_watch,-0.25722545661113794,-0.26300580997847556,0.33526013765840035,-0.26300580997847556,-0.4480519793588943,0,0,台端,2022-11-01,8,1.0,S2,random_top_n,3432,2022-11-01
early_watch,-0.11810345154851865,-0.14655170910140058,0.2543104469875428,-0.14655170910140058,-0.3195876722957124,0,0,同欣電,2022-11-01,9,17.6,S2,random_top_n,6271,2022-11-01
early_watch,0.4177978231255568,-0.015082955565165479,0.4177978231255568,-0.015082955565165479,-0.05491702278626254,0,0,精誠,2022-11-01,10,16.6,S2,random_top_n,6214,2022-11-01
early_watch,-0.11698113207547178,-0.13962264150943393,0.12075471698113205,-0.13962264150943393,-0.23232323232323226,0,0,振發,2022-11-01,11,13.0,S2,random_top_n,5426,2022-11-01
early_watch,0.40909090909090917,0.009881422924901129,0.4110671936758894,0.009881422924901129,-0.06060606060606055,0,0,信邦,2022-11-01,12,9.0,S2,random_top_n,3023,2022-11-01
early_watch,0.04802949141365276,0.0036945838224735628,0.0800492178750909,0.0036945838224735628,-0.05245148652658549,0,0,台虹,2022-11-01,13,20.6,S2,random_top_n,8039,2022-11-01
early_watch,0.630057803468208,-0.0011560693641617936,0.6878612716763006,-0.0011560693641617936,-0.15068493150684936,0,0,旺矽,2022-11-01,14,22.6,S2,random_top_n,6223,2022-11-01
early_watch,0.3609958506224067,0.020746887966804906,0.6265560165975104,0.020746887966804906,-0.22704081632653061,0,0,宏觀,2022-11-01,15,1.0,S2,random_top_n,6568,2022-11-01
early_watch,0.23801371853936293,-0.0342465744476691,0.23801371853936293,-0.0342465744476691,-0.04721034305751859,0,0,和碩,2022-11-01,16,17.6,S2,random_top_n,4938,2022-11-01
early_watch,0.16216219873477056,0.02195944628896651,0.37331084466224307,0.02195944628896651,-0.1820418511218963,0,0,明基材,2022-11-01,17,19.6,S2,random_top_n,8215,2022-11-01
early_watch,0.08242605242331158,0.010886421695481596,0.3452565457947563,0.010886421695481596,-0.21849712746680816,0,0,怡利電,2022-11-01,18,9.0,S2,random_top_n,2497,2022-11-01
early_watch,0.11294122193016598,-0.0023529323063090635,0.29882353384684546,-0.0023529323063090635,-0.1702898655887216,0,0,華園,2022-11-01,19,8.6,S2,random_top_n,2702,2022-11-01
early_watch,0.23563216584841906,0.0019156795528649795,0.2394635249541488,0.0019156795528649795,-0.0695517217551429,0,0,聯強,2022-11-01,20,11.0,S2,random_top_n,2347,2022-11-01
early_watch,-0.014687882496940086,-0.14075887392900854,0.18482252141982847,-0.14075887392900854,-0.22259136212624575,0,0,宜特,2022-11-01,1,27.6,S2,breakout_120d_only,3289,2022-11-01
early_watch,-0.12653061224489803,-0.1908163265306123,0.18367346938775508,-0.1908163265306123,-0.3163793103448276,0,0,東碩,2022-11-01,2,25.6,S2,breakout_120d_only,3272,2022-11-01
early_watch,-0.05906313645621175,-0.1568228105906314,0.16089613034623218,-0.1568228105906314,-0.27368421052631586,0,0,新盛力,2022-11-01,3,36.6,S2,breakout_120d_only,4931,2022-11-01
early_watch,0.036082447535951356,-0.001718252362670758,0.2835050853781018,-0.001718252362670758,-0.22222221087402227,0,0,統新,2022-11-01,1,0.0,S2,volume_expansion_only,6426,2022-11-01
early_watch,-0.3006430953949675,-0.3263665432164411,0.022508001511405196,-0.3263665432164411,-0.34119492875572854,0,0,全友,2022-11-01,2,23.6,S2,volume_expansion_only,2305,2022-11-01
early_watch,0.05089810989754007,-0.044910234695241136,0.12874248624596119,-0.044910234695241136,-0.12466845272745286,0,0,康那香,2022-11-01,3,22.6,S2,volume_expansion_only,9919,2022-11-01
early_watch,0.43984220907297833,0.0335305719921104,0.641025641025641,0.0335305719921104,-0.12860576923076927,0,0,中光電,2022-11-01,4,14.0,S2,volume_expansion_only,5371,2022-11-01
early_watch,-0.19780219780219777,-0.22213500784929363,0.1742543171114599,-0.22213500784929363,-0.33756684491978606,0,0,華祺,2022-11-01,5,27.6,S2,volume_expansion_only,5015,2022-11-01
early_watch,0.17669168376647715,-0.0037594127832941693,0.1804510965497712,-0.0037594127832941693,-0.06369426828972724,0,0,致伸,2022-11-01,6,14.0,S2,volume_expansion_only,4915,2022-11-01
early_watch,-0.06867671691792299,-0.2470686767169179,0.21943048576214386,-0.2470686767169179,-0.38255494505494503,0,0,常珵,2022-11-01,7,14.0,S2,volume_expansion_only,8097,2022-11-01
early_watch,0.2195676905574515,-0.0022753128555176305,0.35608646188850956,-0.0022753128555176305,-0.11241610738255037,0,0,欣銓,2022-11-01,8,25.6,S2,volume_expansion_only,3264,2022-11-01
early_watch,0.4946523862358385,-0.07219253082305865,0.5588234454140304,-0.07219253082305865,-0.12594458196251657,0,0,毅嘉,2022-11-01,9,27.6,S2,volume_expansion_only,2402,2022-11-01
early_watch,1.0038167355423342,-0.013358792796861696,1.1946564246416043,-0.013358792796861696,-0.12173913043478257,0,0,中興電,2022-11-01,10,14.0,S2,volume_expansion_only,1513,2022-11-01
early_watch,0.25393490213320424,-0.013641164849194976,0.4270723572394626,-0.013641164849194976,-0.15441176470588236,0,0,順德,2022-11-01,11,14.0,S2,volume_expansion_only,2351,2022-11-01
early_watch,0.14527027027027017,0.03716216216216206,0.33445945945945943,0.03716216216216206,-0.22278481012658224,0,0,台光電,2022-11-01,12,6.6,S2,volume_expansion_only,2383,2022-11-01
early_watch,-0.09943977591036424,-0.11344537815126066,0.10644257703081217,-0.11344537815126066,-0.19873417721518993,0,0,矽瑪,2022-11-01,13,21.6,S2,volume_expansion_only,3511,2022-11-01
early_watch,-0.1814254395161613,-0.20302371201029024,0.19654432913109687,-0.20302371201029024,-0.33393500885298943,0,0,金橋,2022-11-01,14,22.6,S2,volume_expansion_only,6133,2022-11-01
early_watch,0.28891823715543774,0.006596336657734847,0.5171504079632472,0.006596336657734847,-0.1539130711050608,0,0,國巨*,2022-11-01,15,22.6,S2,volume_expansion_only,2327,2022-11-01
early_watch,0.20736198191262467,-0.049079754601227044,0.35582822085889565,-0.049079754601227044,-0.1556560809795673,0,0,華新科,2022-11-01,16,22.6,S2,volume_expansion_only,2492,2022-11-01
early_watch,-0.15598290598290598,-0.3354700854700854,0.019230769230769384,-0.3354700854700854,-0.34800838574423476,0,0,金耘國際,2022-11-01,17,23.6,S2,volume_expansion_only,4950,2022-11-01
early_watch,0.38075313807531375,0.0,0.5523012552301256,0.0,-0.1482479784366577,0,0,昇達科,2022-11-01,18,1.0,S2,volume_expansion_only,3491,2022-11-01
early_watch,0.09040333605084094,-0.005563303440750733,0.32962442900243705,-0.005563303440750733,-0.1956066657606096,0,0,茂矽,2022-11-01,19,22.6,S2,volume_expansion_only,2342,2022-11-01
early_watch,0.07954544063816016,-0.018181832486463878,0.3999999650330883,-0.018181832486463878,-0.2435065194559648,0,0,四維航,2022-11-01,20,1.0,S2,volume_expansion_only,5608,2022-11-01
early_watch,-0.05906313645621175,-0.1568228105906314,0.16089613034623218,-0.1568228105906314,-0.27368421052631586,0,0,新盛力,2022-11-01,1,36.6,S2,ma_alignment_only,4931,2022-11-01
early_watch,0.1088607594936708,-0.03797468354430378,0.2278481012658229,-0.03797468354430378,-0.11649484536082466,0,0,生泰,2022-11-01,2,27.6,S2,ma_alignment_only,1777,2022-11-01
early_watch,-0.014687882496940086,-0.14075887392900854,0.18482252141982847,-0.14075887392900854,-0.22259136212624575,0,0,宜特,2022-11-01,3,27.6,S2,ma_alignment_only,3289,2022-11-01
early_watch,-0.19780219780219777,-0.22213500784929363,0.1742543171114599,-0.22213500784929363,-0.33756684491978606,0,0,華祺,2022-11-01,4,27.6,S2,ma_alignment_only,5015,2022-11-01
early_watch,-0.09136212624584716,-0.15780730897009965,0.021594684385382035,-0.15780730897009965,-0.1756097560975609,0,0,業強,2022-11-01,5,27.6,S2,ma_alignment_only,6124,2022-11-01
early_watch,-0.14262295081967213,-0.1622950819672131,0.02786885245901649,-0.1622950819672131,-0.18500797448165873,0,0,光隆,2022-11-01,6,27.6,S2,ma_alignment_only,8916,2022-11-01
early_watch,0.4946523862358385,-0.07219253082305865,0.5588234454140304,-0.07219253082305865,-0.12594458196251657,0,0,毅嘉,2022-11-01,7,27.6,S2,ma_alignment_only,2402,2022-11-01
early_watch,0.11963881102342477,0.05643340954978049,0.4762980282664766,0.05643340954978049,-0.2844036980864336,0,0,華經,2022-11-01,8,27.6,S2,ma_alignment_only,2468,2022-11-01
early_watch,0.355062399665788,-0.10402219360229226,0.355062399665788,-0.10402219360229226,-0.2400000179515166,0,0,東科-KY,2022-11-01,9,27.6,S2,ma_alignment_only,5225,2022-11-01
early_watch,1.9241660944106944,0.09911896749034055,2.553986483976075,0.09911896749034055,-0.20632910426658924,1,0,雷虎,2022-11-01,10,27.6,S2,ma_alignment_only,8033,2022-11-01
early_watch,0.452054794520548,-0.0639269406392694,0.45662100456621,-0.0639269406392694,-0.12393162393162394,0,0,茂順,2022-11-01,11,27.6,S2,ma_alignment_only,9942,2022-11-01
early_watch,-0.12653061224489803,-0.1908163265306123,0.18367346938775508,-0.1908163265306123,-0.3163793103448276,0,0,東碩,2022-11-01,12,25.6,S2,ma_alignment_only,3272,2022-11-01
early_watch,0.30272108843537415,0.09863945578231292,1.0034013605442178,0.09863945578231292,-0.3616298811544991,0,0,晶睿,2022-11-01,13,25.6,S2,ma_alignment_only,3454,2022-11-01
early_watch,0.27135678391959805,0.028475711892797184,0.7989949748743719,0.028475711892797184,-0.3063314711359404,0,0,昇銳,2022-11-01,14,24.6,S2,ma_alignment_only,3128,2022-11-01
early_watch,0.6955602536997887,-0.025369978858350906,0.8160676532769557,-0.025369978858350906,-0.1316425120772946,0,0,耀勝,2022-11-01,15,24.6,S2,ma_alignment_only,3207,2022-11-01
early_watch,0.30575539568345333,-0.03237410071942448,0.4532374100719425,-0.03237410071942448,-0.11633663366336633,0,0,閎康,2022-11-01,16,24.6,S2,ma_alignment_only,3587,2022-11-01
early_watch,-0.1979301739679542,-0.2729625026623921,0.21604134914535988,-0.2729625026623921,-0.40212765145809093,0,0,泰山,2022-11-01,17,24.6,S2,ma_alignment_only,1218,2022-11-01
early_watch,0.5149769153063624,-0.07603687749836019,0.8951613027981635,-0.07603687749836019,-0.22796354149767228,0,0,八貫,2022-11-01,18,24.6,S2,ma_alignment_only,1342,2022-11-01
early_watch,0.28187925305153394,-0.08389261959748284,0.3322148248100236,-0.08389261959748284,-0.11650486815251804,0,0,合機,2022-11-01,19,24.6,S2,ma_alignment_only,1618,2022-11-01
early_watch,-0.0801394105668175,-0.11498261521548458,0.045296139460011764,-0.11498261521548458,-0.15333334604899085,0,0,金寶,2022-11-01,20,24.6,S2,ma_alignment_only,2312,2022-11-01
early_watch,-0.02898550724637683,-0.12463768115942031,0.1420289855072463,-0.12463768115942031,-0.20304568527918787,0,0,亞元,2022-12-01,1,36.6,S2,radar_model,6109,2022-12-01
early_watch,1.0547111823407587,-0.039513688351525245,1.255319122896232,-0.039513688351525245,-0.1366906502607219,0,0,王品,2022-12-01,2,36.6,S2,radar_model,2727,2022-12-01
early_watch,-0.176068376068376,-0.19145299145299155,0.06666666666666665,-0.19145299145299155,-0.23397435897435903,0,0,台翰,2022-12-01,3,35.2,S2,radar_model,1336,2022-12-01
early_watch,0.01864406779661021,-0.15254237288135597,0.15254237288135597,-0.15254237288135597,-0.21764705882352942,0,0,金居,2022-12-01,4,34.6,S2,radar_model,8358,2022-12-01
early_watch,0.6443813927527657,0.009957412790411846,0.9089616715113706,0.009957412790411846,-0.13859905241006243,0,0,亞翔,2022-12-01,5,34.6,S2,radar_model,6139,2022-12-01
early_watch,-0.1384803921568627,-0.26960784313725483,-0.02941176470588225,-0.26960784313725483,-0.26960784313725483,0,0,利機,2022-12-01,6,33.6,S2,radar_model,3444,2022-12-01
early_watch,0.3399209486166008,-0.11857707509881421,0.3992094861660078,-0.11857707509881421,-0.15068493150684936,0,0,旺矽,2022-12-01,7,33.6,S2,radar_model,6223,2022-12-01
early_watch,0.5127819319416707,0.00601506053953238,0.5548872409906602,0.00601506053953238,-0.21837943814784833,0,0,盛達,2022-12-01,8,33.6,S2,radar_model,3027,2022-12-01
early_watch,-0.04815574069876605,-0.24282785730475953,-0.02254097020552348,-0.24282785730475953,-0.24282785730475953,0,0,奇偶,2022-12-01,9,33.6,S2,radar_model,3356,2022-12-01
early_watch,0.17195496417604916,-0.05527123848515869,0.19242579324462628,-0.05527123848515869,-0.128755364806867,0,0,原相,2022-12-01,10,33.2,S2,radar_model,3227,2022-12-01
early_watch,0.37401574803149606,-0.11220472440944873,0.39763779527559073,-0.11220472440944873,-0.14634146341463417,0,0,台星科,2022-12-01,11,33.2,S2,radar_model,3265,2022-12-01
early_watch,-0.09325842696629205,-0.1460674157303371,0.0674157303370786,-0.1460674157303371,-0.15052631578947362,0,0,系統電,2022-12-01,12,33.2,S2,radar_model,5309,2022-12-01
early_watch,0.20430107526881724,-0.1792114695340502,0.2616487455197132,-0.1792114695340502,-0.22108843537414968,0,0,茂達,2022-12-01,13,33.2,S2,radar_model,6138,2022-12-01
early_watch,0.19791666666666652,-0.029761904761904767,0.36904761904761907,-0.029761904761904767,-0.23586956521739133,0,0,橘子,2022-12-01,14,33.2,S2,radar_model,6180,2022-12-01
early_watch,-0.015625,-0.05312499999999998,0.2250000000000001,-0.05312499999999998,-0.22704081632653061,0,0,宏觀,2022-12-01,15,33.2,S2,radar_model,6568,2022-12-01
early_watch,0.03709198729083263,-0.07863505833486995,0.12314532988810711,-0.07863505833486995,-0.12285331304203218,0,0,豐興,2022-12-01,16,33.2,S2,radar_model,2015,2022-12-01
early_watch,0.12586442724776403,-0.004149419627867079,0.18948819322226984,-0.004149419627867079,-0.12515191579373608,0,0,廣宇,2022-12-01,17,33.2,S2,radar_model,2328,2022-12-01
early_watch,-0.016871143030793512,-0.11809811823081351,0.01687126004605255,-0.11809811823081351,-0.11809811823081351,0,0,敬鵬,2022-12-01,18,33.2,S2,radar_model,2355,2022-12-01
early_watch,-0.11877394636015326,-0.2145593869731801,0.06130268199233724,-0.2145593869731801,-0.25992779783393505,0,0,景碩,2022-12-01,19,33.2,S2,radar_model,3189,2022-12-01
early_watch,0.23645320197044328,-0.0788177339901478,0.26108374384236455,-0.0788177339901478,-0.10666666666666669,0,0,日月光投控,2022-12-01,20,33.2,S2,radar_model,3711,2022-12-01
early_watch,-0.012931034482758674,-0.04741379310344829,0.034482758620689724,-0.04741379310344829,-0.0708333333333333,0,0,邦特,2022-12-01,1,23.6,S2,random_top_n,4107,2022-12-01
early_watch,0.3745097740023744,0.00196075439453125,0.5019607543945312,0.00196075439453125,-0.15502791495356028,0,0,所羅門,2022-12-01,2,23.6,S2,random_top_n,2359,2022-12-01
early_watch,-0.06550218340611358,-0.13799129302845248,0.026200873362445476,-0.13799129302845248,-0.16000002597240692,0,0,富鼎,2022-12-01,3,22.6,S2,random_top_n,8261,2022-12-01
early_watch,0.04827584891483694,-0.05862071596342944,0.0758620952737743,-0.05862071596342944,-0.08695653560672278,0,0,德淵,2022-12-01,4,19.6,S2,random_top_n,4720,2022-12-01
early_watch,0.34672304439746293,-0.10359408033826634,0.41226215644820297,-0.10359408033826634,-0.15625,0,0,鈺太,2022-12-01,5,22.6,S2,random_top_n,6679,2022-12-01
early_watch,-0.09814325432525439,-0.10610079360879354,-0.011936359518109674,-0.10610079360879354,-0.10610079360879354,0,0,台化,2022-12-01,6,22.6,S2,random_top_n,1326,2022-12-01
early_watch,0.29545457322720114,-0.034090919009714726,0.3522728006718887,-0.034090919009714726,-0.08823531500058057,0,0,迅得,2022-12-01,7,8.0,S2,random_top_n,6438,2022-12-01
early_watch,0.12547523503268132,-0.026615987488328052,0.1330797661896299,-0.026615987488328052,-0.04593640644465957,0,0,台中銀,2022-12-01,8,23.6,S2,random_top_n,2812,2022-12-01
early_watch,0.7917415024195247,-0.007181355842010184,0.8940753780060173,-0.007181355842010184,-0.2521326869584938,0,0,雲品,2022-12-01,9,27.6,S2,random_top_n,2748,2022-12-01
early_watch,0.11877394636015315,-0.11781609195402298,0.20498084291187735,-0.11781609195402298,-0.2678855325914149,0,0,精測,2022-12-01,10,12.6,S2,random_top_n,6510,2022-12-01
early_watch,-0.14678899082568808,-0.15045872959521933,0.02752293577981657,-0.15045872959521933,-0.17321429933820454,0,0,台郡,2022-12-01,11,24.6,S2,random_top_n,6269,2022-12-01
early_watch,-0.13053100500645254,-0.17809732524741306,-0.005530973357969038,-0.17809732524741306,-0.17809732524741306,0,0,南染,2022-12-01,12,24.6,S2,random_top_n,1410,2022-12-01
early_watch,0.22440944881889768,-0.09842519685039375,0.2362204724409449,-0.09842519685039375,-0.13257575757575757,0,0,凡甲,2022-12-01,13,9.6,S2,random_top_n,3526,2022-12-01
early_watch,-0.1735395189003437,-0.2869415807560137,0.06013745704467355,-0.2869415807560137,-0.32739059967585094,0,0,九暘,2022-12-01,14,11.6,S2,random_top_n,8040,2022-12-01
early_watch,0.8298279158699811,-0.04588910133843205,0.8298279158699811,-0.04588910133843205,-0.1334355828220859,0,0,廣運,2022-12-01,15,9.6,S2,random_top_n,6125,2022-12-01
early_watch,0.8580000000000001,-0.08599999999999997,0.8779999999999999,-0.08599999999999997,-0.20244328097731235,0,0,M31,2022-12-01,16,19.6,S2,random_top_n,6643,2022-12-01
early_watch,0.014018691588784993,-0.17757009345794394,0.05841121495327095,-0.17757009345794394,-0.18518518518518523,0,0,雍智科技,2022-12-01,17,20.6,S2,random_top_n,6683,2022-12-01
early_watch,0.0819112627986347,-0.16040955631399312,0.14334470989761083,-0.16040955631399312,-0.17725752508361192,0,0,波若威,2022-12-01,18,23.6,S2,random_top_n,3163,2022-12-01
early_watch,0.04062499999999991,-0.15000000000000002,0.07187499999999991,-0.15000000000000002,-0.17824773413897277,0,0,台勝科,2022-12-01,19,4.0,S2,random_top_n,3532,2022-12-01
early_watch,0.4784946236559138,-0.10080645161290325,0.5389784946236558,-0.10080645161290325,-0.10441767068273089,0,0,凌陽創新,2022-12-01,20,25.6,S2,random_top_n,5236,2022-12-01
early_watch,0.19019607843137254,-0.0862745098039216,0.2705882352941176,-0.0862745098039216,-0.18053375196232335,0,0,晶華,2022-12-01,1,24.6,S2,breakout_120d_only,2707,2022-12-01
early_watch,0.7953216374269005,-0.2300194931773879,0.7953216374269005,-0.2300194931773879,-0.27787934186471663,0,0,華星光,2022-12-01,2,18.6,S2,breakout_120d_only,4979,2022-12-01
early_watch,-0.0891861947513467,-0.10367896070128335,0.0,-0.10367896070128335,-0.10367896070128335,0,0,中纖,2022-12-01,3,14.6,S2,breakout_120d_only,1718,2022-12-01
early_watch,0.3145809414466132,-0.06659012629161876,0.69345579793341,-0.06659012629161876,-0.23728813559322037,0,0,系微,2022-12-01,4,25.6,S2,breakout_120d_only,6231,2022-12-01
early_watch,-0.08829787234042552,-0.2223404255319149,0.08723404255319145,-0.2223404255319149,-0.2223404255319149,0,0,聯一光,2022-12-01,5,24.6,S2,breakout_120d_only,3441,2022-12-01
early_watch,0.16279069767441867,0.023255813953488413,0.30232558139534893,0.023255813953488413,-0.17559523809523814,0,0,美食-KY,2022-12-01,6,29.6,S2,breakout_120d_only,2723,2022-12-01
early_watch,0.3399209486166008,-0.11857707509881421,0.3992094861660078,-0.11857707509881421,-0.15068493150684936,0,0,旺矽,2022-12-01,7,33.6,S2,breakout_120d_only,6223,2022-12-01
early_watch,-0.1384803921568627,-0.26960784313725483,-0.02941176470588225,-0.26960784313725483,-0.26960784313725483,0,0,利機,2022-12-01,8,33.6,S2,breakout_120d_only,3444,2022-12-01
early_watch,-0.23885350318471332,-0.39490445859872614,0.1847133757961783,-0.39490445859872614,-0.4193548387096774,0,0,勝品,2022-12-01,9,1.6,S2,breakout_120d_only,6556,2022-12-01
early_watch,0.01864406779661021,-0.15254237288135597,0.15254237288135597,-0.15254237288135597,-0.21764705882352942,0,0,金居,2022-12-01,10,34.6,S2,breakout_120d_only,8358,2022-12-01
early_watch,1.0547111823407587,-0.039513688351525245,1.255319122896232,-0.039513688351525245,-0.1366906502607219,0,0,王品,2022-12-01,11,36.6,S2,breakout_120d_only,2727,2022-12-01
early_watch,-0.02898550724637683,-0.12463768115942031,0.1420289855072463,-0.12463768115942031,-0.20304568527918787,0,0,亞元,2022-12-01,12,36.6,S2,breakout_120d_only,6109,2022-12-01
early_watch,0.6443813927527657,0.009957412790411846,0.9089616715113706,0.009957412790411846,-0.13859905241006243,0,0,亞翔,2022-12-01,13,34.6,S2,breakout_120d_only,6139,2022-12-01
early_watch,0.5127819319416707,0.00601506053953238,0.5548872409906602,0.00601506053953238,-0.21837943814784833,0,0,盛達,2022-12-01,14,33.6,S2,breakout_120d_only,3027,2022-12-01
early_watch,-0.35326460481099664,-0.36357388316151207,0.0034364261168384758,-0.36357388316151207,-0.36575342465753424,0,0,智擎,2022-12-01,15,25.6,S2,breakout_120d_only,4162,2022-12-01
early_watch,-0.04815574069876605,-0.24282785730475953,-0.02254097020552348,-0.24282785730475953,-0.24282785730475953,0,0,奇偶,2022-12-01,16,33.6,S2,breakout_120d_only,3356,2022-12-01
early_watch,-0.16050583657587547,-0.2791828793774319,0.04474708171206232,-0.2791828793774319,-0.3100558659217878,0,0,昇銳,2022-12-01,17,9.6,S2,breakout_120d_only,3128,2022-12-01
early_watch,0.21702842437358028,-0.08848084180015714,0.21702842437358028,-0.08848084180015714,-0.14285716167825613,0,0,神達,2022-12-01,18,30.6,S2,breakout_120d_only,3706,2022-12-01
early_watch,0.034324942791762014,-0.06407322654462244,0.14645308924485123,-0.06407322654462244,-0.16766467065868262,0,0,復盛應用,2022-12-01,19,27.6,S2,breakout_120d_only,6670,2022-12-01
early_watch,-0.11111111111111116,-0.20181405895691606,0.33560090702947853,-0.20181405895691606,-0.40237691001697795,0,0,晶睿,2022-12-01,20,27.6,S2,breakout_120d_only,3454,2022-12-01
early_watch,0.04338843626578992,-0.0630165899917795,0.10020653747664099,-0.0630165899917795,-0.11549291890078683,0,0,精金,2022-12-01,1,21.6,S2,volume_expansion_only,3049,2022-12-01
early_watch,0.2953367875647668,-0.06735751295336789,0.36269430051813467,-0.06735751295336789,-0.13307984790874527,0,0,上銀,2022-12-01,2,23.6,S2,volume_expansion_only,2049,2022-12-01
early_watch,0.012222184075249665,-0.07111114925808382,0.1777778201633029,-0.07111114925808382,-0.16603775146636413,0,0,益航,2022-12-01,3,21.6,S2,volume_expansion_only,2601,2022-12-01
early_watch,0.4614220877458397,-0.033282904689863835,0.9969742813918308,-0.033282904689863835,-0.2681818181818182,0,0,中裕,2022-12-01,4,25.6,S2,volume_expansion_only,4147,2022-12-01
early_watch,3.2405063291139244,-0.13037978546528872,3.2405063291139244,-0.13037978546528872,-0.16117221406236182,1,0,華孚,2022-12-01,5,23.6,S2,volume_expansion_only,6235,2022-12-01
early_watch,0.15240328253223923,-0.01289566236811246,0.29542790152403287,-0.01289566236811246,-0.18552036199095023,0,0,翔名,2022-12-01,6,25.6,S2,volume_expansion_only,8091,2022-12-01
early_watch,0.6299212850704357,-0.08923878864433665,0.863517135000039,-0.08923878864433665,-0.13098590474733163,0,0,毅嘉,2022-12-01,7,25.6,S2,volume_expansion_only,2402,2022-12-01
early_watch,0.12234578652615014,-0.009100116400336034,0.23862485449957993,-0.009100116400336034,-0.11836734693877549,0,0,宇隆,2022-12-01,8,8.6,S2,volume_expansion_only,2233,2022-12-01
early_watch,0.3399209486166008,-0.11857707509881421,0.3992094861660078,-0.11857707509881421,-0.15068493150684936,0,0,旺矽,2022-12-01,9,33.6,S2,volume_expansion_only,6223,2022-12-01
early_watch,-0.035164801629035014,-0.05934067610855942,0.09670333023909694,-0.05934067610855942,-0.13827657945662508,0,0,中櫃,2022-12-01,10,9.6,S2,volume_expansion_only,2613,2022-12-01
early_watch,0.3597360330143802,-0.03630358091810326,0.44224428591698084,-0.03630358091810326,-0.09844557998125858,0,0,友訊,2022-12-01,11,9.6,S2,volume_expansion_only,2332,2022-12-01
early_watch,-0.07341772151898729,-0.19873417721518993,-0.025316455696202556,-0.19873417721518993,-0.19873417721518993,0,0,矽瑪,2022-12-01,12,27.6,S2,volume_expansion_only,3511,2022-12-01
early_watch,0.20430107526881724,-0.1792114695340502,0.2616487455197132,-0.1792114695340502,-0.22108843537414968,0,0,茂達,2022-12-01,13,33.2,S2,volume_expansion_only,6138,2022-12-01
early_watch,-0.08133971291866027,-0.21291866028708128,0.22009569377990434,-0.21291866028708128,-0.3549019607843137,0,0,八方雲集,2022-12-01,14,14.6,S2,volume_expansion_only,2753,2022-12-01
early_watch,0.17711774560702342,-0.028602840023301157,0.19361942136706412,-0.028602840023301157,-0.05633803770386525,0,0,禾伸堂,2022-12-01,15,25.6,S2,volume_expansion_only,3026,2022-12-01
early_watch,0.5012722646310432,-0.18575063613231557,0.7709923664122138,-0.18575063613231557,-0.19396551724137934,0,0,德微,2022-12-01,16,23.6,S2,volume_expansion_only,3675,2022-12-01
early_watch,0.31843580359849555,-0.03631282862472174,0.3868715805580434,-0.03631282862472174,-0.15540543443128452,0,0,麗清,2022-12-01,17,23.6,S2,volume_expansion_only,3346,2022-12-01
early_watch,-0.12117496041959619,-0.14075887918680552,0.045287695420364704,-0.14075887918680552,-0.17798599889990208,0,0,興農,2022-12-01,18,23.6,S2,volume_expansion_only,1712,2022-12-01
early_watch,0.16439790575916224,-0.0460732984293194,0.31099476439790585,-0.0460732984293194,-0.19648562300319494,0,0,精確,2022-12-01,19,25.6,S2,volume_expansion_only,3162,2022-12-01
early_watch,-0.02529757478339667,-0.07589283788285195,0.02976190611348417,-0.07589283788285195,-0.08381496644720032,0,0,長興,2022-12-01,20,10.6,S2,volume_expansion_only,1717,2022-12-01
early_watch,-0.02898550724637683,-0.12463768115942031,0.1420289855072463,-0.12463768115942031,-0.20304568527918787,0,0,亞元,2022-12-01,1,36.6,S2,ma_alignment_only,6109,2022-12-01
early_watch,1.0547111823407587,-0.039513688351525245,1.255319122896232,-0.039513688351525245,-0.1366906502607219,0,0,王品,2022-12-01,2,36.6,S2,ma_alignment_only,2727,2022-12-01
early_watch,-0.176068376068376,-0.19145299145299155,0.06666666666666665,-0.19145299145299155,-0.23397435897435903,0,0,台翰,2022-12-01,3,35.2,S2,ma_alignment_only,1336,2022-12-01
early_watch,-0.1384803921568627,-0.26960784313725483,-0.02941176470588225,-0.26960784313725483,-0.26960784313725483,0,0,利機,2022-12-01,4,33.6,S2,ma_alignment_only,3444,2022-12-01
early_watch,0.3399209486166008,-0.11857707509881421,0.3992094861660078,-0.11857707509881421,-0.15068493150684936,0,0,旺矽,2022-12-01,5,33.6,S2,ma_alignment_only,6223,2022-12-01
early_watch,0.5127819319416707,0.00601506053953238,0.5548872409906602,0.00601506053953238,-0.21837943814784833,0,0,盛達,2022-12-01,6,33.6,S2,ma_alignment_only,3027,2022-12-01
early_watch,-0.04815574069876605,-0.24282785730475953,-0.02254097020552348,-0.24282785730475953,-0.24282785730475953,0,0,奇偶,2022-12-01,7,33.6,S2,ma_alignment_only,3356,2022-12-01
early_watch,0.16053021032296377,-0.03240065579082829,0.16347567341203262,-0.03240065579082829,-0.0462585241616178,0,0,創見,2022-12-01,8,31.2,S2,ma_alignment_only,2451,2022-12-01
early_watch,0.16981132075471694,-0.0745283162818765,0.18867924528301883,-0.0745283162818765,-0.10000001399888903,0,0,瑞儀,2022-12-01,9,31.2,S2,ma_alignment_only,6176,2022-12-01
early_watch,2.5011990407673856,-0.08153477218225436,2.5011990407673856,-0.08153477218225436,-0.21064814814814814,1,0,營邦,2022-12-01,10,29.6,S2,ma_alignment_only,3693,2022-12-01
early_watch,0.21803278688524586,-0.1081967213114754,0.21803278688524586,-0.1081967213114754,-0.1081967213114754,0,0,台達電,2022-12-01,11,29.6,S2,ma_alignment_only,2308,2022-12-01
early_watch,-0.01172530576203945,-0.02010051503524246,0.09882743108513048,-0.02010051503524246,-0.10670731955522028,0,0,聯強,2022-12-01,12,29.6,S2,ma_alignment_only,2347,2022-12-01
early_watch,0.16279069767441867,0.023255813953488413,0.30232558139534893,0.023255813953488413,-0.17559523809523814,0,0,美食-KY,2022-12-01,13,29.6,S2,ma_alignment_only,2723,2022-12-01
early_watch,0.2992424242424243,-0.0757575757575758,0.40909090909090917,-0.0757575757575758,-0.1961414790996785,0,0,漢來美食,2022-12-01,14,27.6,S2,ma_alignment_only,1268,2022-12-01
early_watch,-0.07341772151898729,-0.19873417721518993,-0.025316455696202556,-0.19873417721518993,-0.19873417721518993,0,0,矽瑪,2022-12-01,15,27.6,S2,ma_alignment_only,3511,2022-12-01
early_watch,-0.1673728813559323,-0.23093220338983067,0.029661016949152463,-0.23093220338983067,-0.23093220338983067,0,0,華盈,2022-12-01,16,27.6,S2,ma_alignment_only,3520,2022-12-01
early_watch,0.16404199475065617,-0.04199475065616798,0.25984251968503935,-0.04199475065616798,-0.08124999999999993,0,0,宇峻,2022-12-01,17,27.6,S2,ma_alignment_only,3546,2022-12-01
early_watch,1.1027667984189722,-0.006587615283267456,1.1027667984189722,-0.006587615283267456,-0.14230769230769225,0,0,聯合,2022-12-01,18,27.6,S2,ma_alignment_only,4129,2022-12-01
early_watch,0.14185639229422065,-0.007005253940455369,0.2837127845884413,-0.007005253940455369,-0.11050477489768074,0,0,亞泰,2022-12-01,19,27.6,S2,ma_alignment_only,4974,2022-12-01
early_watch,-0.33386327503974567,-0.3672496025437202,-0.06359300476947538,-0.3672496025437202,-0.3672496025437202,0,0,天鉞電,2022-12-01,20,27.6,S2,ma_alignment_only,5251,2022-12-01
early_watch,2.950381735872883,-0.04198477989406957,3.150763119395875,-0.04198477989406957,-0.12847224531672252,1,0,華城,2023-01-03,1,36.6,S2,radar_model,1519,2023-01-03
early_watch,0.22421524663677128,0.002989536621823552,0.3946188340807175,0.002989536621823552,-0.15434083601286175,0,0,聯詠,2023-01-03,2,36.6,S2,radar_model,3034,2023-01-03
early_watch,3.1227622649720628,0.06393867424389255,3.1227622649720628,0.06393867424389255,-0.16011237944893453,1,0,材料*-KY,2023-01-03,3,36.6,S2,radar_model,4763,2023-01-03
early_watch,0.979328165374677,-0.07493540051679581,1.0206718346253232,-0.07493540051679581,-0.24404761904761907,0,0,高力,2023-01-03,4,36.6,S2,radar_model,8996,2023-01-03
early_watch,0.04643448991097143,-0.0016584300043398503,0.08955219363281275,-0.0016584300043398503,-0.04566206426024433,0,0,達麗,2023-01-03,5,35.2,S2,radar_model,6177,2023-01-03
early_watch,-0.14821763602251403,-0.1923076923076923,0.2476547842401502,-0.1923076923076923,-0.3526315789473685,0,0,天宇,2023-01-03,6,34.6,S2,radar_model,8171,2023-01-03
early_watch,0.5325936524071058,-0.02080443872045845,0.9556172397230942,-0.02080443872045845,-0.2163120567375887,0,0,中興電,2023-01-03,7,34.6,S2,radar_model,1513,2023-01-03
early_watch,0.4008810572687227,-0.18355359765051382,0.7033773861967696,-0.18355359765051382,-0.18355359765051382,0,0,光聚晶電,2023-01-03,8,33.2,S2,radar_model,6111,2023-01-03
early_watch,0.005059035048539773,-0.0505902089620508,0.037099496007060306,-0.0505902089620508,-0.06504065983671659,0,0,冠德,2023-01-03,9,33.2,S2,radar_model,2520,2023-01-03
early_watch,0.15873015873015883,-0.09070294784580502,0.20181405895691595,-0.09070294784580502,-0.2059405940594059,0,0,世鎧,2023-01-03,10,32.6,S2,radar_model,2063,2023-01-03
early_watch,0.10869565217391308,-0.08478260869565213,0.31739130434782603,-0.08478260869565213,-0.18316831683168322,0,0,東浦,2023-01-03,11,27.6,S2,radar_model,3290,2023-01-03
early_watch,0.11340206185566992,-0.003436426116838587,0.2594501718213058,-0.003436426116838587,-0.13233287858117315,0,0,亞泰,2023-01-03,12,27.6,S2,radar_model,4974,2023-01-03
early_watch,0.04301075268817223,-0.09677419354838712,0.29032258064516125,-0.09677419354838712,-0.24308588064046588,0,0,廣錠,2023-01-03,13,27.6,S2,radar_model,6441,2023-01-03
early_watch,0.07999999999999985,-0.0028571428571428914,0.3142857142857143,-0.0028571428571428914,-0.21304347826086956,0,0,有益,2023-01-03,14,27.6,S2,radar_model,9962,2023-01-03
early_watch,0.9272300709300574,0.05164320010861645,1.3145540717446806,0.05164320010861645,-0.22247193229529993,0,0,樂事綠能,2023-01-03,15,27.6,S2,radar_model,1529,2023-01-03
early_watch,0.0,-0.012307739257812478,0.16615389310396633,-0.012307739257812478,-0.15303437515160656,0,0,榮成,2023-01-03,16,27.6,S2,radar_model,1909,2023-01-03
early_watch,0.5259740637735655,-0.09577918599560198,0.5470780099417454,-0.09577918599560198,-0.24217686036817065,0,0,承啟,2023-01-03,17,27.6,S2,radar_model,2425,2023-01-03
early_watch,-0.0562200602156363,-0.19138756330184503,0.05263159816014773,-0.19138756330184503,-0.23181819915771484,0,0,麗臺,2023-01-03,18,27.6,S2,radar_model,2465,2023-01-03
early_watch,-0.14726027397260277,-0.15410958904109584,0.15068493150684925,-0.15410958904109584,-0.26488095238095233,0,0,美食-KY,2023-01-03,19,27.6,S2,radar_model,2723,2023-01-03
early_watch,0.8358662489982056,0.009118496393540232,1.255319122896232,0.009118496393540232,-0.21698115767275927,0,0,王品,2023-01-03,20,27.6,S2,radar_model,2727,2023-01-03
early_watch,0.5190934882627767,-0.07236060467511096,0.9140093159886147,-0.07236060467511096,-0.28481012658227844,0,0,雷虎,2023-01-03,1,0.0,S2,random_top_n,8033,2023-01-03
early_watch,-0.13186813186813184,-0.15164835164835166,0.15384615384615374,-0.15164835164835166,-0.26476190476190475,0,0,新盛力,2023-01-03,2,11.0,S2,random_top_n,4931,2023-01-03
early_watch,0.7511627906976743,0.0046511627906977715,0.8511627906976742,0.0046511627906977715,-0.19907407407407407,0,0,國統,2023-01-03,3,14.0,S2,random_top_n,8936,2023-01-03
early_watch,0.1606217349752621,-0.015544097156908965,0.3730569765620215,-0.015544097156908965,-0.21509432373136117,0,0,旭富,2023-01-03,4,22.6,S2,random_top_n,4119,2023-01-03
early_watch,-0.09051725484528195,-0.10129311655987983,0.0775861714597843,-0.10129311655987983,-0.16599998474121092,0,0,建漢,2023-01-03,5,9.0,S2,random_top_n,3062,2023-01-03
early_watch,0.0648148332385643,0.01851851284967254,0.16975312373965612,0.01851851284967254,-0.11873356723566852,0,0,矽統,2023-01-03,6,0.0,S2,random_top_n,2363,2023-01-03
early_watch,-0.037878787878787845,-0.0696969696969697,0.16363636363636358,-0.0696969696969697,-0.17447916666666663,0,0,國眾,2023-01-03,7,12.0,S2,random_top_n,5410,2023-01-03
early_watch,0.6417910915144476,-0.04664179237256949,0.7518657499816026,-0.04664179237256949,-0.1347881873469775,0,0,科妍,2023-01-03,8,17.0,S2,random_top_n,1786,2023-01-03
early_watch,0.2705882352941176,0.0013071895424836555,0.6339869281045751,0.0013071895424836555,-0.24,0,0,長園科,2023-01-03,9,12.0,S2,random_top_n,8038,2023-01-03
early_watch,0.0,-0.012307739257812478,0.16615389310396633,-0.012307739257812478,-0.15303437515160656,0,0,榮成,2023-01-03,10,27.6,S2,random_top_n,1909,2023-01-03
early_watch,-0.014344278153345713,-0.020491803599057445,0.08606559075004694,-0.020491803599057445,-0.0981132219422538,0,0,盛餘,2023-01-03,11,20.6,S2,random_top_n,2029,2023-01-03
early_watch,0.022123893805309658,-0.008849557522123908,0.1327433628318584,-0.008849557522123908,-0.109375,0,0,中華電,2023-01-03,12,22.6,S2,random_top_n,2412,2023-01-03
early_watch,-0.010482180125843454,-0.019916158233640013,0.10062891321355938,-0.019916158233640013,-0.10952380952380958,0,0,台灣大,2023-01-03,13,22.6,S2,random_top_n,3045,2023-01-03
early_watch,0.23589743589743595,-0.017094017094017144,0.27692307692307705,-0.017094017094017144,-0.10413694721825961,0,0,萬泰科,2023-01-03,14,9.0,S2,random_top_n,6190,2023-01-03
early_watch,0.0061349681040310244,-0.07975458535240287,0.19018407757261024,-0.07975458535240287,-0.16494847257328082,0,0,杏輝,2023-01-03,15,15.0,S2,random_top_n,1734,2023-01-03
early_watch,-0.34513275033358903,-0.35398234121576533,0.22713854282171897,-0.35398234121576533,-0.47355768216784855,0,0,淘帝-KY,2023-01-03,16,19.6,S2,random_top_n,2929,2023-01-03
early_watch,0.17759999999999998,-0.014399999999999968,0.1936,-0.014399999999999968,-0.13725490196078438,0,0,安國,2023-01-03,17,11.0,S2,random_top_n,8054,2023-01-03
early_watch,-0.10248450516210272,-0.1149068532693317,0.11024842089899622,-0.1149068532693317,-0.2027972027972028,0,0,永邑-KY,2023-01-03,18,9.0,S2,random_top_n,2939,2023-01-03
early_watch,0.013812154405032029,-0.10773484651060061,0.1104972352402569,-0.10773484651060061,-0.19651744716288544,0,0,高林,2023-01-03,19,17.6,S2,random_top_n,2906,2023-01-03
early_watch,0.0037736232925511537,-0.005031465734325891,0.08050316384753331,-0.005031465734325891,-0.07916185018587207,0,0,佳格,2023-01-03,20,19.6,S2,random_top_n,1227,2023-01-03
early_watch,0.10841654778887322,0.0028530670470756636,0.31241084165477906,0.0028530670470756636,-0.23586956521739133,0,0,橘子,2023-01-03,1,16.6,S2,breakout_120d_only,6180,2023-01-03
early_watch,-0.14821763602251403,-0.1923076923076923,0.2476547842401502,-0.1923076923076923,-0.3526315789473685,0,0,天宇,2023-01-03,2,34.6,S2,breakout_120d_only,8171,2023-01-03
early_watch,2.950381735872883,-0.04198477989406957,3.150763119395875,-0.04198477989406957,-0.12847224531672252,1,0,華城,2023-01-03,3,36.6,S2,breakout_120d_only,1519,2023-01-03
early_watch,0.5325936524071058,-0.02080443872045845,0.9556172397230942,-0.02080443872045845,-0.2163120567375887,0,0,中興電,2023-01-03,4,34.6,S2,breakout_120d_only,1513,2023-01-03
early_watch,3.1227622649720628,0.06393867424389255,3.1227622649720628,0.06393867424389255,-0.16011237944893453,1,0,材料*-KY,2023-01-03,5,36.6,S2,breakout_120d_only,4763,2023-01-03
early_watch,0.22421524663677128,0.002989536621823552,0.3946188340807175,0.002989536621823552,-0.15434083601286175,0,0,聯詠,2023-01-03,6,36.6,S2,breakout_120d_only,3034,2023-01-03
early_watch,0.979328165374677,-0.07493540051679581,1.0206718346253232,-0.07493540051679581,-0.24404761904761907,0,0,高力,2023-01-03,7,36.6,S2,breakout_120d_only,8996,2023-01-03
early_watch,0.15873015873015883,-0.09070294784580502,0.20181405895691595,-0.09070294784580502,-0.2059405940594059,0,0,世鎧,2023-01-03,8,32.6,S2,breakout_120d_only,2063,2023-01-03
early_watch,0.20575219203725847,-0.11061946715938153,0.4103982062821143,-0.11061946715938153,-0.16078431372549018,0,0,森崴能源,2023-01-03,9,27.6,S2,breakout_120d_only,6806,2023-01-03
early_watch,-0.14821763602251403,-0.1923076923076923,0.2476547842401502,-0.1923076923076923,-0.3526315789473685,0,0,天宇,2023-01-03,1,34.6,S2,volume_expansion_only,8171,2023-01-03
early_watch,0.04643448991097143,-0.0016584300043398503,0.08955219363281275,-0.0016584300043398503,-0.04566206426024433,0,0,達麗,2023-01-03,2,35.2,S2,volume_expansion_only,6177,2023-01-03
early_watch,-0.01228878648233489,-0.03840245775729645,0.36712749615975415,-0.03840245775729645,-0.2966292134831461,0,0,瑞鼎,2023-01-03,3,27.6,S2,volume_expansion_only,3592,2023-01-03
early_watch,-0.11144576951981766,-0.11345377103895582,0.129518089593452,-0.11345377103895582,-0.21511108398437495,0,0,上緯投控,2023-01-03,4,22.6,S2,volume_expansion_only,3708,2023-01-03
early_watch,0.14227635720660547,0.02439017506693575,0.5,0.02439017506693575,-0.2628726304744905,0,0,天鈺,2023-01-03,5,22.6,S2,volume_expansion_only,4961,2023-01-03
early_watch,-0.011381959342889214,-0.06607143587899711,0.29207926392987926,-0.06607143587899711,-0.27718941848780665,0,0,誠美材,2023-01-03,6,20.6,S2,volume_expansion_only,4960,2023-01-03
early_watch,-0.09124087591240881,-0.15328467153284675,0.04744525547445266,-0.15328467153284675,-0.19163763066202089,0,0,鈺齊-KY,2023-01-03,7,14.0,S2,volume_expansion_only,9802,2023-01-03
early_watch,0.19137466307277617,-0.013477088948787075,0.3638814016172507,-0.013477088948787075,-0.15019762845849804,0,0,矽創,2023-01-03,8,22.6,S2,volume_expansion_only,8016,2023-01-03
early_watch,-0.1183035714285714,-0.1339285714285714,0.1294642857142858,-0.1339285714285714,-0.23320158102766808,0,0,綠電,2023-01-03,9,17.0,S2,volume_expansion_only,8440,2023-01-03
early_watch,0.3311036789297659,-0.02006688963210701,0.36789297658862874,-0.02006688963210701,-0.11224489795918369,0,0,致新,2023-01-03,10,22.6,S2,volume_expansion_only,8081,2023-01-03
early_watch,-0.14109589041095882,-0.15479452054794518,0.1479452054794521,-0.15479452054794518,-0.2637231503579952,0,0,建達,2023-01-03,11,9.6,S2,volume_expansion_only,6118,2023-01-03
early_watch,1.0786885004269449,0.02131146607404677,1.2590163418212006,0.02131146607404677,-0.15094339286890013,0,0,亞力,2023-01-03,12,22.6,S2,volume_expansion_only,1514,2023-01-03
early_watch,0.3458979738271397,-0.07095345884445947,0.39689573786169485,-0.07095345884445947,-0.10470085626418679,0,0,聚陽,2023-01-03,13,17.0,S2,volume_expansion_only,1477,2023-01-03
early_watch,0.3277591973244147,-0.006688963210702337,0.46153846153846145,-0.006688963210702337,-0.1212814645308925,0,0,大學光,2023-01-03,14,9.6,S2,volume_expansion_only,3218,2023-01-03
early_watch,0.9272300709300574,0.05164320010861645,1.3145540717446806,0.05164320010861645,-0.22247193229529993,0,0,樂事綠能,2023-01-03,15,27.6,S2,volume_expansion_only,1529,2023-01-03
early_watch,2.950381735872883,-0.04198477989406957,3.150763119395875,-0.04198477989406957,-0.12847224531672252,1,0,華城,2023-01-03,16,36.6,S2,volume_expansion_only,1519,2023-01-03
early_watch,0.5325936524071058,-0.02080443872045845,0.9556172397230942,-0.02080443872045845,-0.2163120567375887,0,0,中興電,2023-01-03,17,34.6,S2,volume_expansion_only,1513,2023-01-03
early_watch,0.059347179665332206,-0.022255192374499577,0.21216609938610542,-0.022255192374499577,-0.15299878172478854,0,0,南茂,2023-01-03,18,22.6,S2,volume_expansion_only,8150,2023-01-03
early_watch,0.3876811594202898,-0.03985507246376807,0.5670289855072463,-0.03985507246376807,-0.1317919075144509,0,0,家登,2023-01-03,19,23.6,S2,volume_expansion_only,3680,2023-01-03
early_watch,3.1227622649720628,0.06393867424389255,3.1227622649720628,0.06393867424389255,-0.16011237944893453,1,0,材料*-KY,2023-01-03,20,36.6,S2,volume_expansion_only,4763,2023-01-03
early_watch,2.950381735872883,-0.04198477989406957,3.150763119395875,-0.04198477989406957,-0.12847224531672252,1,0,華城,2023-01-03,1,36.6,S2,ma_alignment_only,1519,2023-01-03
early_watch,0.22421524663677128,0.002989536621823552,0.3946188340807175,0.002989536621823552,-0.15434083601286175,0,0,聯詠,2023-01-03,2,36.6,S2,ma_alignment_only,3034,2023-01-03
early_watch,3.1227622649720628,0.06393867424389255,3.1227622649720628,0.06393867424389255,-0.16011237944893453,1,0,材料*-KY,2023-01-03,3,36.6,S2,ma_alignment_only,4763,2023-01-03
early_watch,0.979328165374677,-0.07493540051679581,1.0206718346253232,-0.07493540051679581,-0.24404761904761907,0,0,高力,2023-01-03,4,36.6,S2,ma_alignment_only,8996,2023-01-03
early_watch,0.04643448991097143,-0.0016584300043398503,0.08955219363281275,-0.0016584300043398503,-0.04566206426024433,0,0,達麗,2023-01-03,5,35.2,S2,ma_alignment_only,6177,2023-01-03
early_watch,-0.14821763602251403,-0.1923076923076923,0.2476547842401502,-0.1923076923076923,-0.3526315789473685,0,0,天宇,2023-01-03,6,34.6,S2,ma_alignment_only,8171,2023-01-03
early_watch,0.15873015873015883,-0.09070294784580502,0.20181405895691595,-0.09070294784580502,-0.2059405940594059,0,0,世鎧,2023-01-03,7,32.6,S2,ma_alignment_only,2063,2023-01-03
early_watch,0.10869565217391308,-0.08478260869565213,0.31739130434782603,-0.08478260869565213,-0.18316831683168322,0,0,東浦,2023-01-03,8,27.6,S2,ma_alignment_only,3290,2023-01-03
early_watch,0.11340206185566992,-0.003436426116838587,0.2594501718213058,-0.003436426116838587,-0.13233287858117315,0,0,亞泰,2023-01-03,9,27.6,S2,ma_alignment_only,4974,2023-01-03
early_watch,0.04301075268817223,-0.09677419354838712,0.29032258064516125,-0.09677419354838712,-0.24308588064046588,0,0,廣錠,2023-01-03,10,27.6,S2,ma_alignment_only,6441,2023-01-03
early_watch,0.07999999999999985,-0.0028571428571428914,0.3142857142857143,-0.0028571428571428914,-0.21304347826086956,0,0,有益,2023-01-03,11,27.6,S2,ma_alignment_only,9962,2023-01-03
early_watch,0.9272300709300574,0.05164320010861645,1.3145540717446806,0.05164320010861645,-0.22247193229529993,0,0,樂事綠能,2023-01-03,12,27.6,S2,ma_alignment_only,1529,2023-01-03
early_watch,0.0,-0.012307739257812478,0.16615389310396633,-0.012307739257812478,-0.15303437515160656,0,0,榮成,2023-01-03,13,27.6,S2,ma_alignment_only,1909,2023-01-03
early_watch,0.5259740637735655,-0.09577918599560198,0.5470780099417454,-0.09577918599560198,-0.24217686036817065,0,0,承啟,2023-01-03,14,27.6,S2,ma_alignment_only,2425,2023-01-03
early_watch,-0.0562200602156363,-0.19138756330184503,0.05263159816014773,-0.19138756330184503,-0.23181819915771484,0,0,麗臺,2023-01-03,15,27.6,S2,ma_alignment_only,2465,2023-01-03
early_watch,-0.14726027397260277,-0.15410958904109584,0.15068493150684925,-0.15410958904109584,-0.26488095238095233,0,0,美食-KY,2023-01-03,16,27.6,S2,ma_alignment_only,2723,2023-01-03
early_watch,0.8358662489982056,0.009118496393540232,1.255319122896232,0.009118496393540232,-0.21698115767275927,0,0,王品,2023-01-03,17,27.6,S2,ma_alignment_only,2727,2023-01-03
early_watch,-0.25274725274725274,-0.27692307692307694,0.1208791208791209,-0.27692307692307694,-0.3549019607843137,0,0,八方雲集,2023-01-03,18,27.6,S2,ma_alignment_only,2753,2023-01-03
early_watch,0.8355704697986577,-0.13422818791946312,0.919463087248322,-0.13422818791946312,-0.2321428571428571,0,0,華擎,2023-01-03,19,27.6,S2,ma_alignment_only,3515,2023-01-03
early_watch,0.8526844346694904,-0.014851488513145217,0.9801981059365175,-0.014851488513145217,-0.09862384250487932,0,0,洋基工程,2023-01-03,20,27.6,S2,ma_alignment_only,6691,2023-01-03
early_watch,0.12615955473098328,-0.01855287569573283,0.2152133580705009,-0.01855287569573283,-0.11241610738255037,0,0,欣銓,2023-02-01,1,36.6,S2,radar_model,3264,2023-02-01
early_watch,0.9296875,-0.09375,1.15625,-0.09375,-0.17753623188405798,0,0,台燿,2023-02-01,2,36.6,S2,radar_model,6274,2023-02-01
early_watch,0.21775544388609713,-0.09547738693467334,0.306532663316583,-0.09547738693467334,-0.15625,0,0,鈺太,2023-02-01,3,36.6,S2,radar_model,6679,2023-02-01
early_watch,-0.1958998175375617,-0.23234625076098425,-0.009111651753431205,-0.23234625076098425,-0.23234625076098425,0,0,新鋼,2023-02-01,4,36.6,S2,radar_model,2032,2023-02-01
early_watch,-0.07411170610921636,-0.08527920330841532,0.10659898477157359,-0.08527920330841532,-0.17339450941173307,0,0,聯電,2023-02-01,5,36.6,S2,radar_model,2303,2023-02-01
early_watch,0.07125890736342044,-0.028503562945368155,0.13539192399049882,-0.028503562945368155,-0.14435146443514646,0,0,漢唐,2023-02-01,6,36.6,S2,radar_model,2404,2023-02-01
early_watch,0.7220171555328498,0.006150061269760254,0.9434193612442163,0.006150061269760254,-0.11788617886178865,0,0,聯陽,2023-02-01,7,36.6,S2,radar_model,3014,2023-02-01
early_watch,0.06170601851242874,-0.016333897206990744,0.34119788697612474,-0.016333897206990744,-0.21109610239122156,0,0,威健,2023-02-01,8,36.6,S2,radar_model,3033,2023-02-01
early_watch,-0.02737226315480623,-0.0529196669991997,0.09124087718268736,-0.0529196669991997,-0.13210698682226207,0,0,日電貿,2023-02-01,9,36.6,S2,radar_model,3090,2023-02-01
early_watch,0.03079421187317477,0.01782823159619018,0.43273911240085705,0.01782823159619018,-0.283936655547287,0,0,訊映,2023-02-01,10,36.6,S2,radar_model,4155,2023-02-01
early_watch,0.6147636093179638,-0.010380552804651777,0.8362168691110883,-0.010380552804651777,-0.20603012594922943,0,0,佳必琪,2023-02-01,11,36.6,S2,radar_model,6197,2023-02-01
early_watch,-0.08574886282404426,-0.2342995267011292,0.03743959371817063,-0.2342995267011292,-0.2342995267011292,0,0,聯茂,2023-02-01,12,36.6,S2,radar_model,6213,2023-02-01
early_watch,0.21489619226148382,-0.028083064821812664,0.21489619226148382,-0.028083064821812664,-0.12334806388995923,0,0,騰輝電子-KY,2023-02-01,13,36.6,S2,radar_model,6672,2023-02-01
early_watch,0.10256410256410264,-0.03263403263403264,0.17948717948717952,-0.03263403263403264,-0.17984189723320154,0,0,矽創,2023-02-01,14,36.6,S2,radar_model,8016,2023-02-01
early_watch,0.44285714285714284,-0.11999998546781998,0.5761904761904761,-0.11999998546781998,-0.16595744680851066,0,0,世紀鋼,2023-02-01,15,36.6,S2,radar_model,9958,2023-02-01
early_watch,-0.0650887573964497,-0.0650887573964497,0.01656806539501665,-0.0650887573964497,-0.08032597675566,0,0,佳格,2023-02-01,16,35.2,S2,radar_model,1227,2023-02-01
early_watch,0.07641199718472813,-0.0664451818821653,0.15614613940285027,-0.0664451818821653,-0.10793649582635789,0,0,聯成,2023-02-01,17,35.2,S2,radar_model,1313,2023-02-01
early_watch,0.6645161290322581,0.021935444493447642,0.6980645948840727,0.021935444493447642,-0.09638552832523839,0,0,京元電子,2023-02-01,18,35.2,S2,radar_model,2449,2023-02-01
early_watch,0.008474576271186418,-0.011864419710838181,0.22372876183461332,-0.011864419710838181,-0.19252075205967245,0,0,立隆電,2023-02-01,19,35.2,S2,radar_model,2472,2023-02-01
early_watch,0.023675379659156226,-0.054114944616786786,0.10146561792162889,-0.054114944616786786,-0.10644825200960761,0,0,晶技,2023-02-01,20,35.2,S2,radar_model,3042,2023-02-01
early_watch,0.12166671752929692,-0.033333333333333326,0.36500002543131504,-0.033333333333333326,-0.21611726798373554,0,0,永崴投控,2023-02-01,1,27.6,S2,random_top_n,3712,2023-02-01
early_watch,0.0396475770925111,0.0,0.2070484581497798,0.0,-0.1551094890510949,0,0,耕興,2023-02-01,2,22.6,S2,random_top_n,6146,2023-02-01
early_watch,0.5118483412322274,-0.004739336492891044,0.8341232227488151,-0.004739336492891044,-0.21188630490956073,0,0,雄獅,2023-02-01,3,24.6,S2,random_top_n,2731,2023-02-01
early_watch,-0.05164319248826288,-0.06854460093896708,0.04225352112676051,-0.06854460093896708,-0.10630630630630633,0,0,大中,2023-02-01,4,22.6,S2,random_top_n,6435,2023-02-01
early_watch,-0.004629625030506013,-0.03240748559250928,0.2268518472527281,-0.03240748559250928,-0.1990566541903278,0,0,益航,2023-02-01,5,14.0,S2,random_top_n,2601,2023-02-01
early_watch,-0.14617165098055962,-0.16241296913610537,0.07888638729698294,-0.16241296913610537,-0.22365594679309475,0,0,揚智,2023-02-01,6,22.6,S2,random_top_n,3041,2023-02-01
early_watch,-0.2314814814814815,-0.2314814814814815,0.10555555555555562,-0.2314814814814815,-0.30485762144053596,0,0,晶心科,2023-02-01,7,11.6,S2,random_top_n,6533,2023-02-01
early_watch,-0.019607843137254832,-0.019607843137254832,0.2524509803921571,-0.019607843137254832,-0.21722113502935425,0,0,聯一光,2023-02-01,8,20.6,S2,random_top_n,3441,2023-02-01
early_watch,0.36633663366336644,-0.02178214800239786,0.4356435643564356,-0.02178214800239786,-0.11390131792145464,0,0,智易,2023-02-01,9,23.6,S2,random_top_n,3596,2023-02-01
early_watch,0.22068230277185497,0.08742004264392333,0.4125799573560769,0.08742004264392333,-0.23018867924528297,0,0,晶焱,2023-02-01,10,25.6,S2,random_top_n,6411,2023-02-01
early_watch,0.15022086478679442,-0.020618578710124513,0.31369653819882704,-0.020618578710124513,-0.1820418511218963,0,0,明基材,2023-02-01,11,27.6,S2,random_top_n,8215,2023-02-01
early_watch,-0.018711018711018657,-0.053014553014553045,0.26819126819126815,-0.053014553014553045,-0.2532786885245901,0,0,綠界科技*,2023-02-01,12,22.6,S2,random_top_n,6763,2023-02-01
early_watch,0.1748120132272475,-0.03195490110074806,0.1748120132272475,-0.03195490110074806,-0.05054156993930503,0,0,超豐,2023-02-01,13,33.2,S2,random_top_n,2441,2023-02-01
early_watch,0.3079470198675498,0.023178807947019875,0.31898454746136884,0.023178807947019875,-0.09459459459459463,0,0,朋億*,2023-02-01,14,25.6,S2,random_top_n,6613,2023-02-01
early_watch,-0.04411767387060073,-0.05514705727669611,0.04227939655417834,-0.05514705727669611,-0.0934744120942721,0,0,福懋,2023-02-01,15,22.6,S2,random_top_n,1434,2023-02-01
early_watch,-0.2892561983471075,-0.2966942148760331,0.024793388429751984,-0.2966942148760331,-0.31370967741935485,0,0,生華科,2023-02-01,16,21.6,S2,random_top_n,6492,2023-02-01
early_watch,0.30689659984557127,0.013793172593636438,0.32586214441805605,0.013793172593636438,-0.1687587364417329,0,0,良得電,2023-02-01,17,19.6,S2,random_top_n,2462,2023-02-01
early_watch,-0.0527778201633029,-0.06666670905219185,0.03333335452609587,-0.06666670905219185,-0.09677425309100707,0,0,新纖,2023-02-01,18,10.6,S2,random_top_n,1409,2023-02-01
early_watch,0.05675954502984326,-0.01031991727815329,0.21775023882209088,-0.01031991727815329,-0.1669491266800185,0,0,大聯大,2023-02-01,19,22.6,S2,random_top_n,3702,2023-02-01
early_watch,2.076416275438225,0.0026350058527204734,2.484848414789767,0.0026350058527204734,-0.19281663516068048,1,0,廣達,2023-02-01,20,20.6,S2,random_top_n,2382,2023-02-01
early_watch,0.06954888552402005,-0.0018797422440645084,0.3872180825826017,-0.0018797422440645084,-0.2289973011793307,0,0,承業醫,2023-02-01,1,27.6,S2,breakout_120d_only,4164,2023-02-01
early_watch,0.30981067125645434,0.0034423407917383297,0.6987951807228916,0.0034423407917383297,-0.259371833839919,0,0,耀勝,2023-02-01,2,25.6,S2,breakout_120d_only,3207,2023-02-01
early_watch,-0.08603238600657892,-0.08603238600657892,0.11842101808552541,-0.08603238600657892,-0.18280540224653563,0,0,華新科,2023-02-01,3,7.6,S2,breakout_120d_only,2492,2023-02-01
early_watch,0.39686686855678444,0.0,0.46214102129308277,0.0,-0.14693879108039698,0,0,艾笛森,2023-02-01,4,25.6,S2,breakout_120d_only,3591,2023-02-01
early_watch,0.06392694063926951,-0.0730593607305936,0.17808219178082196,-0.0730593607305936,-0.13953488372093026,0,0,原相,2023-02-01,5,9.6,S2,breakout_120d_only,3227,2023-02-01
early_watch,-0.1610284341024224,-0.1772666037663192,0.027063598899921937,-0.1772666037663192,-0.18313572129691658,0,0,第一銅,2023-02-01,6,14.6,S2,breakout_120d_only,2009,2023-02-01
early_watch,0.5437378145335279,-0.039419108514572754,0.6804979313181445,-0.039419108514572754,-0.09531253958272468,0,0,大亞,2023-02-01,7,14.6,S2,breakout_120d_only,1609,2023-02-01
early_watch,0.5233055315843218,0.009602126829405533,0.6154524675333806,0.009602126829405533,-0.14725271630805625,0,0,康舒,2023-02-01,8,29.6,S2,breakout_120d_only,6282,2023-02-01
early_watch,-0.16911764705882348,-0.16911764705882348,0.25,-0.16911764705882348,-0.33529411764705885,0,0,永冠-KY,2023-02-01,9,25.6,S2,breakout_120d_only,1589,2023-02-01
early_watch,0.06825938448059654,0.0011376390487507493,0.38794081777213174,0.0011376390487507493,-0.2786885245901639,0,0,雲豹能源,2023-02-01,10,27.6,S2,breakout_120d_only,6869,2023-02-01
early_watch,0.5228427416178358,-0.04060911025294145,0.8832487867317831,-0.04060911025294145,-0.2210242646109164,0,0,王品,2023-02-01,11,27.6,S2,breakout_120d_only,2727,2023-02-01
early_watch,-0.1322189084215294,-0.1504559432632797,-0.03647418563174054,-0.1504559432632797,-0.1504559432632797,0,0,立益物流,2023-02-01,12,18.6,S2,breakout_120d_only,1443,2023-02-01
early_watch,-0.102112676056338,-0.14436619718309862,0.12323943661971826,-0.14436619718309862,-0.2382445141065831,0,0,新唐,2023-02-01,13,27.6,S2,breakout_120d_only,4919,2023-02-01
early_watch,1.0346715328467155,-0.0036496350364962904,1.0711678832116789,-0.0036496350364962904,-0.11347517730496459,0,0,高技,2023-02-01,14,29.6,S2,breakout_120d_only,5439,2023-02-01
early_watch,0.08141023386159674,0.0042734878146286626,0.15918802019798983,0.0042734878146286626,-0.06709678238661287,0,0,禾伸堂,2023-02-01,15,27.6,S2,breakout_120d_only,3026,2023-02-01
early_watch,0.5901162307155419,0.09883713838279462,1.2151160921000952,0.09883713838279462,-0.28215219220948673,0,0,連宇,2023-02-01,16,26.6,S2,breakout_120d_only,2482,2023-02-01
early_watch,0.025069637883008422,-0.0348189415041783,0.1378830083565461,-0.0348189415041783,-0.10281517747858027,0,0,立敦,2023-02-01,17,16.6,S2,breakout_120d_only,6175,2023-02-01
early_watch,0.09265177089729049,-0.00638973860592329,0.27795537870497733,-0.00638973860592329,-0.18250006870148405,0,0,官田鋼,2023-02-01,18,23.6,S2,breakout_120d_only,2017,2023-02-01
early_watch,0.6147636093179638,-0.010380552804651777,0.8362168691110883,-0.010380552804651777,-0.20603012594922943,0,0,佳必琪,2023-02-01,19,36.6,S2,breakout_120d_only,6197,2023-02-01
early_watch,0.015564202334630295,-0.035019455252918275,0.4396887159533074,-0.035019455252918275,-0.29729729729729726,0,0,奈米醫材,2023-02-01,20,25.6,S2,breakout_120d_only,6612,2023-02-01
early_watch,0.0772532705299891,-0.023605118243339995,0.1652360732847573,-0.023605118243339995,-0.09576428795583436,0,0,和益,2023-02-01,1,23.6,S2,volume_expansion_only,1709,2023-02-01
early_watch,-0.03854625550660795,-0.07268722466960342,0.21696035242290757,-0.07268722466960342,-0.216289592760181,0,0,翔名,2023-02-01,2,12.6,S2,volume_expansion_only,8091,2023-02-01
early_watch,-0.011412203135191423,-0.03138369466661772,0.1369471994734086,-0.03138369466661772,-0.14805515525962054,0,0,希華,2023-02-01,3,23.6,S2,volume_expansion_only,2484,2023-02-01
early_watch,-0.0527778201633029,-0.06666670905219185,0.03333335452609587,-0.06666670905219185,-0.09677425309100707,0,0,新纖,2023-02-01,4,10.6,S2,volume_expansion_only,1409,2023-02-01
early_watch,0.20625000000000004,-0.026249999999999885,0.5699999999999998,-0.026249999999999885,-0.2316878980891719,0,0,榮剛,2023-02-01,5,34.6,S2,volume_expansion_only,5009,2023-02-01
early_watch,-0.01976284644576498,-0.047430786236270284,0.1620553559331286,-0.047430786236270284,-0.18027208523227511,0,0,凌通,2023-02-01,6,23.6,S2,volume_expansion_only,4952,2023-02-01
early_watch,0.0033333767686634097,-0.0033333767686635207,0.2766666403206468,-0.0033333767686635207,-0.21932116673698443,0,0,為升,2023-02-01,7,23.6,S2,volume_expansion_only,2231,2023-02-01
early_watch,0.36633663366336644,-0.02178214800239786,0.4356435643564356,-0.02178214800239786,-0.11390131792145464,0,0,智易,2023-02-01,8,23.6,S2,volume_expansion_only,3596,2023-02-01
early_watch,-0.16666665308156225,-0.170940173726859,0.0,-0.170940173726859,-0.170940173726859,0,0,台達化,2023-02-01,9,23.6,S2,volume_expansion_only,1309,2023-02-01
early_watch,-0.1585820940667364,-0.1585820940667364,0.03731343389805564,-0.1585820940667364,-0.18884892604605386,0,0,松翰,2023-02-01,10,23.6,S2,volume_expansion_only,5471,2023-02-01
early_watch,0.5753424657534247,0.06621004566210043,0.7648401826484019,0.06621004566210043,-0.18834080717488788,0,0,愛普*,2023-02-01,11,31.2,S2,volume_expansion_only,6531,2023-02-01
early_watch,0.21395348837209305,-0.020155038759689825,0.24496124031007738,-0.020155038759689825,-0.16064757160647558,0,0,兆利,2023-02-01,12,31.2,S2,volume_expansion_only,3548,2023-02-01
early_watch,-0.12979890310786113,-0.15082266910420472,0.1261425959780622,-0.15082266910420472,-0.2459415584415584,0,0,佳邦,2023-02-01,13,25.6,S2,volume_expansion_only,6284,2023-02-01
early_watch,-0.03968253968253965,-0.10317460317460314,0.015873015873015817,-0.10317460317460314,-0.11372549019607847,0,0,廣越,2023-02-01,14,23.6,S2,volume_expansion_only,4438,2023-02-01
early_watch,0.040616246498599295,-0.021008403361344574,0.15826330532212873,-0.021008403361344574,-0.13064713064713063,0,0,光洋科,2023-02-01,15,25.6,S2,volume_expansion_only,1785,2023-02-01
early_watch,0.15921052631578947,-0.025000000000000022,0.519736842105263,-0.025000000000000022,-0.23722943722943723,0,0,點序,2023-02-01,16,25.6,S2,volume_expansion_only,6485,2023-02-01
early_watch,0.20035772169088673,-0.014311324327736408,0.2325581331868416,-0.014311324327736408,-0.10911812982446578,0,0,正文,2023-02-01,17,12.6,S2,volume_expansion_only,4906,2023-02-01
early_watch,0.024752474312641715,-0.0297029880598092,0.13613860871952888,-0.0297029880598092,-0.13289764893317302,0,0,國際中橡,2023-02-01,18,25.6,S2,volume_expansion_only,2104,2023-02-01
early_watch,0.007108986531678241,-0.010663524995351392,0.11255923967118764,-0.010663524995351392,-0.11075613798592598,0,0,新日興,2023-02-01,19,25.6,S2,volume_expansion_only,3376,2023-02-01
early_watch,0.29388307181350504,-0.018616940868334653,0.4468086099344055,-0.018616940868334653,-0.10753680376342312,0,0,億光,2023-02-01,20,14.6,S2,volume_expansion_only,2393,2023-02-01
early_watch,0.12615955473098328,-0.01855287569573283,0.2152133580705009,-0.01855287569573283,-0.11241610738255037,0,0,欣銓,2023-02-01,1,36.6,S2,ma_alignment_only,3264,2023-02-01
early_watch,0.9296875,-0.09375,1.15625,-0.09375,-0.17753623188405798,0,0,台燿,2023-02-01,2,36.6,S2,ma_alignment_only,6274,2023-02-01
early_watch,0.21775544388609713,-0.09547738693467334,0.306532663316583,-0.09547738693467334,-0.15625,0,0,鈺太,2023-02-01,3,36.6,S2,ma_alignment_only,6679,2023-02-01
early_watch,-0.1958998175375617,-0.23234625076098425,-0.009111651753431205,-0.23234625076098425,-0.23234625076098425,0,0,新鋼,2023-02-01,4,36.6,S2,ma_alignment_only,2032,2023-02-01
early_watch,-0.07411170610921636,-0.08527920330841532,0.10659898477157359,-0.08527920330841532,-0.17339450941173307,0,0,聯電,2023-02-01,5,36.6,S2,ma_alignment_only,2303,2023-02-01
early_watch,0.07125890736342044,-0.028503562945368155,0.13539192399049882,-0.028503562945368155,-0.14435146443514646,0,0,漢唐,2023-02-01,6,36.6,S2,ma_alignment_only,2404,2023-02-01
early_watch,0.7220171555328498,0.006150061269760254,0.9434193612442163,0.006150061269760254,-0.11788617886178865,0,0,聯陽,2023-02-01,7,36.6,S2,ma_alignment_only,3014,2023-02-01
early_watch,0.06170601851242874,-0.016333897206990744,0.34119788697612474,-0.016333897206990744,-0.21109610239122156,0,0,威健,2023-02-01,8,36.6,S2,ma_alignment_only,3033,2023-02-01
early_watch,-0.02737226315480623,-0.0529196669991997,0.09124087718268736,-0.0529196669991997,-0.13210698682226207,0,0,日電貿,2023-02-01,9,36.6,S2,ma_alignment_only,3090,2023-02-01
early_watch,0.03079421187317477,0.01782823159619018,0.43273911240085705,0.01782823159619018,-0.283936655547287,0,0,訊映,2023-02-01,10,36.6,S2,ma_alignment_only,4155,2023-02-01
early_watch,0.6147636093179638,-0.010380552804651777,0.8362168691110883,-0.010380552804651777,-0.20603012594922943,0,0,佳必琪,2023-02-01,11,36.6,S2,ma_alignment_only,6197,2023-02-01
early_watch,-0.08574886282404426,-0.2342995267011292,0.03743959371817063,-0.2342995267011292,-0.2342995267011292,0,0,聯茂,2023-02-01,12,36.6,S2,ma_alignment_only,6213,2023-02-01
early_watch,0.21489619226148382,-0.028083064821812664,0.21489619226148382,-0.028083064821812664,-0.12334806388995923,0,0,騰輝電子-KY,2023-02-01,13,36.6,S2,ma_alignment_only,6672,2023-02-01
early_watch,0.10256410256410264,-0.03263403263403264,0.17948717948717952,-0.03263403263403264,-0.17984189723320154,0,0,矽創,2023-02-01,14,36.6,S2,ma_alignment_only,8016,2023-02-01
early_watch,0.44285714285714284,-0.11999998546781998,0.5761904761904761,-0.11999998546781998,-0.16595744680851066,0,0,世紀鋼,2023-02-01,15,36.6,S2,ma_alignment_only,9958,2023-02-01
early_watch,-0.0650887573964497,-0.0650887573964497,0.01656806539501665,-0.0650887573964497,-0.08032597675566,0,0,佳格,2023-02-01,16,35.2,S2,ma_alignment_only,1227,2023-02-01
early_watch,0.07641199718472813,-0.0664451818821653,0.15614613940285027,-0.0664451818821653,-0.10793649582635789,0,0,聯成,2023-02-01,17,35.2,S2,ma_alignment_only,1313,2023-02-01
early_watch,0.6645161290322581,0.021935444493447642,0.6980645948840727,0.021935444493447642,-0.09638552832523839,0,0,京元電子,2023-02-01,18,35.2,S2,ma_alignment_only,2449,2023-02-01
early_watch,0.008474576271186418,-0.011864419710838181,0.22372876183461332,-0.011864419710838181,-0.19252075205967245,0,0,立隆電,2023-02-01,19,35.2,S2,ma_alignment_only,2472,2023-02-01
early_watch,0.023675379659156226,-0.054114944616786786,0.10146561792162889,-0.054114944616786786,-0.10644825200960761,0,0,晶技,2023-02-01,20,35.2,S2,ma_alignment_only,3042,2023-02-01
early_watch,0.362686567164179,-0.04477611940298509,0.5940298507462687,-0.04477611940298509,-0.18726591760299627,0,0,滿心,2023-03-01,1,36.6,S2,radar_model,2916,2023-03-01
early_watch,0.28851540616246485,0.0014005602240896309,0.5476190476190474,0.0014005602240896309,-0.2144796380090498,0,0,艾訊,2023-03-01,2,36.6,S2,radar_model,3088,2023-03-01
early_watch,0.5388994307400377,-0.018975332068311146,0.7077798861480076,-0.018975332068311146,-0.14634146341463417,0,0,台星科,2023-03-01,3,36.6,S2,radar_model,3265,2023-03-01
early_watch,0.6342281879194631,-0.06040268456375841,0.6644295302013423,-0.06040268456375841,-0.06976744186046513,0,0,聯上,2023-03-01,4,36.6,S2,radar_model,4113,2023-03-01
early_watch,-0.16331096196868022,-0.18120805369127524,0.08277404921700215,-0.18120805369127524,-0.24380165289256195,0,0,光聯,2023-03-01,5,36.6,S2,radar_model,5315,2023-03-01
early_watch,0.011594202898550732,-0.09710144927536235,0.02898550724637672,-0.09710144927536235,-0.12253521126760569,0,0,頎邦,2023-03-01,6,36.6,S2,radar_model,6147,2023-03-01
early_watch,0.8399209486166006,0.011857707509881354,1.4011857707509883,0.011857707509881354,-0.23374485596707828,0,0,廣明,2023-03-01,7,36.6,S2,radar_model,6188,2023-03-01
early_watch,-0.021024967148488782,-0.08278580814717473,0.14060446780551916,-0.08278580814717473,-0.19585253456221197,0,0,晶采,2023-03-01,8,36.6,S2,radar_model,8049,2023-03-01
early_watch,-0.11297537250262146,-0.1319910833373088,0.017897074349131126,-0.1319910833373088,-0.14725276402064735,0,0,鑽全,2023-03-01,9,36.6,S2,radar_model,1527,2023-03-01
early_watch,-0.10113780025284447,-0.17951959544879903,0.0025284450063212116,-0.17951959544879903,-0.18158890290037832,0,0,聯發科,2023-03-01,10,36.6,S2,radar_model,2454,2023-03-01
early_watch,-0.0659458795942397,-0.14189188240705464,-0.010135117746266742,-0.14189188240705464,-0.14189188240705464,0,0,臺企銀,2023-03-01,11,36.6,S2,radar_model,2834,2023-03-01
early_watch,0.22983874751179445,-0.0010080491652965096,0.40725816933595493,-0.0010080491652965096,-0.15186249033482546,0,0,零壹,2023-03-01,12,36.6,S2,radar_model,3029,2023-03-01
early_watch,1.396135265700483,-0.07536231884057976,1.468599033816425,-0.07536231884057976,-0.18609865470852016,0,0,世芯-KY,2023-03-01,13,36.6,S2,radar_model,3661,2023-03-01
early_watch,-0.046632106430453235,-0.07383416027935441,0.06735757491186178,-0.07383416027935441,-0.1322815694664229,0,0,長虹,2023-03-01,14,36.6,S2,radar_model,5534,2023-03-01
early_watch,0.06284661038401529,-0.07024028362733292,0.08872464301554306,-0.07024028362733292,-0.14601022183403123,0,0,矽格,2023-03-01,15,36.6,S2,radar_model,6257,2023-03-01
early_watch,0.44999999999999996,-0.043749999999999956,0.5125,-0.043749999999999956,-0.1243243518176379,0,0,群電,2023-03-01,16,36.6,S2,radar_model,6412,2023-03-01
early_watch,0.2727681463533347,0.04993598927516918,0.32536186975116577,0.04993598927516918,-0.16269839604329472,0,0,至上,2023-03-01,17,36.6,S2,radar_model,8112,2023-03-01
early_watch,-0.081112395741189,-0.10312863512346804,0.03939737863560966,-0.10312863512346804,-0.13712369945185732,0,0,福懋科,2023-03-01,18,36.6,S2,radar_model,8131,2023-03-01
early_watch,1.3348016836426293,-0.1541850168443245,1.7312774412423209,-0.1541850168443245,-0.27419354838709675,0,0,勤誠,2023-03-01,19,36.6,S2,radar_model,8210,2023-03-01
early_watch,0.7351351351351352,-0.008108108108108136,1.1459459459459458,-0.008108108108108136,-0.3073047858942065,0,0,宏碁資訊,2023-03-01,20,36.6,S2,radar_model,6811,2023-03-01
early_watch,0.39525283797729593,0.01238390092879249,0.6491228070175439,0.01238390092879249,-0.19774718397997515,0,0,聯合,2023-03-01,1,22.6,S2,random_top_n,4129,2023-03-01
early_watch,0.0017035514961054599,-0.12095404082687822,0.19591134643669905,-0.12095404082687822,-0.26495725473940834,0,0,泰鼎-KY,2023-03-01,2,20.0,S2,random_top_n,4927,2023-03-01
early_watch,-0.12674543501611168,-0.17508055853920512,0.09559613319011828,-0.17508055853920512,-0.24705882352941178,0,0,明揚,2023-03-01,3,14.6,S2,random_top_n,8420,2023-03-01
early_watch,0.9005847953216375,0.03040935672514622,0.9005847953216375,0.03040935672514622,-0.2923694779116466,0,0,先進光,2023-03-01,4,14.6,S2,random_top_n,3362,2023-03-01
early_watch,0.37850469746999105,-0.06191583547709523,0.4252336702655841,-0.06191583547709523,-0.16873701531920837,0,0,中磊,2023-03-01,5,25.6,S2,random_top_n,5388,2023-03-01
early_watch,-0.21999999999999997,-0.27230769230769236,0.04615384615384621,-0.27230769230769236,-0.3044117647058824,0,0,中天,2023-03-01,6,4.0,S2,random_top_n,4128,2023-03-01
early_watch,0.34285714285714275,-0.20428570338657925,0.6914285932268416,-0.20428570338657925,-0.20880682449326027,0,0,承啟,2023-03-01,7,24.6,S2,random_top_n,2425,2023-03-01
early_watch,-0.42431761786600497,-0.5200992555831265,-0.012406947890818865,-0.5200992555831265,-0.5200992555831265,0,0,金麗科,2023-03-01,8,22.6,S2,random_top_n,3228,2023-03-01
early_watch,0.6342281879194631,-0.06040268456375841,0.6644295302013423,-0.06040268456375841,-0.06976744186046513,0,0,聯上,2023-03-01,9,36.6,S2,random_top_n,4113,2023-03-01
early_watch,0.007968106903112337,-0.09296148361625589,0.26693223983411074,-0.09296148361625589,-0.28406706541581916,0,0,晶豪科,2023-03-01,10,17.0,S2,random_top_n,3006,2023-03-01
early_watch,-0.21017698760282488,-0.25663721444733856,0.02654868899744267,-0.25663721444733856,-0.2758621256643451,0,0,台達化,2023-03-01,11,17.0,S2,random_top_n,1309,2023-03-01
early_watch,0.36288656647672357,-0.07731958762886593,0.5402061226441688,-0.07731958762886593,-0.1740294071807006,0,0,昇貿,2023-03-01,12,22.6,S2,random_top_n,3305,2023-03-01
early_watch,-0.1320131991041127,-0.1573157625050936,0.048404856457854306,-0.1573157625050936,-0.196222497154388,0,0,皇翔,2023-03-01,13,35.2,S2,random_top_n,2545,2023-03-01
early_watch,1.922374480127735,-0.010273990200408312,2.4474886445256874,-0.010273990200408312,-0.19310344827586212,1,0,建準,2023-03-01,14,9.6,S2,random_top_n,2421,2023-03-01
early_watch,-0.42359238138689315,-0.4647643541449722,0.0,-0.4647643541449722,-0.4647643541449722,0,0,泰福-KY,2023-03-01,15,13.0,S2,random_top_n,6541,2023-03-01
early_watch,0.4492753331828898,-0.025032957676965006,0.554677175596191,-0.025032957676965006,-0.12393162393162394,0,0,精誠,2023-03-01,16,27.6,S2,random_top_n,6214,2023-03-01
early_watch,0.3316261203585149,-0.005121638924455718,0.3956466069142126,-0.005121638924455718,-0.11376146788990826,0,0,中菲,2023-03-01,17,27.6,S2,random_top_n,5403,2023-03-01
early_watch,0.09859154929577474,-0.03169014084507038,0.2640845070422535,-0.03169014084507038,-0.16991643454038996,0,0,興勤,2023-03-01,18,12.0,S2,random_top_n,2428,2023-03-01
early_watch,0.16660807604077243,-0.10541871494300936,0.40886705171776083,-0.10541871494300936,-0.25524475896701193,0,0,晉弘,2023-03-01,19,8.0,S2,random_top_n,6796,2023-03-01
early_watch,0.40793650793650804,-0.007936507936507908,0.8015873015873016,-0.007936507936507908,-0.22995594713656387,0,0,高技,2023-03-01,20,32.6,S2,random_top_n,5439,2023-03-01
early_watch,-0.105678242928821,-0.167192461099415,0.33753944812041925,-0.167192461099415,-0.3514151176807073,0,0,精聯,2023-03-01,1,6.6,S2,breakout_120d_only,3652,2023-03-01
early_watch,0.1620977142643576,-0.027413623479474847,0.18116801754233292,-0.027413623479474847,-0.09586276635998969,0,0,卜蜂,2023-03-01,2,0.0,S2,breakout_120d_only,1215,2023-03-01
early_watch,0.09784736104311587,-0.02837567498121396,0.21722118630668463,-0.02837567498121396,-0.14951767078758227,0,0,大成,2023-03-01,3,0.0,S2,breakout_120d_only,1210,2023-03-01
early_watch,-0.20227920227920226,-0.22792022792022792,0.019943019943019724,-0.22792022792022792,-0.24301675977653625,0,0,霖宏,2023-03-01,4,11.6,S2,breakout_120d_only,5464,2023-03-01
early_watch,-0.1846889365290032,-0.21626796843365337,0.0143541220040595,-0.21626796843365337,-0.227358557958115,0,0,益航,2023-03-01,5,14.6,S2,breakout_120d_only,2601,2023-03-01
early_watch,-0.3386363636363636,-0.4242424242424242,0.0,-0.4242424242424242,-0.4242424242424242,0,0,力士,2023-03-01,6,27.6,S2,breakout_120d_only,4923,2023-03-01
early_watch,-0.20400001525878908,-0.23199996948242185,0.028000030517578045,-0.23199996948242185,-0.25291828042952,0,0,燦坤,2023-03-01,7,9.6,S2,breakout_120d_only,2430,2023-03-01
early_watch,-0.05812569263820888,-0.13285884321546548,0.08778179591614266,-0.13285884321546548,-0.20283538478025553,0,0,威宏-KY,2023-03-01,8,25.6,S2,breakout_120d_only,8442,2023-03-01
early_watch,0.353965163771887,0.011605386175374877,0.4158606550875481,0.011605386175374877,-0.12431692422822727,0,0,神基,2023-03-01,9,0.0,S2,breakout_120d_only,3005,2023-03-01
early_watch,0.26241134751773054,-0.019858156028368823,0.6879432624113475,-0.019858156028368823,-0.27563025210084036,0,0,明達醫,2023-03-01,10,29.6,S2,breakout_120d_only,6527,2023-03-01
early_watch,-0.01129033488612019,-0.11129034719159525,0.03064518590127263,-0.11129034719159525,-0.13771522443851414,0,0,東和鋼鐵,2023-03-01,11,27.6,S2,breakout_120d_only,2006,2023-03-01
early_watch,-0.005730680635963603,-0.09025791943141115,0.03438386520849779,-0.09025791943141115,-0.12049857778358264,0,0,上福,2023-03-01,12,14.6,S2,breakout_120d_only,6128,2023-03-01
early_watch,1.0935005050064,0.002280521485786613,1.1915622281665423,0.002280521485786613,-0.1445603561395865,0,0,亞翔,2023-03-01,13,27.6,S2,breakout_120d_only,6139,2023-03-01
early_watch,0.2222222222222221,-0.023255813953488524,0.33333333333333326,-0.023255813953488524,-0.20754716981132082,0,0,佶優,2023-03-01,14,26.6,S2,breakout_120d_only,5452,2023-03-01
early_watch,-0.02824858757062143,-0.10169491525423724,0.035310734463276816,-0.10169491525423724,-0.13233287858117315,0,0,亞泰,2023-03-01,15,27.6,S2,breakout_120d_only,4974,2023-03-01
early_watch,-0.045454545454545414,-0.0950413223140496,0.19696969696969702,-0.0950413223140496,-0.24395857307249713,0,0,大樹,2023-03-01,16,27.6,S2,breakout_120d_only,6469,2023-03-01
early_watch,0.1899441340782122,-0.07821229050279332,0.35754189944134085,-0.07821229050279332,-0.2510288065843621,0,0,豐達科,2023-03-01,17,21.6,S2,breakout_120d_only,3004,2023-03-01
early_watch,-0.11622276029055689,-0.18159806295399517,0.2300242130750605,-0.18159806295399517,-0.33464566929133865,0,0,立碁,2023-03-01,18,21.6,S2,breakout_120d_only,8111,2023-03-01
early_watch,0.45305164319248825,-0.062206572769953006,0.5258215962441315,-0.062206572769953006,-0.11615044247787609,0,0,北基,2023-03-01,19,23.6,S2,breakout_120d_only,8927,2023-03-01
early_watch,0.036645466168807816,-0.008426085069164979,0.0445151009759428,-0.008426085069164979,-0.05068494078797159,0,0,達麗,2023-03-01,20,23.6,S2,breakout_120d_only,6177,2023-03-01
early_watch,0.19140625,-0.01953125,0.23046875,-0.01953125,-0.08041958041958042,0,0,聖暉*,2023-03-01,1,31.2,S2,volume_expansion_only,5536,2023-03-01
early_watch,-0.17201832839609998,-0.2431192920621572,0.011467925306825055,-0.2431192920621572,-0.2517007321727519,0,0,潤泰新,2023-03-01,2,12.0,S2,volume_expansion_only,9945,2023-03-01
early_watch,0.1899441340782122,-0.07821229050279332,0.35754189944134085,-0.07821229050279332,-0.2510288065843621,0,0,豐達科,2023-03-01,3,21.6,S2,volume_expansion_only,3004,2023-03-01
early_watch,0.07868857461898049,-0.03606558627769596,0.08688529593045602,-0.03606558627769596,-0.08748118830748741,0,0,致伸,2023-03-01,4,31.2,S2,volume_expansion_only,4915,2023-03-01
early_watch,0.5574229691876751,-0.08403361344537819,0.6526610644257702,-0.08403361344537819,-0.11245674740484424,0,0,致茂,2023-03-01,5,12.0,S2,volume_expansion_only,2360,2023-03-01
early_watch,0.5388994307400377,-0.018975332068311146,0.7077798861480076,-0.018975332068311146,-0.14634146341463417,0,0,台星科,2023-03-01,6,36.6,S2,volume_expansion_only,3265,2023-03-01
early_watch,0.2582511372743794,0.013452911761053787,0.7040359412568151,0.013452911761053787,-0.311078966955496,0,0,富華新,2023-03-01,7,25.6,S2,volume_expansion_only,3056,2023-03-01
early_watch,0.3717578509381241,-0.07780981854683788,0.8472621632499109,-0.07780981854683788,-0.3026520775817795,0,0,華紙,2023-03-01,8,25.6,S2,volume_expansion_only,1905,2023-03-01
early_watch,0.32692307692307687,-0.005769216097318175,0.35576923076923084,-0.005769216097318175,-0.17304965621190715,0,0,揚博,2023-03-01,9,27.6,S2,volume_expansion_only,2493,2023-03-01
early_watch,-0.09205020920502094,-0.09623430962343094,0.004184100418409997,-0.09623430962343094,-0.09999999999999998,0,0,邦特,2023-03-01,10,33.2,S2,volume_expansion_only,4107,2023-03-01
early_watch,1.922374480127735,-0.010273990200408312,2.4474886445256874,-0.010273990200408312,-0.19310344827586212,1,0,建準,2023-03-01,11,9.6,S2,volume_expansion_only,2421,2023-03-01
early_watch,-0.10726072877338089,-0.1320132046441611,0.03795384669423729,-0.1320132046441611,-0.1637520318265825,0,0,中鋼,2023-03-01,12,16.0,S2,volume_expansion_only,2002,2023-03-01
early_watch,-0.1320131991041127,-0.1573157625050936,0.048404856457854306,-0.1573157625050936,-0.196222497154388,0,0,皇翔,2023-03-01,13,35.2,S2,volume_expansion_only,2545,2023-03-01
early_watch,0.029703057908941455,-0.00990094736149194,0.11739750226345902,-0.00990094736149194,-0.11392405063291144,0,0,創見,2023-03-01,14,27.6,S2,volume_expansion_only,2451,2023-03-01
early_watch,-0.10113780025284447,-0.17951959544879903,0.0025284450063212116,-0.17951959544879903,-0.18158890290037832,0,0,聯發科,2023-03-01,15,36.6,S2,volume_expansion_only,2454,2023-03-01
early_watch,0.11842109005647261,-0.04385965059044994,0.29385969241827214,-0.04385965059044994,-0.13898306377863479,0,0,愛之味,2023-03-01,16,14.6,S2,volume_expansion_only,1217,2023-03-01
early_watch,-0.046632106430453235,-0.07383416027935441,0.06735757491186178,-0.07383416027935441,-0.1322815694664229,0,0,長虹,2023-03-01,17,36.6,S2,volume_expansion_only,5534,2023-03-01
early_watch,0.33973138380087664,0.0,0.3531670261951827,0.0,-0.18155199080272622,0,0,長榮鋼,2023-03-01,18,16.0,S2,volume_expansion_only,2211,2023-03-01
early_watch,0.6195005876266821,0.02378121327333238,0.6195005876266821,0.02378121327333238,-0.09236235938554782,0,0,東陽,2023-03-01,19,1.0,S2,volume_expansion_only,1319,2023-03-01
early_watch,-0.16887417218543044,-0.22847682119205293,0.07615894039735105,-0.22847682119205293,-0.2830769230769231,0,0,伊雲谷,2023-03-01,20,33.2,S2,volume_expansion_only,6689,2023-03-01
early_watch,0.362686567164179,-0.04477611940298509,0.5940298507462687,-0.04477611940298509,-0.18726591760299627,0,0,滿心,2023-03-01,1,36.6,S2,ma_alignment_only,2916,2023-03-01
early_watch,0.28851540616246485,0.0014005602240896309,0.5476190476190474,0.0014005602240896309,-0.2144796380090498,0,0,艾訊,2023-03-01,2,36.6,S2,ma_alignment_only,3088,2023-03-01
early_watch,0.5388994307400377,-0.018975332068311146,0.7077798861480076,-0.018975332068311146,-0.14634146341463417,0,0,台星科,2023-03-01,3,36.6,S2,ma_alignment_only,3265,2023-03-01
early_watch,0.6342281879194631,-0.06040268456375841,0.6644295302013423,-0.06040268456375841,-0.06976744186046513,0,0,聯上,2023-03-01,4,36.6,S2,ma_alignment_only,4113,2023-03-01
early_watch,-0.16331096196868022,-0.18120805369127524,0.08277404921700215,-0.18120805369127524,-0.24380165289256195,0,0,光聯,2023-03-01,5,36.6,S2,ma_alignment_only,5315,2023-03-01
early_watch,0.011594202898550732,-0.09710144927536235,0.02898550724637672,-0.09710144927536235,-0.12253521126760569,0,0,頎邦,2023-03-01,6,36.6,S2,ma_alignment_only,6147,2023-03-01
early_watch,0.8399209486166006,0.011857707509881354,1.4011857707509883,0.011857707509881354,-0.23374485596707828,0,0,廣明,2023-03-01,7,36.6,S2,ma_alignment_only,6188,2023-03-01
early_watch,-0.021024967148488782,-0.08278580814717473,0.14060446780551916,-0.08278580814717473,-0.19585253456221197,0,0,晶采,2023-03-01,8,36.6,S2,ma_alignment_only,8049,2023-03-01
early_watch,-0.11297537250262146,-0.1319910833373088,0.017897074349131126,-0.1319910833373088,-0.14725276402064735,0,0,鑽全,2023-03-01,9,36.6,S2,ma_alignment_only,1527,2023-03-01
early_watch,-0.10113780025284447,-0.17951959544879903,0.0025284450063212116,-0.17951959544879903,-0.18158890290037832,0,0,聯發科,2023-03-01,10,36.6,S2,ma_alignment_only,2454,2023-03-01
early_watch,-0.0659458795942397,-0.14189188240705464,-0.010135117746266742,-0.14189188240705464,-0.14189188240705464,0,0,臺企銀,2023-03-01,11,36.6,S2,ma_alignment_only,2834,2023-03-01
early_watch,0.22983874751179445,-0.0010080491652965096,0.40725816933595493,-0.0010080491652965096,-0.15186249033482546,0,0,零壹,2023-03-01,12,36.6,S2,ma_alignment_only,3029,2023-03-01
early_watch,1.396135265700483,-0.07536231884057976,1.468599033816425,-0.07536231884057976,-0.18609865470852016,0,0,世芯-KY,2023-03-01,13,36.6,S2,ma_alignment_only,3661,2023-03-01
early_watch,-0.046632106430453235,-0.07383416027935441,0.06735757491186178,-0.07383416027935441,-0.1322815694664229,0,0,長虹,2023-03-01,14,36.6,S2,ma_alignment_only,5534,2023-03-01
early_watch,0.06284661038401529,-0.07024028362733292,0.08872464301554306,-0.07024028362733292,-0.14601022183403123,0,0,矽格,2023-03-01,15,36.6,S2,ma_alignment_only,6257,2023-03-01
early_watch,0.44999999999999996,-0.043749999999999956,0.5125,-0.043749999999999956,-0.1243243518176379,0,0,群電,2023-03-01,16,36.6,S2,ma_alignment_only,6412,2023-03-01
early_watch,0.2727681463533347,0.04993598927516918,0.32536186975116577,0.04993598927516918,-0.16269839604329472,0,0,至上,2023-03-01,17,36.6,S2,ma_alignment_only,8112,2023-03-01
early_watch,-0.081112395741189,-0.10312863512346804,0.03939737863560966,-0.10312863512346804,-0.13712369945185732,0,0,福懋科,2023-03-01,18,36.6,S2,ma_alignment_only,8131,2023-03-01
early_watch,1.3348016836426293,-0.1541850168443245,1.7312774412423209,-0.1541850168443245,-0.27419354838709675,0,0,勤誠,2023-03-01,19,36.6,S2,ma_alignment_only,8210,2023-03-01
early_watch,0.7351351351351352,-0.008108108108108136,1.1459459459459458,-0.008108108108108136,-0.3073047858942065,0,0,宏碁資訊,2023-03-01,20,36.6,S2,ma_alignment_only,6811,2023-03-01
early_watch,-0.08682634730538918,-0.10778443113772451,0.019461077844311392,-0.10778443113772451,-0.12481644640234935,0,0,禾瑞亞,2023-04-06,1,36.6,S2,radar_model,3556,2023-04-06
early_watch,0.5625,0.0,0.6156250000000001,0.0,-0.04477611940298509,0,0,聯上,2023-04-06,2,36.6,S2,radar_model,4113,2023-04-06
early_watch,0.712820512820513,-0.018803418803418848,1.1538461538461537,-0.018803418803418848,-0.37142857142857144,0,0,富驊,2023-04-06,3,36.6,S2,radar_model,5465,2023-04-06
early_watch,0.215547703180212,-0.07067137809187274,0.215547703180212,-0.07067137809187274,-0.08041958041958042,0,0,聖暉*,2023-04-06,4,36.6,S2,radar_model,5536,2023-04-06
early_watch,0.0,-0.021472392638036908,0.656441717791411,-0.021472392638036908,-0.4,0,0,幃翔,2023-04-06,5,36.6,S2,radar_model,6185,2023-04-06
early_watch,0.2047337278106509,-0.008284023668639118,0.25680473372781076,-0.008284023668639118,-0.06120527306967982,0,0,新潤,2023-04-06,6,36.6,S2,radar_model,6186,2023-04-06
early_watch,0.7593643586833145,0.09988649262202065,1.0715096481271282,0.09988649262202065,-0.16317991631799167,0,0,倉和,2023-04-06,7,36.6,S2,radar_model,6538,2023-04-06
early_watch,0.3080168776371308,-0.09704641350210974,0.4683544303797469,-0.09704641350210974,-0.13218390804597702,0,0,群翊,2023-04-06,8,36.6,S2,radar_model,6664,2023-04-06
early_watch,0.9540636042402826,0.035335689045936425,1.3922261484098941,0.035335689045936425,-0.36484490398818314,0,0,軒郁,2023-04-06,9,36.6,S2,radar_model,6703,2023-04-06
early_watch,0.1515944790868815,0.010398640628845435,0.23396881250118318,0.010398640628845435,-0.10432583704299292,0,0,聯華,2023-04-06,10,36.6,S2,radar_model,1229,2023-04-06
early_watch,-0.039999961853027344,-0.05625000000000002,0.03500003814697261,-0.05625000000000002,-0.08816428481523875,0,0,南港,2023-04-06,11,36.6,S2,radar_model,2101,2023-04-06
early_watch,-0.23514135617901977,-0.2584856667730008,-0.010443833211563613,-0.2584856667730008,-0.2584856667730008,0,0,為升,2023-04-06,12,36.6,S2,radar_model,2231,2023-04-06
early_watch,0.3777089606384556,0.0,0.8482972358093945,0.0,-0.2705192597342403,0,0,佳世達,2023-04-06,13,36.6,S2,radar_model,2352,2023-04-06
early_watch,0.2145015896109308,-0.09667670704253073,0.28398797459849434,-0.09667670704253073,-0.10041259599447327,0,0,敬鵬,2023-04-06,14,36.6,S2,radar_model,2355,2023-04-06
early_watch,0.5073745184085579,-0.10176992942922902,1.1238937097107784,-0.10176992942922902,-0.32916667726304794,0,0,英業達,2023-04-06,15,36.6,S2,radar_model,2356,2023-04-06
early_watch,1.097826086956522,-0.06521739130434778,1.568840579710145,-0.06521739130434778,-0.2849083215796897,0,0,技嘉,2023-04-06,16,36.6,S2,radar_model,2376,2023-04-06
early_watch,0.2403747058227761,-0.042682904839906444,0.37613713941190285,-0.042682904839906444,-0.1496258810518727,0,0,新美齊,2023-04-06,17,36.6,S2,radar_model,2442,2023-04-06
early_watch,0.09794912524485255,-0.06930688227017912,0.16529000170631503,-0.06930688227017912,-0.08611113054471986,0,0,根基,2023-04-06,18,36.6,S2,radar_model,2546,2023-04-06
early_watch,0.10070919821448365,-0.021276595744680882,0.1943261978474069,-0.021276595744680882,-0.11964735286439077,0,0,和碩,2023-04-06,19,36.6,S2,radar_model,4938,2023-04-06
early_watch,1.1215139236473504,-0.12450199729012157,1.3406373348225498,-0.12450199729012157,-0.1445603561395865,0,0,亞翔,2023-04-06,20,36.6,S2,radar_model,6139,2023-04-06
early_watch,-0.014835159807466414,-0.11263732033111995,0.2060440474009151,-0.11263732033111995,-0.2642369227051111,0,0,全訊,2023-04-06,1,24.6,S2,random_top_n,5222,2023-04-06
early_watch,-0.18161923629094234,-0.18380747014540344,0.013129069236420321,-0.18380747014540344,-0.1943844524471613,0,0,年興,2023-04-06,2,17.0,S2,random_top_n,1451,2023-04-06
early_watch,0.1515944790868815,0.010398640628845435,0.23396881250118318,0.010398640628845435,-0.10432583704299292,0,0,聯華,2023-04-06,3,36.6,S2,random_top_n,1229,2023-04-06
early_watch,0.01764705882352935,-0.1588235294117647,0.2882352941176469,-0.1588235294117647,-0.3470319634703195,0,0,皇將,2023-04-06,4,11.6,S2,random_top_n,4744,2023-04-06
early_watch,0.19520000000000004,-0.13760000000000006,0.19520000000000004,-0.13760000000000006,-0.1698630136986301,0,0,類比科,2023-04-06,5,22.6,S2,random_top_n,3438,2023-04-06
early_watch,0.6069651741293531,-0.21144278606965172,0.8880597014925373,-0.21144278606965172,-0.2621870882740448,0,0,智原,2023-04-06,6,24.6,S2,random_top_n,3035,2023-04-06
early_watch,-0.028481000242583376,-0.06962027646776658,0.04430378486170006,-0.06962027646776658,-0.10909092065059778,0,0,鈺德,2023-04-06,7,11.0,S2,random_top_n,3050,2023-04-06
early_watch,0.13868613138686126,-0.008759124087591164,0.22919708029197094,-0.008759124087591164,-0.15144230769230782,0,0,中光電,2023-04-06,8,22.6,S2,random_top_n,5371,2023-04-06
early_watch,0.16864608076009513,-0.10213776722090273,0.22565320665083144,-0.10213776722090273,-0.20754716981132082,0,0,佶優,2023-04-06,9,21.6,S2,random_top_n,5452,2023-04-06
early_watch,0.16402114835841863,-0.0934744120942721,0.8165784588017746,-0.0934744120942721,-0.35922330097087374,0,0,仲琦,2023-04-06,10,21.6,S2,random_top_n,2419,2023-04-06
early_watch,-0.3054892763310152,-0.3198090939830299,0.06682575501414179,-0.3198090939830299,-0.3624161182648299,0,0,聯合再生,2023-04-06,11,17.6,S2,random_top_n,3576,2023-04-06
early_watch,-0.11688311688311692,-0.13729128014842296,0.2745825602968459,-0.13729128014842296,-0.3231441048034934,0,0,美時,2023-04-06,12,22.6,S2,random_top_n,1795,2023-04-06
early_watch,0.0854572713643178,-0.013493253373313419,0.44527736131934037,-0.013493253373313419,-0.28526970954356845,0,0,博晟生醫,2023-04-06,13,24.6,S2,random_top_n,6733,2023-04-06
early_watch,0.1377551020408163,-0.029336734693877653,0.32908163265306123,-0.029336734693877653,-0.14395393474088292,0,0,信昌電,2023-04-06,14,12.0,S2,random_top_n,6173,2023-04-06
early_watch,-0.28590604026845634,-0.31677852348993285,0.020134228187919545,-0.31677852348993285,-0.3302631578947368,0,0,建達,2023-04-06,15,18.6,S2,random_top_n,6118,2023-04-06
early_watch,0.5255279666664145,0.03911340198934554,0.796610053892451,0.03911340198934554,-0.28991288244795166,0,0,亞力,2023-04-06,16,12.0,S2,random_top_n,1514,2023-04-06
early_watch,0.05937136204889404,-0.09429569266589066,0.47846332945285197,-0.09429569266589066,-0.2889763779527559,0,0,宜特,2023-04-06,17,14.0,S2,random_top_n,3289,2023-04-06
early_watch,0.11111111111111116,-0.24622222222222223,0.18666666666666676,-0.24622222222222223,-0.36479400749063673,0,0,祥碩,2023-04-06,18,20.0,S2,random_top_n,5269,2023-04-06
early_watch,-0.07569727475688892,-0.07968128529679919,0.05976092559764945,-0.07968128529679919,-0.13157893212170524,0,0,凱基金,2023-04-06,19,0.0,S2,random_top_n,2883,2023-04-06
early_watch,0.19585065177930217,0.0,0.3692945657554969,0.0,-0.17333331319173118,0,0,和潤企業,2023-04-06,20,14.6,S2,random_top_n,6592,2023-04-06
early_watch,0.6387377976387398,-0.02393911361380341,0.7671380979330318,-0.02393911361380341,-0.18222221091941548,0,0,偉訓,2023-04-06,1,24.6,S2,breakout_120d_only,3032,2023-04-06
early_watch,0.2792792792792793,-0.16666666666666663,0.41621618872290256,-0.16666666666666663,-0.16666666666666663,0,0,偉詮電,2023-04-06,2,9.6,S2,breakout_120d_only,2436,2023-04-06
early_watch,-0.02109704573435578,-0.06540089006380845,0.2816455283621122,-0.06540089006380845,-0.2510288065843621,0,0,豐達科,2023-04-06,3,27.6,S2,breakout_120d_only,3004,2023-04-06
early_watch,-0.3505859375,-0.390625,0.10937499999999978,-0.390625,-0.45070422535211263,0,0,鈺緯,2023-04-06,4,27.6,S2,breakout_120d_only,4153,2023-04-06
early_watch,-0.2716450216450217,-0.2857142857142858,-0.015151515151515249,-0.2857142857142858,-0.2857142857142858,0,0,長科*,2023-04-06,5,29.6,S2,breakout_120d_only,6548,2023-04-06
early_watch,-0.020370342113353535,-0.13888888888888884,0.10555556968406399,-0.13888888888888884,-0.19095479698814,0,0,動力-KY,2023-04-06,6,14.6,S2,breakout_120d_only,6591,2023-04-06
early_watch,0.12562814070351758,0.035175879396984966,0.5477386934673367,0.035175879396984966,-0.3223684210526315,0,0,千附精密,2023-04-06,7,29.6,S2,breakout_120d_only,6829,2023-04-06
early_watch,0.30018415222988737,-0.005524847905629349,0.6022099672631527,-0.005524847905629349,-0.23908049484779093,0,0,柏騰,2023-04-06,8,29.6,S2,breakout_120d_only,3518,2023-04-06
early_watch,0.39244663382594425,-0.08702791461412152,0.7766830870279147,-0.08702791461412152,-0.277264325323475,0,0,星通,2023-04-06,9,24.6,S2,breakout_120d_only,3025,2023-04-06
early_watch,0.0,-0.021472392638036908,0.656441717791411,-0.021472392638036908,-0.4,0,0,幃翔,2023-04-06,10,36.6,S2,breakout_120d_only,6185,2023-04-06
early_watch,-0.039999961853027344,-0.05625000000000002,0.03500003814697261,-0.05625000000000002,-0.08816428481523875,0,0,南港,2023-04-06,11,36.6,S2,breakout_120d_only,2101,2023-04-06
early_watch,0.712820512820513,-0.018803418803418848,1.1538461538461537,-0.018803418803418848,-0.37142857142857144,0,0,富驊,2023-04-06,12,36.6,S2,breakout_120d_only,5465,2023-04-06
early_watch,0.9540636042402826,0.035335689045936425,1.3922261484098941,0.035335689045936425,-0.36484490398818314,0,0,軒郁,2023-04-06,13,36.6,S2,breakout_120d_only,6703,2023-04-06
early_watch,0.2011952191235058,-0.08764940239043839,0.6693227091633465,-0.08764940239043839,-0.45346062052505964,0,0,安瑞-KY,2023-04-06,14,13.6,S2,breakout_120d_only,3664,2023-04-06
early_watch,0.7593643586833145,0.09988649262202065,1.0715096481271282,0.09988649262202065,-0.16317991631799167,0,0,倉和,2023-04-06,15,36.6,S2,breakout_120d_only,6538,2023-04-06
early_watch,0.2403747058227761,-0.042682904839906444,0.37613713941190285,-0.042682904839906444,-0.1496258810518727,0,0,新美齊,2023-04-06,16,36.6,S2,breakout_120d_only,2442,2023-04-06
early_watch,0.3080168776371308,-0.09704641350210974,0.4683544303797469,-0.09704641350210974,-0.13218390804597702,0,0,群翊,2023-04-06,17,36.6,S2,breakout_120d_only,6664,2023-04-06
early_watch,0.47076916816907044,0.05846150716145826,0.6328204815204328,0.05846150716145826,-0.20603012594922943,0,0,佳必琪,2023-04-06,18,36.6,S2,breakout_120d_only,6197,2023-04-06
early_watch,1.1215139236473504,-0.12450199729012157,1.3406373348225498,-0.12450199729012157,-0.1445603561395865,0,0,亞翔,2023-04-06,19,36.6,S2,breakout_120d_only,6139,2023-04-06
early_watch,0.2047337278106509,-0.008284023668639118,0.25680473372781076,-0.008284023668639118,-0.06120527306967982,0,0,新潤,2023-04-06,20,36.6,S2,breakout_120d_only,6186,2023-04-06
early_watch,-0.18114147375125478,-0.1910670571332418,0.052109131482571236,-0.1910670571332418,-0.2311320958436538,0,0,國喬,2023-04-06,1,12.6,S2,volume_expansion_only,1312,2023-04-06
early_watch,0.31932773109243695,-0.09243697478991597,0.34453781512605053,-0.09243697478991597,-0.19801980198019797,0,0,中砂,2023-04-06,2,12.6,S2,volume_expansion_only,1560,2023-04-06
early_watch,-0.2865800865800865,-0.33852813852813846,-0.04761904761904767,-0.33852813852813846,-0.33852813852813846,0,0,逸達,2023-04-06,3,15.0,S2,volume_expansion_only,6576,2023-04-06
early_watch,0.056746529972551585,-0.011349325236362118,0.406052909319887,-0.011349325236362118,-0.2529147708362528,0,0,台耀,2023-04-06,4,22.2,S2,volume_expansion_only,4746,2023-04-06
early_watch,0.04237288067101819,-0.07627123369974631,0.24999997979503608,-0.07627123369974631,-0.17627121230303233,0,0,愛之味,2023-04-06,5,27.6,S2,volume_expansion_only,1217,2023-04-06
early_watch,-0.05371903041112458,-0.06749313538381896,0.08539951388355416,-0.06749313538381896,-0.1408630161628911,0,0,統一,2023-04-06,6,23.6,S2,volume_expansion_only,1216,2023-04-06
early_watch,0.2403747058227761,-0.042682904839906444,0.37613713941190285,-0.042682904839906444,-0.1496258810518727,0,0,新美齊,2023-04-06,7,36.6,S2,volume_expansion_only,2442,2023-04-06
early_watch,-0.11688311688311692,-0.13729128014842296,0.2745825602968459,-0.13729128014842296,-0.3231441048034934,0,0,美時,2023-04-06,8,22.6,S2,volume_expansion_only,1795,2023-04-06
early_watch,0.9540636042402826,0.035335689045936425,1.3922261484098941,0.035335689045936425,-0.36484490398818314,0,0,軒郁,2023-04-06,9,36.6,S2,volume_expansion_only,6703,2023-04-06
early_watch,0.028260852979577145,-0.05869566875955334,0.06304351143215015,-0.05869566875955334,-0.11451947063549106,0,0,遠百,2023-04-06,10,27.6,S2,volume_expansion_only,2903,2023-04-06
early_watch,0.0806150857178698,-0.2492568951380596,0.18786409166574347,-0.2492568951380596,-0.27221536793040957,0,0,通嘉,2023-04-06,11,24.6,S2,volume_expansion_only,3588,2023-04-06
early_watch,-0.05990783410138245,-0.10829493087557607,0.25806451612903225,-0.10829493087557607,-0.26007326007326004,0,0,台灣精銳,2023-04-06,12,11.6,S2,volume_expansion_only,4583,2023-04-06
early_watch,0.2047337278106509,-0.008284023668639118,0.25680473372781076,-0.008284023668639118,-0.06120527306967982,0,0,新潤,2023-04-06,13,36.6,S2,volume_expansion_only,6186,2023-04-06
early_watch,0.10869565217391308,-0.023913010306980342,0.21739130434782616,-0.023913010306980342,-0.16339288439069477,0,0,力成,2023-04-06,14,27.6,S2,volume_expansion_only,6239,2023-04-06
early_watch,0.0,-0.021472392638036908,0.656441717791411,-0.021472392638036908,-0.4,0,0,幃翔,2023-04-06,15,36.6,S2,volume_expansion_only,6185,2023-04-06
early_watch,-0.25347217785327314,-0.3449073901679385,0.019675929283085702,-0.3449073901679385,-0.35754822584402435,0,0,藥華藥,2023-04-06,16,1.0,S2,volume_expansion_only,6446,2023-04-06
early_watch,0.017340995852049623,-0.01926782216954981,0.1984585536461816,-0.01926782216954981,-0.16237945602785642,0,0,大成,2023-04-06,17,27.6,S2,volume_expansion_only,1210,2023-04-06
early_watch,-0.0940000152587891,-0.13199996948242188,0.04499999999999993,-0.13199996948242188,-0.16937796122719795,0,0,台表科,2023-04-06,18,36.6,S2,volume_expansion_only,6278,2023-04-06
early_watch,0.7600487537834504,-0.028014561085385026,1.095006129070958,-0.028014561085385026,-0.3517441860465116,0,0,華孚,2023-04-06,19,24.6,S2,volume_expansion_only,6235,2023-04-06
early_watch,3.2803030303030303,0.030303030303030276,3.6969696969696972,0.030303030303030276,-0.21064814814814814,1,0,營邦,2023-04-06,20,12.6,S2,volume_expansion_only,3693,2023-04-06
early_watch,-0.08682634730538918,-0.10778443113772451,0.019461077844311392,-0.10778443113772451,-0.12481644640234935,0,0,禾瑞亞,2023-04-06,1,36.6,S2,ma_alignment_only,3556,2023-04-06
early_watch,0.5625,0.0,0.6156250000000001,0.0,-0.04477611940298509,0,0,聯上,2023-04-06,2,36.6,S2,ma_alignment_only,4113,2023-04-06
early_watch,0.712820512820513,-0.018803418803418848,1.1538461538461537,-0.018803418803418848,-0.37142857142857144,0,0,富驊,2023-04-06,3,36.6,S2,ma_alignment_only,5465,2023-04-06
early_watch,0.215547703180212,-0.07067137809187274,0.215547703180212,-0.07067137809187274,-0.08041958041958042,0,0,聖暉*,2023-04-06,4,36.6,S2,ma_alignment_only,5536,2023-04-06
early_watch,0.0,-0.021472392638036908,0.656441717791411,-0.021472392638036908,-0.4,0,0,幃翔,2023-04-06,5,36.6,S2,ma_alignment_only,6185,2023-04-06
early_watch,0.2047337278106509,-0.008284023668639118,0.25680473372781076,-0.008284023668639118,-0.06120527306967982,0,0,新潤,2023-04-06,6,36.6,S2,ma_alignment_only,6186,2023-04-06
early_watch,0.7593643586833145,0.09988649262202065,1.0715096481271282,0.09988649262202065,-0.16317991631799167,0,0,倉和,2023-04-06,7,36.6,S2,ma_alignment_only,6538,2023-04-06
early_watch,0.3080168776371308,-0.09704641350210974,0.4683544303797469,-0.09704641350210974,-0.13218390804597702,0,0,群翊,2023-04-06,8,36.6,S2,ma_alignment_only,6664,2023-04-06
early_watch,0.9540636042402826,0.035335689045936425,1.3922261484098941,0.035335689045936425,-0.36484490398818314,0,0,軒郁,2023-04-06,9,36.6,S2,ma_alignment_only,6703,2023-04-06
early_watch,0.1515944790868815,0.010398640628845435,0.23396881250118318,0.010398640628845435,-0.10432583704299292,0,0,聯華,2023-04-06,10,36.6,S2,ma_alignment_only,1229,2023-04-06
early_watch,-0.039999961853027344,-0.05625000000000002,0.03500003814697261,-0.05625000000000002,-0.08816428481523875,0,0,南港,2023-04-06,11,36.6,S2,ma_alignment_only,2101,2023-04-06
early_watch,-0.23514135617901977,-0.2584856667730008,-0.010443833211563613,-0.2584856667730008,-0.2584856667730008,0,0,為升,2023-04-06,12,36.6,S2,ma_alignment_only,2231,2023-04-06
early_watch,0.3777089606384556,0.0,0.8482972358093945,0.0,-0.2705192597342403,0,0,佳世達,2023-04-06,13,36.6,S2,ma_alignment_only,2352,2023-04-06
early_watch,0.2145015896109308,-0.09667670704253073,0.28398797459849434,-0.09667670704253073,-0.10041259599447327,0,0,敬鵬,2023-04-06,14,36.6,S2,ma_alignment_only,2355,2023-04-06
early_watch,0.5073745184085579,-0.10176992942922902,1.1238937097107784,-0.10176992942922902,-0.32916667726304794,0,0,英業達,2023-04-06,15,36.6,S2,ma_alignment_only,2356,2023-04-06
early_watch,1.097826086956522,-0.06521739130434778,1.568840579710145,-0.06521739130434778,-0.2849083215796897,0,0,技嘉,2023-04-06,16,36.6,S2,ma_alignment_only,2376,2023-04-06
early_watch,0.2403747058227761,-0.042682904839906444,0.37613713941190285,-0.042682904839906444,-0.1496258810518727,0,0,新美齊,2023-04-06,17,36.6,S2,ma_alignment_only,2442,2023-04-06
early_watch,0.09794912524485255,-0.06930688227017912,0.16529000170631503,-0.06930688227017912,-0.08611113054471986,0,0,根基,2023-04-06,18,36.6,S2,ma_alignment_only,2546,2023-04-06
early_watch,0.10070919821448365,-0.021276595744680882,0.1943261978474069,-0.021276595744680882,-0.11964735286439077,0,0,和碩,2023-04-06,19,36.6,S2,ma_alignment_only,4938,2023-04-06
early_watch,1.1215139236473504,-0.12450199729012157,1.3406373348225498,-0.12450199729012157,-0.1445603561395865,0,0,亞翔,2023-04-06,20,36.6,S2,ma_alignment_only,6139,2023-04-06
early_watch,-0.16666666666666663,-0.1865079365079365,0.14682539682539675,-0.1865079365079365,-0.2906574394463668,0,0,大車隊,2023-05-02,1,36.6,S2,radar_model,2640,2023-05-02
early_watch,-0.04453441295546556,-0.1551956815114709,0.07287449392712553,-0.1551956815114709,-0.1597315436241611,0,0,大綜,2023-05-02,2,36.6,S2,radar_model,3147,2023-05-02
early_watch,-0.15111111111111108,-0.18133333333333335,0.16888888888888887,-0.18133333333333335,-0.29961977186311795,0,0,安勤,2023-05-02,3,36.6,S2,radar_model,3479,2023-05-02
early_watch,0.16428571428571415,0.021428571428571352,0.7857142857142858,0.021428571428571352,-0.3713333333333334,0,0,曜亞,2023-05-02,4,36.6,S2,radar_model,4138,2023-05-02
early_watch,-0.12291933418693979,-0.143405889884763,0.06145966709346995,-0.143405889884763,-0.19300361881785277,0,0,勤凱,2023-05-02,5,36.6,S2,radar_model,4760,2023-05-02
early_watch,-0.19004975124378098,-0.19999999999999996,0.05970149253731338,-0.19999999999999996,-0.24507042253521116,0,0,勤崴國際,2023-05-02,6,36.6,S2,radar_model,6516,2023-05-02
early_watch,-0.18922312689288812,-0.2117794596438507,-0.007518873190098363,-0.2117794596438507,-0.2117794596438507,0,0,台泥,2023-05-02,7,36.6,S2,radar_model,1101,2023-05-02
early_watch,0.027397290952717368,-0.05088059788177546,0.5753425127941665,-0.05088059788177546,-0.3639751458019944,0,0,精英,2023-05-02,8,36.6,S2,radar_model,2331,2023-05-02
early_watch,0.22362869680958952,-0.03797463787849975,0.679324967283041,-0.03797463787849975,-0.30402011761684167,0,0,佳世達,2023-05-02,9,36.6,S2,radar_model,2352,2023-05-02
early_watch,-0.1114982814589901,-0.12891988378332364,0.024390203379183628,-0.12891988378332364,-0.14965985291227812,0,0,國產,2023-05-02,10,36.6,S2,radar_model,2504,2023-05-02
early_watch,0.17204301075268824,-0.060215037356140755,0.19139788227696575,-0.060215037356140755,-0.09430261115645278,0,0,華建,2023-05-02,11,36.6,S2,radar_model,2530,2023-05-02
early_watch,-0.01486120588662454,-0.029097285694681396,0.04999996469211654,-0.029097285694681396,-0.07533071718720574,0,0,彰銀,2023-05-02,12,36.6,S2,radar_model,2801,2023-05-02
early_watch,0.07094437125127162,0.003472168735906056,0.0962707555034128,0.003472168735906056,-0.042904265241125006,0,0,台中銀,2023-05-02,13,36.6,S2,radar_model,2812,2023-05-02
early_watch,0.8042168674698795,-0.01807228915662651,1.3313253012048194,-0.01807228915662651,-0.28165374677002586,0,0,奇鋐,2023-05-02,14,36.6,S2,radar_model,3017,2023-05-02
early_watch,0.8522955265097103,-0.051896178708750074,2.1536927108214208,-0.051896178708750074,-0.434177205532412,1,0,緯創,2023-05-02,15,36.6,S2,radar_model,3231,2023-05-02
early_watch,-0.26376812699912255,-0.2811594424040421,0.02898550724637672,-0.2811594424040421,-0.3014084721954775,0,0,安馳,2023-05-02,16,36.6,S2,radar_model,3528,2023-05-02
early_watch,0.012583503006314833,-0.007293954776732892,0.13585745620548728,-0.007293954776732892,-0.12602938000727681,0,0,佳醫,2023-05-02,17,36.6,S2,radar_model,4104,2023-05-02
early_watch,-0.04480872649312673,-0.13879778085510586,0.21857923497267762,-0.13879778085510586,-0.29327351523087164,0,0,台耀,2023-05-02,18,36.6,S2,radar_model,4746,2023-05-02
early_watch,-0.1395041592295453,-0.16445855174201296,0.04119996733225029,-0.16445855174201296,-0.1975206737675943,0,0,迅得,2023-05-02,19,36.6,S2,radar_model,6438,2023-05-02
early_watch,0.0547945205479452,-0.05022831050228316,0.10502283105022836,-0.05022831050228316,-0.14049586776859502,0,0,中保科,2023-05-02,20,36.6,S2,radar_model,9917,2023-05-02
early_watch,0.293591654247392,-0.023845007451564815,0.293591654247392,-0.023845007451564815,-0.16560509554140124,0,0,聯發科,2023-05-02,1,11.0,S2,random_top_n,2454,2023-05-02
early_watch,-0.1435185336445255,-0.168981460836526,0.0648147960095089,-0.168981460836526,-0.2195651842200238,0,0,譁裕,2023-05-02,2,28.2,S2,random_top_n,3419,2023-05-02
early_watch,-0.005226533863811111,-0.0993031465403289,0.07142854294651202,-0.0993031465403289,-0.1281618646189011,0,0,日電貿,2023-05-02,3,11.0,S2,random_top_n,3090,2023-05-02
early_watch,-0.2329148906421482,-0.23709898059792744,0.16039052286573274,-0.23709898059792744,-0.34254804363793756,0,0,英利-KY,2023-05-02,4,12.0,S2,random_top_n,2239,2023-05-02
early_watch,-0.07227140568324597,-0.07964603661974179,0.06047195117367754,-0.07964603661974179,-0.13212795268969046,0,0,豐興,2023-05-02,5,11.0,S2,random_top_n,2015,2023-05-02
early_watch,-0.008571406773158485,-0.07428567068917413,0.31142861502511154,-0.07428567068917413,-0.27015252970934334,0,0,東台,2023-05-02,6,11.6,S2,random_top_n,4526,2023-05-02
early_watch,0.5813148788927336,0.006920415224913601,0.8598615916955017,0.006920415224913601,-0.26697674418604656,0,0,M31,2023-05-02,7,13.0,S2,random_top_n,6643,2023-05-02
early_watch,-0.2089551841002627,-0.2189054586534257,-0.012437758387013775,-0.2189054586534257,-0.2189054586534257,0,0,國喬,2023-05-02,8,15.0,S2,random_top_n,1312,2023-05-02
early_watch,-0.0859375,-0.16015625,0.1171875,-0.16015625,-0.24825174825174823,0,0,杰力,2023-05-02,9,11.0,S2,random_top_n,5299,2023-05-02
early_watch,-0.2990430676591329,-0.34210525114990764,0.007177015371678808,-0.34210525114990764,-0.34679332549372244,0,0,聯合再生,2023-05-02,10,6.0,S2,random_top_n,3576,2023-05-02
early_watch,-0.023904397304817637,-0.15239046632697628,0.0358565579622343,-0.15239046632697628,-0.18173078390268183,0,0,松翰,2023-05-02,11,9.0,S2,random_top_n,5471,2023-05-02
early_watch,-0.07390302123147774,-0.09584290494928349,0.03810627147694423,-0.09584290494928349,-0.12903223890137394,0,0,宏正,2023-05-02,12,24.6,S2,random_top_n,6277,2023-05-02
early_watch,0.44692737430167595,-0.025139664804469275,0.5837988826815643,-0.025139664804469275,-0.12345679012345678,0,0,致新,2023-05-02,13,15.0,S2,random_top_n,8081,2023-05-02
early_watch,0.11061946902654873,-0.04424778761061943,0.14601769911504414,-0.04424778761061943,-0.1428571428571429,0,0,瑞儀,2023-05-02,14,22.6,S2,random_top_n,6176,2023-05-02
early_watch,0.09049773599447297,-0.004524904060796975,0.3348416059184769,-0.004524904060796975,-0.21016951738777812,0,0,愛之味,2023-05-02,15,1.0,S2,random_top_n,1217,2023-05-02
early_watch,-0.16733471008989687,-0.19138282083628866,0.04709415635793812,-0.19138282083628866,-0.22775122537567283,0,0,瑞祺電通,2023-05-02,16,11.0,S2,random_top_n,6416,2023-05-02
early_watch,-0.1526390870185449,-0.18972895863052786,0.0399429386590584,-0.18972895863052786,-0.2208504801097394,0,0,億豐,2023-05-02,17,32.6,S2,random_top_n,8464,2023-05-02
early_watch,-0.16930022864934136,-0.27990970275585614,-0.006771991923863796,-0.27990970275585614,-0.27990970275585614,0,0,銘旺科,2023-05-02,18,12.6,S2,random_top_n,2429,2023-05-02
early_watch,0.15283265139548052,-0.02766796352968548,0.1844532242232768,-0.02766796352968548,-0.10436891158818895,0,0,正新,2023-05-02,19,24.6,S2,random_top_n,2105,2023-05-02
early_watch,0.07954547014446645,-0.03787878842612158,0.34090916808314997,-0.03787878842612158,-0.2146893209386569,0,0,金寶,2023-05-02,20,14.0,S2,random_top_n,2312,2023-05-02
early_watch,-0.4005806569902659,-0.40793545381432805,-0.03655914159504192,-0.40793545381432805,-0.40793545381432805,0,0,展宇,2023-05-02,1,6.6,S2,breakout_120d_only,1776,2023-05-02
early_watch,0.27956989247311825,-0.06451612903225812,0.4150537634408602,-0.06451612903225812,-0.17021276595744672,0,0,順藥,2023-05-02,2,7.6,S2,breakout_120d_only,6535,2023-05-02
early_watch,0.39882111618488314,-0.22003930112349945,0.4106090549968411,-0.22003930112349945,-0.22003930112349945,0,0,圓剛,2023-05-02,3,9.6,S2,breakout_120d_only,2417,2023-05-02
early_watch,-0.3164739884393064,-0.3540462427745664,0.043352601156069426,-0.3540462427745664,-0.3808864265927978,0,0,優盛,2023-05-02,4,24.6,S2,breakout_120d_only,4121,2023-05-02
early_watch,0.03139013452914807,-0.04932735426008972,0.15246636771300448,-0.04932735426008972,-0.13229571984435795,0,0,敦陽科,2023-05-02,5,27.6,S2,breakout_120d_only,2480,2023-05-02
early_watch,0.06852248394004268,0.0064239828693790635,0.3940042826552461,0.0064239828693790635,-0.26344086021505364,0,0,大世科,2023-05-02,6,14.6,S2,breakout_120d_only,8099,2023-05-02
early_watch,-0.20349696384799565,-0.21688355716027152,0.061904767680066364,-0.21688355716027152,-0.2625360892289844,0,0,聚亨,2023-05-02,7,29.6,S2,breakout_120d_only,2022,2023-05-02
early_watch,-0.3468013468013468,-0.3939393939393939,0.05050505050505061,-0.3939393939393939,-0.42307692307692313,0,0,91APP*-KY,2023-05-02,8,13.6,S2,breakout_120d_only,6741,2023-05-02
early_watch,-0.15363881401617263,-0.21832884097035044,0.12668463611859826,-0.21832884097035044,-0.30622009569377984,0,0,樺晟,2023-05-02,9,14.6,S2,breakout_120d_only,3202,2023-05-02
early_watch,-0.07086614173228356,-0.1692913385826772,0.5223097112860893,-0.1692913385826772,-0.45431034482758625,0,0,光聚晶電,2023-05-02,10,14.6,S2,breakout_120d_only,6111,2023-05-02
early_watch,0.16226412215322816,-0.011320725926813102,0.5037735273253243,-0.011320725926813102,-0.2547050966080495,0,0,邁達特,2023-05-02,11,27.6,S2,breakout_120d_only,6112,2023-05-02
early_watch,-0.09375005587935226,-0.09895840887393914,0.12760410199149042,-0.09895840887393914,-0.2009238086889643,0,0,可寧衛*,2023-05-02,12,27.6,S2,breakout_120d_only,8422,2023-05-02
early_watch,-0.037735849056603765,-0.08867924528301896,0.028301886792452935,-0.08867924528301896,-0.11376146788990826,0,0,中菲,2023-05-02,13,29.6,S2,breakout_120d_only,5403,2023-05-02
early_watch,1.1837979642581895,-0.021276618807725356,1.7746816178681266,-0.021276618807725356,-0.21789470046502935,0,0,材料*-KY,2023-05-02,14,16.6,S2,breakout_120d_only,4763,2023-05-02
early_watch,-0.13385825470839152,-0.15354329437410996,0.40157476412517457,-0.15354329437410996,-0.39606738984471823,0,0,恩德,2023-05-02,15,14.6,S2,breakout_120d_only,1528,2023-05-02
early_watch,-0.180965147453083,-0.1930294906166219,0.3887399463806971,-0.1930294906166219,-0.41891891891891886,0,0,驊宏資,2023-05-02,16,0.0,S2,breakout_120d_only,6148,2023-05-02
early_watch,-0.1114982814589901,-0.12891988378332364,0.024390203379183628,-0.12891988378332364,-0.14965985291227812,0,0,國產,2023-05-02,17,36.6,S2,breakout_120d_only,2504,2023-05-02
early_watch,-0.04453441295546556,-0.1551956815114709,0.07287449392712553,-0.1551956815114709,-0.1597315436241611,0,0,大綜,2023-05-02,18,36.6,S2,breakout_120d_only,3147,2023-05-02
early_watch,-0.01486120588662454,-0.029097285694681396,0.04999996469211654,-0.029097285694681396,-0.07533071718720574,0,0,彰銀,2023-05-02,19,36.6,S2,breakout_120d_only,2801,2023-05-02
early_watch,-0.09999999999999998,-0.26315789473684215,0.48684210526315796,-0.26315789473684215,-0.48318584070796466,0,0,保銳,2023-05-02,20,20.6,S2,breakout_120d_only,8093,2023-05-02
early_watch,0.2829268540793317,-0.05853656055481449,0.4650406255954649,-0.05853656055481449,-0.1553829105116038,0,0,力山,2023-05-02,1,23.6,S2,volume_expansion_only,1515,2023-05-02
early_watch,-0.180965147453083,-0.1930294906166219,0.3887399463806971,-0.1930294906166219,-0.41891891891891886,0,0,驊宏資,2023-05-02,2,0.0,S2,volume_expansion_only,6148,2023-05-02
early_watch,-0.22704507512520866,-0.3656093489148581,-0.07178631051752915,-0.3656093489148581,-0.3656093489148581,0,0,力士,2023-05-02,3,14.0,S2,volume_expansion_only,4923,2023-05-02
early_watch,-0.12911392405063293,-0.1544303797468355,0.2202531645569621,-0.1544303797468355,-0.3070539419087137,0,0,元太,2023-05-02,4,23.6,S2,volume_expansion_only,8069,2023-05-02
early_watch,-0.10608198739800945,-0.1810466191637018,0.23055167970785995,-0.1810466191637018,-0.29080458893173045,0,0,柏騰,2023-05-02,5,23.6,S2,volume_expansion_only,3518,2023-05-02
early_watch,0.07730679318651279,-0.04364089941622762,0.16084790544573258,-0.04364089941622762,-0.10751448614748915,0,0,志超,2023-05-02,6,17.0,S2,volume_expansion_only,8213,2023-05-02
early_watch,0.07094437125127162,0.003472168735906056,0.0962707555034128,0.003472168735906056,-0.042904265241125006,0,0,台中銀,2023-05-02,7,36.6,S2,volume_expansion_only,2812,2023-05-02
early_watch,-0.16666666666666663,-0.1865079365079365,0.14682539682539675,-0.1865079365079365,-0.2906574394463668,0,0,大車隊,2023-05-02,8,36.6,S2,volume_expansion_only,2640,2023-05-02
early_watch,-0.08490566037735847,-0.10849056603773588,0.08962264150943389,-0.10849056603773588,-0.18181818181818177,0,0,鴻海,2023-05-02,9,27.6,S2,volume_expansion_only,2317,2023-05-02
early_watch,-0.11920529801324498,-0.16556291390728473,0.041390728476821126,-0.16556291390728473,-0.19872813990461047,0,0,健亞,2023-05-02,10,25.6,S2,volume_expansion_only,4130,2023-05-02
early_watch,-0.23841961852861038,-0.26702997275204365,0.08583106267029961,-0.26702997275204365,-0.32496863237139273,0,0,高僑,2023-05-02,11,16.6,S2,volume_expansion_only,6234,2023-05-02
early_watch,-0.1114982814589901,-0.12891988378332364,0.024390203379183628,-0.12891988378332364,-0.14965985291227812,0,0,國產,2023-05-02,12,36.6,S2,volume_expansion_only,2504,2023-05-02
early_watch,-0.03610108203816098,-0.07220216407632207,0.08664258312011652,-0.07220216407632207,-0.14617938746735093,0,0,五鼎,2023-05-02,13,27.6,S2,volume_expansion_only,1733,2023-05-02
early_watch,-0.04347826086956519,-0.08695652173913049,0.032608695652173836,-0.08695652173913049,-0.11578947368421055,0,0,上海商銀,2023-05-02,14,14.0,S2,volume_expansion_only,5876,2023-05-02
early_watch,-0.33798283261802575,-0.3562231759656652,0.05150214592274671,-0.3562231759656652,-0.3877551020408163,0,0,晟田,2023-05-02,15,24.6,S2,volume_expansion_only,4541,2023-05-02
early_watch,-0.015625026981789913,-0.03106622457608954,0.08455877100870834,-0.03106622457608954,-0.10661017058324962,0,0,合庫金,2023-05-02,16,25.6,S2,volume_expansion_only,5880,2023-05-02
early_watch,0.9747191011235954,-0.1530898876404495,1.2134831460674156,-0.1530898876404495,-0.35424836601307197,0,0,上詮,2023-05-02,17,24.6,S2,volume_expansion_only,3363,2023-05-02
early_watch,-0.1291208791208791,-0.33241758241758246,0.0,-0.33241758241758246,-0.33241758241758246,0,0,宏觀,2023-05-02,18,27.6,S2,volume_expansion_only,6568,2023-05-02
early_watch,-0.08433738192966456,-0.10240968216103974,0.0,-0.10240968216103974,-0.10240968216103974,0,0,國建,2023-05-02,19,16.0,S2,volume_expansion_only,2501,2023-05-02
early_watch,0.08097172615190784,-0.13747132411820495,0.18152861773503215,-0.13747132411820495,-0.269989179326654,0,0,大眾控,2023-05-02,20,23.6,S2,volume_expansion_only,3701,2023-05-02
early_watch,-0.16666666666666663,-0.1865079365079365,0.14682539682539675,-0.1865079365079365,-0.2906574394463668,0,0,大車隊,2023-05-02,1,36.6,S2,ma_alignment_only,2640,2023-05-02
early_watch,-0.04453441295546556,-0.1551956815114709,0.07287449392712553,-0.1551956815114709,-0.1597315436241611,0,0,大綜,2023-05-02,2,36.6,S2,ma_alignment_only,3147,2023-05-02
early_watch,-0.15111111111111108,-0.18133333333333335,0.16888888888888887,-0.18133333333333335,-0.29961977186311795,0,0,安勤,2023-05-02,3,36.6,S2,ma_alignment_only,3479,2023-05-02
early_watch,0.16428571428571415,0.021428571428571352,0.7857142857142858,0.021428571428571352,-0.3713333333333334,0,0,曜亞,2023-05-02,4,36.6,S2,ma_alignment_only,4138,2023-05-02
early_watch,-0.12291933418693979,-0.143405889884763,0.06145966709346995,-0.143405889884763,-0.19300361881785277,0,0,勤凱,2023-05-02,5,36.6,S2,ma_alignment_only,4760,2023-05-02
early_watch,-0.19004975124378098,-0.19999999999999996,0.05970149253731338,-0.19999999999999996,-0.24507042253521116,0,0,勤崴國際,2023-05-02,6,36.6,S2,ma_alignment_only,6516,2023-05-02
early_watch,-0.18922312689288812,-0.2117794596438507,-0.007518873190098363,-0.2117794596438507,-0.2117794596438507,0,0,台泥,2023-05-02,7,36.6,S2,ma_alignment_only,1101,2023-05-02
early_watch,0.027397290952717368,-0.05088059788177546,0.5753425127941665,-0.05088059788177546,-0.3639751458019944,0,0,精英,2023-05-02,8,36.6,S2,ma_alignment_only,2331,2023-05-02
early_watch,0.22362869680958952,-0.03797463787849975,0.679324967283041,-0.03797463787849975,-0.30402011761684167,0,0,佳世達,2023-05-02,9,36.6,S2,ma_alignment_only,2352,2023-05-02
early_watch,-0.1114982814589901,-0.12891988378332364,0.024390203379183628,-0.12891988378332364,-0.14965985291227812,0,0,國產,2023-05-02,10,36.6,S2,ma_alignment_only,2504,2023-05-02
early_watch,0.17204301075268824,-0.060215037356140755,0.19139788227696575,-0.060215037356140755,-0.09430261115645278,0,0,華建,2023-05-02,11,36.6,S2,ma_alignment_only,2530,2023-05-02
early_watch,-0.01486120588662454,-0.029097285694681396,0.04999996469211654,-0.029097285694681396,-0.07533071718720574,0,0,彰銀,2023-05-02,12,36.6,S2,ma_alignment_only,2801,2023-05-02
early_watch,0.07094437125127162,0.003472168735906056,0.0962707555034128,0.003472168735906056,-0.042904265241125006,0,0,台中銀,2023-05-02,13,36.6,S2,ma_alignment_only,2812,2023-05-02
early_watch,0.8042168674698795,-0.01807228915662651,1.3313253012048194,-0.01807228915662651,-0.28165374677002586,0,0,奇鋐,2023-05-02,14,36.6,S2,ma_alignment_only,3017,2023-05-02
early_watch,0.8522955265097103,-0.051896178708750074,2.1536927108214208,-0.051896178708750074,-0.434177205532412,1,0,緯創,2023-05-02,15,36.6,S2,ma_alignment_only,3231,2023-05-02
early_watch,-0.26376812699912255,-0.2811594424040421,0.02898550724637672,-0.2811594424040421,-0.3014084721954775,0,0,安馳,2023-05-02,16,36.6,S2,ma_alignment_only,3528,2023-05-02
early_watch,0.012583503006314833,-0.007293954776732892,0.13585745620548728,-0.007293954776732892,-0.12602938000727681,0,0,佳醫,2023-05-02,17,36.6,S2,ma_alignment_only,4104,2023-05-02
early_watch,-0.04480872649312673,-0.13879778085510586,0.21857923497267762,-0.13879778085510586,-0.29327351523087164,0,0,台耀,2023-05-02,18,36.6,S2,ma_alignment_only,4746,2023-05-02
early_watch,-0.1395041592295453,-0.16445855174201296,0.04119996733225029,-0.16445855174201296,-0.1975206737675943,0,0,迅得,2023-05-02,19,36.6,S2,ma_alignment_only,6438,2023-05-02
early_watch,0.0547945205479452,-0.05022831050228316,0.10502283105022836,-0.05022831050228316,-0.14049586776859502,0,0,中保科,2023-05-02,20,36.6,S2,ma_alignment_only,9917,2023-05-02
early_watch,0.22222222222222232,0.04166666666666674,0.6388888888888888,0.04166666666666674,-0.2771186440677966,0,0,強生,2023-06-01,1,36.6,S2,radar_model,4747,2023-06-01
early_watch,-0.04597701149425293,-0.10804597701149432,0.07816091954022975,-0.10804597701149432,-0.1727078891257996,0,0,寶島科,2023-06-01,2,36.6,S2,radar_model,5312,2023-06-01
early_watch,0.3522727272727273,-0.026988636363636465,0.3522727272727273,-0.026988636363636465,-0.08582574772431739,0,0,永信建,2023-06-01,3,36.6,S2,radar_model,5508,2023-06-01
early_watch,0.06800000000000006,-0.01200000000000001,0.29600000000000004,-0.01200000000000001,-0.23765432098765427,0,0,康和證,2023-06-01,4,36.6,S2,radar_model,6016,2023-06-01
early_watch,-0.2815126050420168,-0.3760504201680672,0.134453781512605,-0.3760504201680672,-0.45000000000000007,0,0,幃翔,2023-06-01,5,36.6,S2,radar_model,6185,2023-06-01
early_watch,-0.14266304347826075,-0.1942934782608695,0.06657608695652173,-0.1942934782608695,-0.24458598726114655,0,0,萬泰科,2023-06-01,6,36.6,S2,radar_model,6190,2023-06-01
early_watch,0.30281690140845074,-0.05633802816901412,0.7112676056338028,-0.05633802816901412,-0.34156378600823045,0,0,醫揚,2023-06-01,7,36.6,S2,radar_model,6569,2023-06-01
early_watch,-0.2739884481264677,-0.35260115606936415,-0.03583813264879876,-0.35260115606936415,-0.35260115606936415,0,0,中華化,2023-06-01,8,36.6,S2,radar_model,1727,2023-06-01
early_watch,-0.1900533020948244,-0.2717584270763015,0.13854350520001524,-0.2717584270763015,-0.3603743997505271,0,0,華紙,2023-06-01,9,36.6,S2,radar_model,1905,2023-06-01
early_watch,-0.03099173456013149,-0.10123969775618569,0.12396693824052618,-0.10123969775618569,-0.2003676694879064,0,0,億光,2023-06-01,10,36.6,S2,radar_model,2393,2023-06-01
early_watch,-0.1387807673152378,-0.19325548646000146,0.10376135095106687,-0.19325548646000146,-0.26909516006801726,0,0,友通,2023-06-01,11,36.6,S2,radar_model,2397,2023-06-01
early_watch,-0.06695461177545159,-0.17926564522309674,0.2051835886942257,-0.17926564522309674,-0.3189964064594174,0,0,華航,2023-06-01,12,36.6,S2,radar_model,2610,2023-06-01
early_watch,0.011135857082584133,-0.20267264987894074,0.06236078267050216,-0.20267264987894074,-0.24947591898414856,0,0,弘憶股,2023-06-01,13,36.6,S2,radar_model,3312,2023-06-01
early_watch,-0.14047622680664062,-0.17619051252092632,0.030952362787155963,-0.17619051252092632,-0.2009238086889643,0,0,可寧衛*,2023-06-01,14,36.6,S2,radar_model,8422,2023-06-01
early_watch,0.37066245164690836,-0.11829652712135375,0.37066245164690836,-0.11829652712135375,-0.18155199080272622,0,0,長榮鋼,2023-06-01,15,34.6,S2,radar_model,2211,2023-06-01
early_watch,-0.125,-0.26388888888888884,0.14861106872558594,-0.26388888888888884,-0.3591293596640631,0,0,長榮航,2023-06-01,16,34.6,S2,radar_model,2618,2023-06-01
early_watch,0.46638655462184864,-0.1029411764705882,0.46638655462184864,-0.1029411764705882,-0.1403762662807525,0,0,青鋼,2023-06-01,17,33.6,S2,radar_model,8930,2023-06-01
early_watch,-0.12112673907212812,-0.21971828836790275,0.19577466937857624,-0.21971828836790275,-0.34746760270679056,0,0,全台,2023-06-01,18,32.6,S2,radar_model,3038,2023-06-01
early_watch,-0.09204364823134326,-0.3666146733137222,0.040561599625790645,-0.3666146733137222,-0.3913043428528813,0,0,興能高,2023-06-01,19,32.6,S2,radar_model,6558,2023-06-01
early_watch,0.22787782096798392,-0.09732619200639503,0.23886062765359317,-0.09732619200639503,-0.16269839604329472,0,0,至上,2023-06-01,20,32.6,S2,radar_model,8112,2023-06-01
early_watch,-0.16371681415929218,-0.2654867256637168,0.05088495575221241,-0.2654867256637168,-0.30105263157894735,0,0,華電網,2023-06-01,1,12.0,S2,random_top_n,6163,2023-06-01
early_watch,0.039087947882736174,-0.18566775244299671,0.24104234527687307,-0.18566775244299671,-0.3438320209973753,0,0,創意,2023-06-01,2,19.6,S2,random_top_n,3443,2023-06-01
early_watch,0.17419351557249674,-0.06236562421244962,0.19139788227696575,-0.06236562421244962,-0.16634800936621252,0,0,宏齊,2023-06-01,3,11.0,S2,random_top_n,6168,2023-06-01
early_watch,-0.07516339869281041,-0.1797385620915033,0.042483660130719025,-0.1797385620915033,-0.21316614420062696,0,0,茂順,2023-06-01,4,17.0,S2,random_top_n,9942,2023-06-01
early_watch,-0.20272437847028935,-0.2932692725042374,0.01923071985414171,-0.2932692725042374,-0.30660378094088425,0,0,宏達電,2023-06-01,5,20.6,S2,random_top_n,2498,2023-06-01
early_watch,0.46796657381615603,-0.01532033426183832,0.9192200557103067,-0.01532033426183832,-0.36719883889695215,0,0,鼎天,2023-06-01,6,26.6,S2,random_top_n,3306,2023-06-01
early_watch,0.16865079365079372,-0.11309523809523814,0.16865079365079372,-0.11309523809523814,-0.17527675276752763,0,0,環球晶,2023-06-01,7,20.6,S2,random_top_n,6488,2023-06-01
early_watch,0.30793650793650795,0.031746031746031855,0.8158730158730159,0.031746031746031855,-0.3706293706293706,0,0,華擎,2023-06-01,8,22.6,S2,random_top_n,3515,2023-06-01
early_watch,-0.023188405797101352,-0.1507246376811594,0.10434782608695659,-0.1507246376811594,-0.23097112860892388,0,0,久正,2023-06-01,9,19.6,S2,random_top_n,6167,2023-06-01
early_watch,0.004115242164996147,-0.10905348566796214,0.01646096865998481,-0.10905348566796214,-0.10905348566796214,0,0,遠百,2023-06-01,10,22.6,S2,random_top_n,2903,2023-06-01
early_watch,0.44900351699882757,-0.016412661195779554,0.6928487690504104,-0.016412661195779554,-0.314404432132964,0,0,湧德,2023-06-01,11,29.6,S2,random_top_n,3689,2023-06-01
early_watch,-0.1479028890900751,-0.23620311132777316,0.035320139420871755,-0.23620311132777316,-0.26226018446866795,0,0,彰源,2023-06-01,12,17.6,S2,random_top_n,2030,2023-06-01
early_watch,0.005952403929229133,-0.09226186353873589,0.032738164844429596,-0.09226186353873589,-0.12103748330245478,0,0,勝德,2023-06-01,13,9.0,S2,random_top_n,3296,2023-06-01
early_watch,0.31715210355987056,-0.03721682847896435,0.31715210355987056,-0.03721682847896435,-0.11061285500747386,0,0,新普,2023-06-01,14,3.0,S2,random_top_n,6121,2023-06-01
early_watch,-0.045721001012303475,-0.08206330304293874,0.05392729553983644,-0.08206330304293874,-0.12903223890137394,0,0,宏正,2023-06-01,15,21.6,S2,random_top_n,6277,2023-06-01
early_watch,0.1145374449339207,-0.17885465243839482,0.24229074889867852,-0.17885465243839482,-0.339007113842254,0,0,中興電,2023-06-01,16,22.6,S2,random_top_n,1513,2023-06-01
early_watch,-0.11671924290220825,-0.20820189274447953,0.18927444794952675,-0.20820189274447953,-0.3342175066312998,0,0,汎銓,2023-06-01,17,14.6,S2,random_top_n,6830,2023-06-01
early_watch,0.2293233082706767,0.007518796992481258,0.32894736842105265,0.007518796992481258,-0.224893917963225,0,0,瑞耘,2023-06-01,18,16.6,S2,random_top_n,6532,2023-06-01
early_watch,-0.11598440545808963,-0.2826510721247564,0.4990253411306045,-0.2826510721247564,-0.5214564369310795,0,0,易飛網,2023-06-01,19,25.6,S2,random_top_n,2734,2023-06-01
early_watch,0.05309729359892956,0.0,0.3053097124807018,0.0,-0.22033898305084743,0,0,愛之味,2023-06-01,20,8.0,S2,random_top_n,1217,2023-06-01
early_watch,-0.016207455229087397,-0.18638573513450518,0.016207455229087397,-0.18638573513450518,-0.19936203904144867,0,0,宇瞻,2023-06-01,1,9.6,S2,breakout_120d_only,8271,2023-06-01
early_watch,-0.24024024574440728,-0.2972972926531564,0.006006029054705486,-0.2972972926531564,-0.30149254870058884,0,0,和椿,2023-06-01,2,9.6,S2,breakout_120d_only,6215,2023-06-01
early_watch,0.2081784231663435,-0.13011155913882455,0.7397768817223509,-0.13011155913882455,-0.44444442923266503,0,0,研揚,2023-06-01,3,24.6,S2,breakout_120d_only,6579,2023-06-01
early_watch,0.34621091182483554,0.0995541849097612,0.5809806344889881,0.0995541849097612,-0.1847825841121925,0,0,一詮,2023-06-01,4,9.6,S2,breakout_120d_only,2486,2023-06-01
early_watch,0.8047619047619048,-0.11809523809523814,0.8047619047619048,-0.11809523809523814,-0.15433789954337906,0,0,智冠,2023-06-01,5,9.6,S2,breakout_120d_only,5478,2023-06-01
early_watch,-0.07066052227342545,-0.15975422427035324,0.09062980030721968,-0.15975422427035324,-0.2295774647887323,0,0,裕國,2023-06-01,6,27.6,S2,breakout_120d_only,8905,2023-06-01
early_watch,0.09497206703910632,-0.0865921787709496,0.6969273743016762,-0.0865921787709496,-0.4378600823045268,0,0,廣明,2023-06-01,7,27.6,S2,breakout_120d_only,6188,2023-06-01
early_watch,0.23502995422534556,-0.055389216478875625,0.562874223661985,-0.055389216478875625,-0.29597704937747205,0,0,神達,2023-06-01,8,12.6,S2,breakout_120d_only,3706,2023-06-01
early_watch,0.2401685393258426,-0.1193820224719101,0.2696629213483146,-0.1193820224719101,-0.2152690863579475,0,0,聯合,2023-06-01,9,27.6,S2,breakout_120d_only,4129,2023-06-01
early_watch,-0.11801242236024856,-0.2220496894409938,0.0031055900621115295,-0.2220496894409938,-0.22445820433436525,0,0,研通,2023-06-01,10,14.6,S2,breakout_120d_only,6229,2023-06-01
early_watch,-0.07845867833426012,-0.22522271111438297,0.10071948776711981,-0.22522271111438297,-0.2961174054823881,0,0,瑞軒,2023-06-01,11,0.0,S2,breakout_120d_only,2489,2023-06-01
early_watch,-0.17558137760605919,-0.21279073315997454,0.05232558139534893,-0.21279073315997454,-0.25193373537853936,0,0,廣宇,2023-06-01,12,25.6,S2,breakout_120d_only,2328,2023-06-01
early_watch,-0.14315789473684204,-0.22421052631578942,0.010526315789473717,-0.22421052631578942,-0.23229166666666667,0,0,宇峻,2023-06-01,13,14.6,S2,breakout_120d_only,3546,2023-06-01
early_watch,0.642495831011868,-0.09949406049054954,0.9156829668747253,-0.09949406049054954,-0.3072183274177541,0,0,晟銘電,2023-06-01,14,29.6,S2,breakout_120d_only,3013,2023-06-01
early_watch,0.46796657381615603,-0.01532033426183832,0.9192200557103067,-0.01532033426183832,-0.36719883889695215,0,0,鼎天,2023-06-01,15,26.6,S2,breakout_120d_only,3306,2023-06-01
early_watch,0.12941176470588234,-0.06890756302521006,0.12941176470588234,-0.06890756302521006,-0.1593323216995448,0,0,鈊象,2023-06-01,16,27.6,S2,breakout_120d_only,3293,2023-06-01
early_watch,-0.1270491230886125,-0.14617482779142565,0.06693991434649327,-0.14617482779142565,-0.19846351220014447,0,0,力達-KY,2023-06-01,17,27.6,S2,breakout_120d_only,4552,2023-06-01
early_watch,-0.2977973837159279,-0.3568281938325991,0.08810572687224671,-0.3568281938325991,-0.4089068825910931,0,0,江申,2023-06-01,18,16.6,S2,breakout_120d_only,1525,2023-06-01
early_watch,-0.2739884481264677,-0.35260115606936415,-0.03583813264879876,-0.35260115606936415,-0.35260115606936415,0,0,中華化,2023-06-01,19,36.6,S2,breakout_120d_only,1727,2023-06-01
early_watch,0.06800000000000006,-0.01200000000000001,0.29600000000000004,-0.01200000000000001,-0.23765432098765427,0,0,康和證,2023-06-01,20,36.6,S2,breakout_120d_only,6016,2023-06-01
early_watch,-0.03697999182514511,-0.09399078806471184,-0.0015408085018491224,-0.09399078806471184,-0.09399078806471184,0,0,德律,2023-06-01,1,23.6,S2,volume_expansion_only,3030,2023-06-01
early_watch,0.20111730137095396,-0.13500930906882813,0.20111730137095396,-0.13500930906882813,-0.1991379178803543,0,0,百和,2023-06-01,2,12.0,S2,volume_expansion_only,9938,2023-06-01
early_watch,-0.01807118311618694,-0.17327927434697943,0.040935671808005836,-0.17327927434697943,-0.20579076301892352,0,0,官田鋼,2023-06-01,3,0.0,S2,volume_expansion_only,2017,2023-06-01
early_watch,0.0984848484848484,-0.09848484848484851,0.13636363636363646,-0.09848484848484851,-0.15000000000000002,0,0,鈺齊-KY,2023-06-01,4,21.6,S2,volume_expansion_only,9802,2023-06-01
early_watch,-0.1094527363184079,-0.2407960199004976,0.00995024875621886,-0.2407960199004976,-0.24827586206896557,0,0,美琪瑪,2023-06-01,5,17.6,S2,volume_expansion_only,4721,2023-06-01
early_watch,-0.0060544751095811256,-0.12411700920031088,0.029263386180941264,-0.12411700920031088,-0.14901957792394305,0,0,台表科,2023-06-01,6,25.6,S2,volume_expansion_only,6278,2023-06-01
early_watch,0.37066245164690836,-0.11829652712135375,0.37066245164690836,-0.11829652712135375,-0.18155199080272622,0,0,長榮鋼,2023-06-01,7,34.6,S2,volume_expansion_only,2211,2023-06-01
early_watch,-0.039906103286385,-0.25,0.13145539906103298,-0.25,-0.33713692946058094,0,0,博晟生醫,2023-06-01,8,12.6,S2,volume_expansion_only,6733,2023-06-01
early_watch,0.1546099507216867,-0.053900752507203054,0.1546099507216867,-0.053900752507203054,-0.1393548780871976,0,0,台驊控股,2023-06-01,9,12.0,S2,volume_expansion_only,2636,2023-06-01
early_watch,-0.04659495537043412,-0.07168458879374551,0.08781364861783869,-0.07168458879374551,-0.14662275805625402,0,0,鴻準,2023-06-01,10,23.6,S2,volume_expansion_only,2354,2023-06-01
early_watch,-0.11561304736008793,-0.22761602083020593,0.03775615738005711,-0.22761602083020593,-0.25571727647487796,0,0,康普,2023-06-01,11,22.6,S2,volume_expansion_only,4739,2023-06-01
early_watch,0.001457725947521915,-0.09329446064139935,0.3221574344023326,-0.09329446064139935,-0.3142227122381477,0,0,宇智,2023-06-01,12,25.6,S2,volume_expansion_only,6470,2023-06-01
early_watch,0.3395050048500463,-0.04967948858985016,0.3395050048500463,-0.04967948858985016,-0.21761203443462174,0,0,洋基工程,2023-06-01,13,23.6,S2,volume_expansion_only,6691,2023-06-01
early_watch,-0.04597701149425293,-0.10804597701149432,0.07816091954022975,-0.10804597701149432,-0.1727078891257996,0,0,寶島科,2023-06-01,14,36.6,S2,volume_expansion_only,5312,2023-06-01
early_watch,0.09080320470091485,-0.017462164998310215,0.26658907007096944,-0.017462164998310215,-0.19944856589125004,0,0,麗清,2023-06-01,15,25.6,S2,volume_expansion_only,3346,2023-06-01
early_watch,-0.03523487462894703,-0.14093956252077766,0.350671175519474,-0.14093956252077766,-0.3639751458019944,0,0,精英,2023-06-01,16,23.6,S2,volume_expansion_only,2331,2023-06-01
early_watch,-0.2120927534712289,-0.2621442383941631,0.08957410847911196,-0.2621442383941631,-0.3228035102304543,0,0,王品,2023-06-01,17,14.6,S2,volume_expansion_only,2727,2023-06-01
early_watch,-0.2739884481264677,-0.35260115606936415,-0.03583813264879876,-0.35260115606936415,-0.35260115606936415,0,0,中華化,2023-06-01,18,36.6,S2,volume_expansion_only,1727,2023-06-01
early_watch,-0.1710983011763909,-0.2635838062087924,0.05317917311122655,-0.2635838062087924,-0.30076836630206083,0,0,TPK-KY,2023-06-01,19,14.6,S2,volume_expansion_only,3673,2023-06-01
early_watch,-0.14263074829853006,-0.20126778534631462,0.017432622832348033,-0.20126778534631462,-0.21495320994312184,0,0,今國光,2023-06-01,20,24.6,S2,volume_expansion_only,6209,2023-06-01
early_watch,0.22222222222222232,0.04166666666666674,0.6388888888888888,0.04166666666666674,-0.2771186440677966,0,0,強生,2023-06-01,1,36.6,S2,ma_alignment_only,4747,2023-06-01
early_watch,-0.04597701149425293,-0.10804597701149432,0.07816091954022975,-0.10804597701149432,-0.1727078891257996,0,0,寶島科,2023-06-01,2,36.6,S2,ma_alignment_only,5312,2023-06-01
early_watch,0.3522727272727273,-0.026988636363636465,0.3522727272727273,-0.026988636363636465,-0.08582574772431739,0,0,永信建,2023-06-01,3,36.6,S2,ma_alignment_only,5508,2023-06-01
early_watch,0.06800000000000006,-0.01200000000000001,0.29600000000000004,-0.01200000000000001,-0.23765432098765427,0,0,康和證,2023-06-01,4,36.6,S2,ma_alignment_only,6016,2023-06-01
early_watch,-0.2815126050420168,-0.3760504201680672,0.134453781512605,-0.3760504201680672,-0.45000000000000007,0,0,幃翔,2023-06-01,5,36.6,S2,ma_alignment_only,6185,2023-06-01
early_watch,-0.14266304347826075,-0.1942934782608695,0.06657608695652173,-0.1942934782608695,-0.24458598726114655,0,0,萬泰科,2023-06-01,6,36.6,S2,ma_alignment_only,6190,2023-06-01
early_watch,0.30281690140845074,-0.05633802816901412,0.7112676056338028,-0.05633802816901412,-0.34156378600823045,0,0,醫揚,2023-06-01,7,36.6,S2,ma_alignment_only,6569,2023-06-01
early_watch,-0.2739884481264677,-0.35260115606936415,-0.03583813264879876,-0.35260115606936415,-0.35260115606936415,0,0,中華化,2023-06-01,8,36.6,S2,ma_alignment_only,1727,2023-06-01
early_watch,-0.1900533020948244,-0.2717584270763015,0.13854350520001524,-0.2717584270763015,-0.3603743997505271,0,0,華紙,2023-06-01,9,36.6,S2,ma_alignment_only,1905,2023-06-01
early_watch,-0.03099173456013149,-0.10123969775618569,0.12396693824052618,-0.10123969775618569,-0.2003676694879064,0,0,億光,2023-06-01,10,36.6,S2,ma_alignment_only,2393,2023-06-01
early_watch,-0.1387807673152378,-0.19325548646000146,0.10376135095106687,-0.19325548646000146,-0.26909516006801726,0,0,友通,2023-06-01,11,36.6,S2,ma_alignment_only,2397,2023-06-01
early_watch,-0.06695461177545159,-0.17926564522309674,0.2051835886942257,-0.17926564522309674,-0.3189964064594174,0,0,華航,2023-06-01,12,36.6,S2,ma_alignment_only,2610,2023-06-01
early_watch,0.011135857082584133,-0.20267264987894074,0.06236078267050216,-0.20267264987894074,-0.24947591898414856,0,0,弘憶股,2023-06-01,13,36.6,S2,ma_alignment_only,3312,2023-06-01
early_watch,-0.14047622680664062,-0.17619051252092632,0.030952362787155963,-0.17619051252092632,-0.2009238086889643,0,0,可寧衛*,2023-06-01,14,36.6,S2,ma_alignment_only,8422,2023-06-01
early_watch,0.37066245164690836,-0.11829652712135375,0.37066245164690836,-0.11829652712135375,-0.18155199080272622,0,0,長榮鋼,2023-06-01,15,34.6,S2,ma_alignment_only,2211,2023-06-01
early_watch,0.46638655462184864,-0.1029411764705882,0.46638655462184864,-0.1029411764705882,-0.1403762662807525,0,0,青鋼,2023-06-01,16,33.6,S2,ma_alignment_only,8930,2023-06-01
early_watch,-0.12112673907212812,-0.21971828836790275,0.19577466937857624,-0.21971828836790275,-0.34746760270679056,0,0,全台,2023-06-01,17,32.6,S2,ma_alignment_only,3038,2023-06-01
early_watch,-0.09204364823134326,-0.3666146733137222,0.040561599625790645,-0.3666146733137222,-0.3913043428528813,0,0,興能高,2023-06-01,18,32.6,S2,ma_alignment_only,6558,2023-06-01
early_watch,0.22787782096798392,-0.09732619200639503,0.23886062765359317,-0.09732619200639503,-0.16269839604329472,0,0,至上,2023-06-01,19,32.6,S2,ma_alignment_only,8112,2023-06-01
early_watch,0.5795090715048026,-0.1430096051227322,0.6819637139807897,-0.1430096051227322,-0.35424836601307197,0,0,上詮,2023-06-01,20,30.6,S2,ma_alignment_only,3363,2023-06-01
early_watch,-0.10582524271844662,-0.18349514563106806,0.23300970873786397,-0.18349514563106806,-0.3377952755905512,0,0,宜特,2023-07-03,1,36.6,S2,radar_model,3289,2023-07-03
early_watch,-0.06471494607087835,-0.18952234206471497,-0.007704160246533087,-0.18952234206471497,-0.18952234206471497,0,0,協益,2023-07-03,2,36.6,S2,radar_model,5356,2023-07-03
early_watch,0.3474387527839644,-0.05456570155901996,0.6982182628062361,-0.05456570155901996,-0.2519823788546255,0,0,高技,2023-07-03,3,36.6,S2,radar_model,5439,2023-07-03
early_watch,0.2432432432432432,-0.07432432432432434,0.28648648648648645,-0.07432432432432434,-0.08582574772431739,0,0,永信建,2023-07-03,4,36.6,S2,radar_model,5508,2023-07-03
early_watch,0.00941176470588223,-0.17999999999999994,0.14823529411764702,-0.17999999999999994,-0.2858606557377048,0,0,捷波,2023-07-03,5,36.6,S2,radar_model,6161,2023-07-03
early_watch,0.011335012594458238,-0.13979848866498745,0.530226700251889,-0.13979848866498745,-0.4378600823045268,0,0,廣明,2023-07-03,6,36.6,S2,radar_model,6188,2023-07-03
early_watch,0.25806451612903225,-0.06720430107526887,0.25806451612903225,-0.06720430107526887,-0.15068493150684936,0,0,旺矽,2023-07-03,7,36.6,S2,radar_model,6223,2023-07-03
early_watch,-0.26500566251415625,-0.29558323895809735,0.027180067950169917,-0.29558323895809735,-0.3142227122381477,0,0,宇智,2023-07-03,8,36.6,S2,radar_model,6470,2023-07-03
early_watch,0.8924050632911393,-0.23037974683544304,1.6075949367088609,-0.23037974683544304,-0.30097087378640774,0,0,台灣銘板,2023-07-03,9,36.6,S2,radar_model,6593,2023-07-03
early_watch,-0.1621029852908955,-0.20810514090814358,0.04381160861224065,-0.20810514090814358,-0.24134311923902674,0,0,科妍,2023-07-03,10,36.6,S2,radar_model,1786,2023-07-03
early_watch,-0.01578943352950246,-0.15263155887001434,0.00526317797209086,-0.15263155887001434,-0.15706805969022464,0,0,春源,2023-07-03,11,36.6,S2,radar_model,2010,2023-07-03
early_watch,0.013215859030837107,-0.11894273127753308,0.40528634361233484,-0.11894273127753308,-0.3730407523510971,0,0,光寶科,2023-07-03,12,36.6,S2,radar_model,2301,2023-07-03
early_watch,-0.1339093059417742,-0.20950325967122585,0.11663070442464529,-0.20950325967122585,-0.29206967245622595,0,0,友訊,2023-07-03,13,36.6,S2,radar_model,2332,2023-07-03
early_watch,-0.03546099290780147,-0.18014185479346745,0.46099290780141855,-0.18014185479346745,-0.4388349588634899,0,0,仲琦,2023-07-03,14,36.6,S2,radar_model,2419,2023-07-03
early_watch,0.07234956022929229,-0.022071143848402697,0.11281553461739025,-0.022071143848402697,-0.048484816334854575,0,0,台中銀,2023-07-03,15,36.6,S2,radar_model,2812,2023-07-03
early_watch,0.5789473684210527,0.07236842105263164,0.7149122807017543,0.07236842105263164,-0.2621870882740448,0,0,智原,2023-07-03,16,36.6,S2,radar_model,3035,2023-07-03
early_watch,-0.1449942261550916,-0.25431528292366823,0.10701950815954508,-0.25431528292366823,-0.3264032733117268,0,0,明泰,2023-07-03,17,36.6,S2,radar_model,3380,2023-07-03
early_watch,-0.12880144125946424,-0.21109128317814085,0.0017888814202411396,-0.21109128317814085,-0.21250002724783756,0,0,艾笛森,2023-07-03,18,36.6,S2,radar_model,3591,2023-07-03
early_watch,0.007256893888633709,-0.08998549529219857,0.1044992277037593,-0.08998549529219857,-0.1432326116220043,0,0,正文,2023-07-03,19,36.6,S2,radar_model,4906,2023-07-03
early_watch,0.1929824561403508,-0.06140350877192979,0.23684210526315796,-0.06140350877192979,-0.1477272727272727,0,0,中磊,2023-07-03,20,36.6,S2,radar_model,5388,2023-07-03
early_watch,-0.21325648414985587,-0.35446685878962536,-0.025936599423631135,-0.35446685878962536,-0.35446685878962536,0,0,雄獅,2023-07-03,1,11.0,S2,random_top_n,2731,2023-07-03
early_watch,0.3316497717539528,-0.05555560550482641,0.35353534445366797,-0.05555560550482641,-0.24189191251187714,0,0,仁寶,2023-07-03,2,22.6,S2,random_top_n,2324,2023-07-03
early_watch,-0.06557378715098938,-0.10655739434910438,0.05737703444335551,-0.10655739434910438,-0.15503876427461982,0,0,南緯,2023-07-03,3,25.6,S2,random_top_n,1467,2023-07-03
early_watch,-0.08695652173913049,-0.17826086956521736,-0.02608695652173909,-0.17826086956521736,-0.17826086956521736,0,0,鴻海,2023-07-03,4,27.6,S2,random_top_n,2317,2023-07-03
early_watch,-0.04016064318554491,-0.19277105665047667,0.0010040007595690792,-0.19277105665047667,-0.19358070223796087,0,0,雲豹能源,2023-07-03,5,19.6,S2,random_top_n,6869,2023-07-03
early_watch,-0.022759687539951168,-0.06116647034271061,0.06827873704115373,-0.06116647034271061,-0.12117175311603878,0,0,臺鹽,2023-07-03,6,27.6,S2,random_top_n,1737,2023-07-03
early_watch,-0.18463806128173388,-0.22895120951264958,0.01624824450666673,-0.22895120951264958,-0.24127909233274714,0,0,車王電,2023-07-03,7,22.6,S2,random_top_n,1533,2023-07-03
early_watch,-0.04913300533307896,-0.10404626911593251,0.150288998222307,-0.10404626911593251,-0.19095479698814,0,0,動力-KY,2023-07-03,8,16.0,S2,random_top_n,6591,2023-07-03
early_watch,-0.12448132780082988,-0.15352697095435697,0.008298755186721962,-0.15352697095435697,-0.15527950310559002,0,0,三顧,2023-07-03,9,9.0,S2,random_top_n,3224,2023-07-03
early_watch,0.15741781898169105,-0.0894677378578147,0.6308040206475773,-0.0894677378578147,-0.4416666560702853,0,0,英業達,2023-07-03,10,11.6,S2,random_top_n,2356,2023-07-03
early_watch,0.2647058823529411,-0.10084033613445376,0.3403361344537814,-0.10084033613445376,-0.1216216216216216,0,0,帝寶,2023-07-03,11,11.6,S2,random_top_n,6605,2023-07-03
early_watch,0.03757522456763085,-0.07095562236766528,0.060052164068162384,-0.07095562236766528,-0.12358616950797885,0,0,兆豐金,2023-07-03,12,9.6,S2,random_top_n,2886,2023-07-03
early_watch,-0.14181287348757576,-0.19590645068639456,0.02339179003549785,-0.19590645068639456,-0.2142857142857143,0,0,正隆,2023-07-03,13,11.6,S2,random_top_n,1904,2023-07-03
early_watch,0.12018669778296376,-0.022170361726954524,0.16686114352392067,-0.022170361726954524,-0.050000000000000044,0,0,福興,2023-07-03,14,0.0,S2,random_top_n,9924,2023-07-03
early_watch,-0.008333312140570759,-0.22083335452609587,0.11666668785942935,-0.22083335452609587,-0.22083335452609587,0,0,詮欣,2023-07-03,15,12.0,S2,random_top_n,6205,2023-07-03
early_watch,0.00403228218238505,-0.09677422862892382,0.02419361541597942,-0.09677422862892382,-0.11811032818806622,0,0,凱基金,2023-07-03,16,0.0,S2,random_top_n,2883,2023-07-03
early_watch,-0.078125,-0.216796875,0.12890624999999978,-0.216796875,-0.30622837370242206,0,0,昱泉,2023-07-03,17,24.6,S2,random_top_n,6169,2023-07-03
early_watch,-0.012820512820512775,-0.014423076923076872,0.03685897435897445,-0.014423076923076872,-0.04945904173106641,0,0,崑鼎,2023-07-03,18,17.0,S2,random_top_n,6803,2023-07-03
early_watch,-0.0650887573964497,-0.18639053254437865,-0.00295857988165682,-0.18639053254437865,-0.18639053254437865,0,0,胡連,2023-07-03,19,10.0,S2,random_top_n,6279,2023-07-03
early_watch,-0.1547344314316964,-0.23210160309792183,0.008083193879569128,-0.23210160309792183,-0.2382589040624209,0,0,三陽工業,2023-07-03,20,5.0,S2,random_top_n,2206,2023-07-03
early_watch,-0.013730029252704279,-0.1350114742076276,0.21739130055248523,-0.1350114742076276,-0.28947370874112766,0,0,瑞智,2023-07-03,1,27.6,S2,breakout_120d_only,4532,2023-07-03
early_watch,0.511290273358745,-0.05806449151808213,0.5612903718025453,-0.05806449151808213,-0.26075947435596325,0,0,海華,2023-07-03,2,9.6,S2,breakout_120d_only,3694,2023-07-03
early_watch,0.6983523118950574,-0.05196449169619233,0.8567806991987008,-0.05196449169619233,-0.1945392491467577,0,0,鼎基,2023-07-03,3,29.6,S2,breakout_120d_only,6585,2023-07-03
early_watch,3.0846560056304124,0.09788362004282347,3.13756605960838,0.09788362004282347,-0.27914613422096557,1,0,迎廣,2023-07-03,4,14.6,S2,breakout_120d_only,6117,2023-07-03
early_watch,-0.01369857082474657,-0.10273972909527174,0.2857142643852537,-0.10273972909527174,-0.30213088883031036,0,0,合勤控,2023-07-03,5,29.6,S2,breakout_120d_only,3704,2023-07-03
early_watch,0.16877637130801681,-0.22953583922567244,0.43881856540084385,-0.22953583922567244,-0.3079178885630498,0,0,訊芯-KY,2023-07-03,6,29.6,S2,breakout_120d_only,6451,2023-07-03
early_watch,-0.05882352941176472,-0.23993808049535592,0.049535603715170407,-0.23993808049535592,-0.27581120943952797,0,0,信音,2023-07-03,7,27.6,S2,breakout_120d_only,6126,2023-07-03
early_watch,-0.139344262295082,-0.20286885245901642,0.11885245901639352,-0.20286885245901642,-0.2875457875457875,0,0,台灣精銳,2023-07-03,8,27.6,S2,breakout_120d_only,4583,2023-07-03
early_watch,-0.1834862385321101,-0.21100917431192645,0.11111111111111116,-0.21100917431192645,-0.28990825688073385,0,0,廣積,2023-07-03,9,29.6,S2,breakout_120d_only,8050,2023-07-03
early_watch,0.46382978723404245,-0.2919148936170213,0.46808510638297873,-0.2919148936170213,-0.3550387596899225,0,0,泰茂,2023-07-03,10,26.6,S2,breakout_120d_only,2230,2023-07-03
early_watch,0.03280840026408516,-0.17716531136441416,0.1141732929929915,-0.17716531136441416,-0.2108362921574588,0,0,華電,2023-07-03,11,24.6,S2,breakout_120d_only,1603,2023-07-03
early_watch,-0.34172937171299356,-0.37844565117456097,0.027906959527320252,-0.37844565117456097,-0.3953204197476601,0,0,訊映,2023-07-03,12,29.6,S2,breakout_120d_only,4155,2023-07-03
early_watch,-0.03546099290780147,-0.18014185479346745,0.46099290780141855,-0.18014185479346745,-0.4388349588634899,0,0,仲琦,2023-07-03,13,36.6,S2,breakout_120d_only,2419,2023-07-03
early_watch,0.007256893888633709,-0.08998549529219857,0.1044992277037593,-0.08998549529219857,-0.1432326116220043,0,0,正文,2023-07-03,14,36.6,S2,breakout_120d_only,4906,2023-07-03
early_watch,-0.3801571709233792,-0.44597249508840864,0.015717092337917515,-0.44597249508840864,-0.4545454545454546,0,0,業強,2023-07-03,15,34.6,S2,breakout_120d_only,6124,2023-07-03
early_watch,0.1929824561403508,-0.06140350877192979,0.23684210526315796,-0.06140350877192979,-0.1477272727272727,0,0,中磊,2023-07-03,16,36.6,S2,breakout_120d_only,5388,2023-07-03
early_watch,0.023255813953488413,-0.11395352385764901,0.36744184272233826,-0.11395352385764901,-0.28231290288280175,0,0,兆赫,2023-07-03,17,34.6,S2,breakout_120d_only,2485,2023-07-03
early_watch,-0.26500566251415625,-0.29558323895809735,0.027180067950169917,-0.29558323895809735,-0.3142227122381477,0,0,宇智,2023-07-03,18,36.6,S2,breakout_120d_only,6470,2023-07-03
early_watch,0.17725752508361214,-0.08695652173913049,0.4147157190635451,-0.08695652173913049,-0.35460992907801414,0,0,緯穎,2023-07-03,19,21.6,S2,breakout_120d_only,6669,2023-07-03
early_watch,-0.01578943352950246,-0.15263155887001434,0.00526317797209086,-0.15263155887001434,-0.15706805969022464,0,0,春源,2023-07-03,20,36.6,S2,breakout_120d_only,2010,2023-07-03
early_watch,0.17725752508361214,-0.08695652173913049,0.4147157190635451,-0.08695652173913049,-0.35460992907801414,0,0,緯穎,2023-07-03,1,21.6,S2,volume_expansion_only,6669,2023-07-03
early_watch,-0.10060975609756095,-0.27439024390243905,0.10060975609756095,-0.27439024390243905,-0.34072022160664817,0,0,尼得科超眾,2023-07-03,2,1.0,S2,volume_expansion_only,6230,2023-07-03
early_watch,0.05196855199618611,-0.1716535673366757,0.13543304683655255,-0.1716535673366757,-0.1716535673366757,0,0,台航,2023-07-03,3,23.6,S2,volume_expansion_only,2617,2023-07-03
early_watch,0.1795580110497237,-0.1657458563535913,0.27071823204419876,-0.1657458563535913,-0.17032967032967028,0,0,正德,2023-07-03,4,20.6,S2,volume_expansion_only,2641,2023-07-03
early_watch,-0.07284768211920523,-0.162251655629139,0.011589403973510048,-0.162251655629139,-0.1718494271685761,0,0,台嘉碩,2023-07-03,5,25.6,S2,volume_expansion_only,3221,2023-07-03
early_watch,-0.167427701674277,-0.36986301369863017,-0.03805175038051756,-0.36986301369863017,-0.36986301369863017,0,0,德微,2023-07-03,6,23.6,S2,volume_expansion_only,3675,2023-07-03
early_watch,-0.05487302060614763,-0.15462931883716324,0.04104649692367501,-0.15462931883716324,-0.187960687960688,0,0,研華,2023-07-03,7,34.6,S2,volume_expansion_only,2395,2023-07-03
early_watch,1.3135593220338984,-0.07203389830508478,1.440677966101695,-0.07203389830508478,-0.30346820809248554,0,0,系微,2023-07-03,8,4.6,S2,volume_expansion_only,6231,2023-07-03
early_watch,0.023255813953488413,-0.11395352385764901,0.36744184272233826,-0.11395352385764901,-0.28231290288280175,0,0,兆赫,2023-07-03,9,34.6,S2,volume_expansion_only,2485,2023-07-03
early_watch,-0.17555266579974005,-0.21586475942782846,-0.08062418725617693,-0.21586475942782846,-0.21586475942782846,0,0,港建*,2023-07-03,10,23.6,S2,volume_expansion_only,3093,2023-07-03
early_watch,-0.13025210084033612,-0.25630252100840334,0.2899159663865547,-0.25630252100840334,-0.42345276872964166,0,0,達興材料,2023-07-03,11,34.6,S2,volume_expansion_only,5234,2023-07-03
early_watch,0.1445086705202312,-0.18641618497109835,0.33670520231213863,-0.18641618497109835,-0.18641618497109835,0,0,九齊,2023-07-03,12,15.0,S2,volume_expansion_only,6494,2023-07-03
early_watch,-0.008503401470877248,-0.1207482749361346,0.045918380917898016,-0.1207482749361346,-0.1281618646189011,0,0,日電貿,2023-07-03,13,12.6,S2,volume_expansion_only,3090,2023-07-03
early_watch,0.14285719808284214,-0.12121212589793806,0.14285719808284214,-0.12121212589793806,-0.17479675003337858,0,0,泓德能源,2023-07-03,14,14.0,S2,volume_expansion_only,6873,2023-07-03
early_watch,-0.10969230426772503,-0.25771939966662694,0.029753479401185556,-0.25771939966662694,-0.2592953304203345,0,0,四維航,2023-07-03,15,9.6,S2,volume_expansion_only,5608,2023-07-03
early_watch,-0.2096943961131088,-0.23814539584318584,-0.015806071880716144,-0.23814539584318584,-0.23814539584318584,0,0,宏遠,2023-07-03,16,23.6,S2,volume_expansion_only,1460,2023-07-03
early_watch,0.02142858135054304,-0.06527085940744792,0.07635473112349866,-0.06527085940744792,-0.1315789176520995,0,0,裕融,2023-07-03,17,36.6,S2,volume_expansion_only,9941,2023-07-03
early_watch,0.054325970251348554,-0.16096579229764274,0.10663982204629407,-0.16096579229764274,-0.18871596254828304,0,0,慧洋-KY,2023-07-03,18,4.0,S2,volume_expansion_only,2637,2023-07-03
early_watch,1.2222222919926362,0.06584363916479163,1.670782039651189,0.06584363916479163,-0.19466400733507505,0,0,華泰,2023-07-03,19,27.6,S2,volume_expansion_only,2329,2023-07-03
early_watch,0.5607445362555359,0.009756089816236768,0.6598394274463635,0.009756089816236768,-0.1980519647165112,0,0,啟碁,2023-07-03,20,25.6,S2,volume_expansion_only,6285,2023-07-03
early_watch,-0.10582524271844662,-0.18349514563106806,0.23300970873786397,-0.18349514563106806,-0.3377952755905512,0,0,宜特,2023-07-03,1,36.6,S2,ma_alignment_only,3289,2023-07-03
early_watch,-0.06471494607087835,-0.18952234206471497,-0.007704160246533087,-0.18952234206471497,-0.18952234206471497,0,0,協益,2023-07-03,2,36.6,S2,ma_alignment_only,5356,2023-07-03
early_watch,0.3474387527839644,-0.05456570155901996,0.6982182628062361,-0.05456570155901996,-0.2519823788546255,0,0,高技,2023-07-03,3,36.6,S2,ma_alignment_only,5439,2023-07-03
early_watch,0.2432432432432432,-0.07432432432432434,0.28648648648648645,-0.07432432432432434,-0.08582574772431739,0,0,永信建,2023-07-03,4,36.6,S2,ma_alignment_only,5508,2023-07-03
early_watch,0.00941176470588223,-0.17999999999999994,0.14823529411764702,-0.17999999999999994,-0.2858606557377048,0,0,捷波,2023-07-03,5,36.6,S2,ma_alignment_only,6161,2023-07-03
early_watch,0.011335012594458238,-0.13979848866498745,0.530226700251889,-0.13979848866498745,-0.4378600823045268,0,0,廣明,2023-07-03,6,36.6,S2,ma_alignment_only,6188,2023-07-03
early_watch,0.25806451612903225,-0.06720430107526887,0.25806451612903225,-0.06720430107526887,-0.15068493150684936,0,0,旺矽,2023-07-03,7,36.6,S2,ma_alignment_only,6223,2023-07-03
early_watch,-0.26500566251415625,-0.29558323895809735,0.027180067950169917,-0.29558323895809735,-0.3142227122381477,0,0,宇智,2023-07-03,8,36.6,S2,ma_alignment_only,6470,2023-07-03
early_watch,0.8924050632911393,-0.23037974683544304,1.6075949367088609,-0.23037974683544304,-0.30097087378640774,0,0,台灣銘板,2023-07-03,9,36.6,S2,ma_alignment_only,6593,2023-07-03
early_watch,-0.1621029852908955,-0.20810514090814358,0.04381160861224065,-0.20810514090814358,-0.24134311923902674,0,0,科妍,2023-07-03,10,36.6,S2,ma_alignment_only,1786,2023-07-03
early_watch,-0.01578943352950246,-0.15263155887001434,0.00526317797209086,-0.15263155887001434,-0.15706805969022464,0,0,春源,2023-07-03,11,36.6,S2,ma_alignment_only,2010,2023-07-03
early_watch,0.013215859030837107,-0.11894273127753308,0.40528634361233484,-0.11894273127753308,-0.3730407523510971,0,0,光寶科,2023-07-03,12,36.6,S2,ma_alignment_only,2301,2023-07-03
early_watch,-0.1339093059417742,-0.20950325967122585,0.11663070442464529,-0.20950325967122585,-0.29206967245622595,0,0,友訊,2023-07-03,13,36.6,S2,ma_alignment_only,2332,2023-07-03
early_watch,-0.03546099290780147,-0.18014185479346745,0.46099290780141855,-0.18014185479346745,-0.4388349588634899,0,0,仲琦,2023-07-03,14,36.6,S2,ma_alignment_only,2419,2023-07-03
early_watch,0.07234956022929229,-0.022071143848402697,0.11281553461739025,-0.022071143848402697,-0.048484816334854575,0,0,台中銀,2023-07-03,15,36.6,S2,ma_alignment_only,2812,2023-07-03
early_watch,0.5789473684210527,0.07236842105263164,0.7149122807017543,0.07236842105263164,-0.2621870882740448,0,0,智原,2023-07-03,16,36.6,S2,ma_alignment_only,3035,2023-07-03
early_watch,-0.1449942261550916,-0.25431528292366823,0.10701950815954508,-0.25431528292366823,-0.3264032733117268,0,0,明泰,2023-07-03,17,36.6,S2,ma_alignment_only,3380,2023-07-03
early_watch,-0.12880144125946424,-0.21109128317814085,0.0017888814202411396,-0.21109128317814085,-0.21250002724783756,0,0,艾笛森,2023-07-03,18,36.6,S2,ma_alignment_only,3591,2023-07-03
early_watch,0.007256893888633709,-0.08998549529219857,0.1044992277037593,-0.08998549529219857,-0.1432326116220043,0,0,正文,2023-07-03,19,36.6,S2,ma_alignment_only,4906,2023-07-03
early_watch,0.1929824561403508,-0.06140350877192979,0.23684210526315796,-0.06140350877192979,-0.1477272727272727,0,0,中磊,2023-07-03,20,36.6,S2,ma_alignment_only,5388,2023-07-03
early_watch,0.06011730205278587,-0.12756598240469208,0.24633431085043989,-0.12756598240469208,-0.30000000000000004,0,0,旭品,2023-08-01,1,36.6,S2,radar_model,3325,2023-08-01
early_watch,-0.15719063545150502,-0.31438127090301005,0.04682274247491636,-0.31438127090301005,-0.34504792332268375,0,0,閎康,2023-08-01,2,36.6,S2,radar_model,3587,2023-08-01
early_watch,0.2054616384915473,-0.08582574772431739,0.23797139141742507,-0.08582574772431739,-0.08582574772431739,0,0,永信建,2023-08-01,3,36.6,S2,radar_model,5508,2023-08-01
early_watch,0.19344933469805525,-0.0245649948822928,0.2323439099283522,-0.0245649948822928,-0.06591337099811678,0,0,新潤,2023-08-01,4,36.6,S2,radar_model,6186,2023-08-01
early_watch,-0.07234726599362407,-0.1832797650489959,-0.012861723910736811,-0.1832797650489959,-0.1832797650489959,0,0,大成,2023-08-01,5,36.6,S2,radar_model,1210,2023-08-01
early_watch,-0.0656084333147321,-0.08359789974475029,-0.004232820379670987,-0.08359789974475029,-0.08359789974475029,0,0,國泰金,2023-08-01,6,36.6,S2,radar_model,2882,2023-08-01
early_watch,-0.2982954545454546,-0.31534090909090906,-0.07102272727272729,-0.31534090909090906,-0.31534090909090906,0,0,冠星-KY,2023-08-01,7,36.6,S2,radar_model,4439,2023-08-01
early_watch,0.008968609865470878,-0.29327351523087164,0.049327354260089606,-0.29327351523087164,-0.29327351523087164,0,0,台耀,2023-08-01,8,36.6,S2,radar_model,4746,2023-08-01
early_watch,0.10264058970891199,-0.03187754602271342,0.13117474961361686,-0.03187754602271342,-0.0702702936901144,0,0,元大金,2023-08-01,9,32.6,S2,radar_model,2885,2023-08-01
early_watch,0.35567970204841703,-0.09031657355679701,0.5549348230912476,-0.09031657355679701,-0.17203389830508475,0,0,森田,2023-08-01,10,29.6,S2,radar_model,8410,2023-08-01
early_watch,-0.06229808188185193,-0.12358616950797885,-0.010620645922690075,-0.12358616950797885,-0.12358616950797885,0,0,兆豐金,2023-08-01,11,29.6,S2,radar_model,2886,2023-08-01
early_watch,0.041702055879274225,-0.08037235666710829,0.08510630363768934,-0.08037235666710829,-0.08037235666710829,0,0,永豐金,2023-08-01,12,29.6,S2,radar_model,2890,2023-08-01
early_watch,-0.3233333587646484,-0.34000002543131513,0.015000025431315178,-0.34000002543131513,-0.3497537359289977,0,0,農林,2023-08-01,13,29.6,S2,radar_model,2913,2023-08-01
early_watch,0.11734688370084712,-0.09863950389351284,0.2670067596742254,-0.09863950389351284,-0.17956657369469442,0,0,泰銘,2023-08-01,14,29.6,S2,radar_model,9927,2023-08-01
early_watch,-0.051779935275080846,-0.16828478964401294,0.30097087378640786,-0.16828478964401294,-0.3009950248756219,0,0,富喬,2023-08-01,15,27.6,S2,radar_model,1815,2023-08-01
early_watch,-0.22949308755760378,-0.2967741935483871,-0.01382488479262678,-0.2967741935483871,-0.2967741935483871,0,0,艾訊,2023-08-01,16,27.6,S2,radar_model,3088,2023-08-01
early_watch,0.030995106035889064,-0.27814029363784665,0.05872756933115819,-0.27814029363784665,-0.27814029363784665,0,0,弘塑,2023-08-01,17,27.6,S2,radar_model,3131,2023-08-01
early_watch,0.2695530726256985,-0.0488826815642458,0.2723463687150838,-0.0488826815642458,-0.07723577235772361,0,0,世禾,2023-08-01,18,27.6,S2,radar_model,3551,2023-08-01
early_watch,0.06902356902356899,-0.18013468013468004,0.14983164983164987,-0.18013468013468004,-0.2869692532942898,0,0,博磊,2023-08-01,19,27.6,S2,radar_model,3581,2023-08-01
early_watch,0.7195767195767198,-0.002645502645502451,0.7222222222222221,-0.002645502645502451,-0.06814580031695727,0,0,聯上,2023-08-01,20,27.6,S2,radar_model,4113,2023-08-01
early_watch,-0.23420074349442366,-0.2773234200743494,-0.022304832713754608,-0.2773234200743494,-0.2773234200743494,0,0,宏遠證,2023-08-01,1,11.6,S2,random_top_n,6015,2023-08-01
early_watch,-0.2067226890756303,-0.2336134453781512,0.12941176470588234,-0.2336134453781512,-0.3214285714285714,0,0,瓦城,2023-08-01,2,11.6,S2,random_top_n,2729,2023-08-01
early_watch,-0.19017859867640907,-0.23571429933820454,-0.0267857142857143,-0.23571429933820454,-0.23571429933820454,0,0,錼創科技-KY創,2023-08-01,3,8.6,S2,random_top_n,6854,2023-08-01
early_watch,-0.17924533054980407,-0.20518868985486693,0.012971679652531432,-0.20518868985486693,-0.2153667016458265,0,0,明基材,2023-08-01,4,11.6,S2,random_top_n,8215,2023-08-01
early_watch,-0.07242345900581981,-0.1420613390543164,0.0027854726983509437,-0.1420613390543164,-0.14444446563720703,0,0,中電,2023-08-01,5,9.0,S2,random_top_n,1611,2023-08-01
early_watch,0.11076440940926946,-0.020280799812895323,0.18720749275594328,-0.020280799812895323,-0.1432326116220043,0,0,正文,2023-08-01,6,14.0,S2,random_top_n,4906,2023-08-01
early_watch,-0.06633499170812607,-0.17910447761194026,0.19734660033167506,-0.17910447761194026,-0.314404432132964,0,0,湧德,2023-08-01,7,24.6,S2,random_top_n,3689,2023-08-01
early_watch,0.011494174475184415,-0.14176252453244875,0.08045970851621642,-0.14176252453244875,-0.20567378061125519,0,0,所羅門,2023-08-01,8,22.6,S2,random_top_n,2359,2023-08-01
early_watch,0.5702702702702702,-0.05135135135135138,0.6054054054054054,-0.05135135135135138,-0.14254385964912286,0,0,南寶,2023-08-01,9,24.6,S2,random_top_n,4766,2023-08-01
early_watch,-0.11030927835051552,-0.2319587628865979,-0.01443298969072171,-0.2319587628865979,-0.2319587628865979,0,0,世德,2023-08-01,10,15.0,S2,random_top_n,2066,2023-08-01
early_watch,-0.23583662714097497,-0.40711462450592895,-0.03952569169960474,-0.40711462450592895,-0.40711462450592895,0,0,富野,2023-08-01,11,1.0,S2,random_top_n,2736,2023-08-01
early_watch,-0.06976742244292378,-0.1135430314037783,0.29822166219983526,-0.1135430314037783,-0.31717595353160166,0,0,毅嘉,2023-08-01,12,21.6,S2,random_top_n,2402,2023-08-01
early_watch,-0.12765957446808507,-0.15602836879432624,0.03900709219858167,-0.15602836879432624,-0.16040955631399312,0,0,光耀,2023-08-01,13,22.6,S2,random_top_n,3666,2023-08-01
early_watch,1.1428570530291107,-0.037087973412818775,1.1428570530291107,-0.037087973412818775,-0.22007717913295755,0,0,麗臺,2023-08-01,14,13.0,S2,random_top_n,2465,2023-08-01
early_watch,0.060109312968824824,-0.13114752560589593,0.09836072237445115,-0.13114752560589593,-0.1761657903074666,0,0,高林,2023-08-01,15,14.0,S2,random_top_n,2906,2023-08-01
early_watch,-0.06022579179620846,-0.07026347162544788,0.0037641538675670105,-0.07026347162544788,-0.07026347162544788,0,0,佳格,2023-08-01,16,9.0,S2,random_top_n,1227,2023-08-01
early_watch,0.18062827225130884,-0.143979057591623,0.3481675392670156,-0.143979057591623,-0.21553398058252426,0,0,振曜,2023-08-01,17,0.0,S2,random_top_n,6143,2023-08-01
early_watch,-0.05063291139240511,-0.129746835443038,0.02215189873417711,-0.129746835443038,-0.129746835443038,0,0,胡連,2023-08-01,18,3.0,S2,random_top_n,6279,2023-08-01
early_watch,-0.14352569683689576,-0.3728548873652582,-0.004680175416566734,-0.3728548873652582,-0.3728548873652582,0,0,英業達,2023-08-01,19,17.6,S2,random_top_n,2356,2023-08-01
early_watch,-0.15972220441441443,-0.17361110949221947,-0.003472211699426686,-0.17361110949221947,-0.17361110949221947,0,0,和潤企業,2023-08-01,20,22.6,S2,random_top_n,6592,2023-08-01
early_watch,1.0294117557686229,-0.051470602981772196,1.8480391808309626,-0.051470602981772196,-0.28915662753439364,0,0,矽統,2023-08-01,1,25.6,S2,breakout_120d_only,2363,2023-08-01
early_watch,-0.09401709401709402,-0.2222222222222222,0.02279202279202286,-0.2222222222222222,-0.23955431754874656,0,0,興勤,2023-08-01,2,27.6,S2,breakout_120d_only,2428,2023-08-01
early_watch,0.11734688370084712,-0.09863950389351284,0.2670067596742254,-0.09863950389351284,-0.17956657369469442,0,0,泰銘,2023-08-01,3,29.6,S2,breakout_120d_only,9927,2023-08-01
early_watch,-0.3233333587646484,-0.34000002543131513,0.015000025431315178,-0.34000002543131513,-0.3497537359289977,0,0,農林,2023-08-01,4,29.6,S2,breakout_120d_only,2913,2023-08-01
early_watch,-0.2982954545454546,-0.31534090909090906,-0.07102272727272729,-0.31534090909090906,-0.31534090909090906,0,0,冠星-KY,2023-08-01,5,36.6,S2,breakout_120d_only,4439,2023-08-01
early_watch,0.06011730205278587,-0.12756598240469208,0.24633431085043989,-0.12756598240469208,-0.30000000000000004,0,0,旭品,2023-08-01,6,36.6,S2,breakout_120d_only,3325,2023-08-01
early_watch,0.19344933469805525,-0.0245649948822928,0.2323439099283522,-0.0245649948822928,-0.06591337099811678,0,0,新潤,2023-08-01,7,36.6,S2,breakout_120d_only,6186,2023-08-01
early_watch,-0.15555556615193689,-0.2555555767483182,0.04166666666666674,-0.2555555767483182,-0.2853333536783854,0,0,幸福,2023-08-01,8,23.6,S2,breakout_120d_only,1108,2023-08-01
early_watch,-0.07234726599362407,-0.1832797650489959,-0.012861723910736811,-0.1832797650489959,-0.1832797650489959,0,0,大成,2023-08-01,9,36.6,S2,breakout_120d_only,1210,2023-08-01
early_watch,-0.0656084333147321,-0.08359789974475029,-0.004232820379670987,-0.08359789974475029,-0.08359789974475029,0,0,國泰金,2023-08-01,10,36.6,S2,breakout_120d_only,2882,2023-08-01
early_watch,0.008968609865470878,-0.29327351523087164,0.049327354260089606,-0.29327351523087164,-0.29327351523087164,0,0,台耀,2023-08-01,11,36.6,S2,breakout_120d_only,4746,2023-08-01
early_watch,-0.15719063545150502,-0.31438127090301005,0.04682274247491636,-0.31438127090301005,-0.34504792332268375,0,0,閎康,2023-08-01,12,36.6,S2,breakout_120d_only,3587,2023-08-01
early_watch,0.2054616384915473,-0.08582574772431739,0.23797139141742507,-0.08582574772431739,-0.08582574772431739,0,0,永信建,2023-08-01,13,36.6,S2,breakout_120d_only,5508,2023-08-01
early_watch,0.10264058970891199,-0.03187754602271342,0.13117474961361686,-0.03187754602271342,-0.0702702936901144,0,0,元大金,2023-08-01,14,32.6,S2,breakout_120d_only,2885,2023-08-01
early_watch,0.35567970204841703,-0.09031657355679701,0.5549348230912476,-0.09031657355679701,-0.17203389830508475,0,0,森田,2023-08-01,15,29.6,S2,breakout_120d_only,8410,2023-08-01
early_watch,0.041702055879274225,-0.08037235666710829,0.08510630363768934,-0.08037235666710829,-0.08037235666710829,0,0,永豐金,2023-08-01,16,29.6,S2,breakout_120d_only,2890,2023-08-01
early_watch,-0.06229808188185193,-0.12358616950797885,-0.010620645922690075,-0.12358616950797885,-0.12358616950797885,0,0,兆豐金,2023-08-01,17,29.6,S2,breakout_120d_only,2886,2023-08-01
early_watch,-0.17886178861788615,-0.1894308943089431,0.2520325203252032,-0.1894308943089431,-0.3525974025974026,0,0,千附精密,2023-08-01,1,17.6,S2,volume_expansion_only,6829,2023-08-01
early_watch,0.01948051948051943,-0.11363636363636365,0.12662337662337664,-0.11363636363636365,-0.11363636363636365,0,0,昇達科,2023-08-01,2,4.6,S2,volume_expansion_only,3491,2023-08-01
early_watch,0.34231194266869625,-0.029180745781659967,0.4478113644338564,-0.029180745781659967,-0.12868217978528218,0,0,豐藝,2023-08-01,3,15.0,S2,volume_expansion_only,6189,2023-08-01
early_watch,-0.12595837897042717,-0.16429353778751365,-0.0010952902519166807,-0.16429353778751365,-0.16429353778751365,0,0,美琪瑪,2023-08-01,4,0.0,S2,volume_expansion_only,4721,2023-08-01
early_watch,0.09943713532692411,-0.060037538625599574,0.15384617036237835,-0.060037538625599574,-0.060037538625599574,0,0,宏普,2023-08-01,5,22.6,S2,volume_expansion_only,2536,2023-08-01
early_watch,-0.15603309753559869,-0.15846884409308004,0.026643713135117597,-0.15846884409308004,-0.18030847007566952,0,0,康普,2023-08-01,6,0.0,S2,volume_expansion_only,4739,2023-08-01
early_watch,-0.2982954545454546,-0.31534090909090906,-0.07102272727272729,-0.31534090909090906,-0.31534090909090906,0,0,冠星-KY,2023-08-01,7,36.6,S2,volume_expansion_only,4439,2023-08-01
early_watch,0.1206896551724137,-0.04741379310344829,0.21551724137931028,-0.04741379310344829,-0.1477272727272727,0,0,中磊,2023-08-01,8,27.6,S2,volume_expansion_only,5388,2023-08-01
early_watch,0.06011730205278587,-0.12756598240469208,0.24633431085043989,-0.12756598240469208,-0.30000000000000004,0,0,旭品,2023-08-01,9,36.6,S2,volume_expansion_only,3325,2023-08-01
early_watch,0.49845522437138223,-0.0350154642565218,0.5705458537225827,-0.0350154642565218,-0.1672131147540984,0,0,力成,2023-08-01,10,16.0,S2,volume_expansion_only,6239,2023-08-01
early_watch,0.19344933469805525,-0.0245649948822928,0.2323439099283522,-0.0245649948822928,-0.06591337099811678,0,0,新潤,2023-08-01,11,36.6,S2,volume_expansion_only,6186,2023-08-01
early_watch,0.27461141808039957,0.0017270893175433955,0.27461141808039957,0.0017270893175433955,-0.06572770990057786,0,0,東和鋼鐵,2023-08-01,12,22.6,S2,volume_expansion_only,2006,2023-08-01
early_watch,-0.14328355931524017,-0.16716419049163367,0.005970172028043397,-0.16716419049163367,-0.172106854988192,0,0,台苯,2023-08-01,13,23.6,S2,volume_expansion_only,1310,2023-08-01
early_watch,0.03333333333333344,-0.19333333333333336,0.14666666666666672,-0.19333333333333336,-0.21682847896440127,0,0,穩懋,2023-08-01,14,14.0,S2,volume_expansion_only,3105,2023-08-01
early_watch,0.3409378960709759,-0.07224334600760451,0.4245880861850444,-0.07224334600760451,-0.13434163701067614,0,0,智邦,2023-08-01,15,27.6,S2,volume_expansion_only,2345,2023-08-01
early_watch,0.34749034749034746,-0.10038610038610041,0.43243243243243246,-0.10038610038610041,-0.176678445229682,0,0,優群,2023-08-01,16,17.0,S2,volume_expansion_only,3217,2023-08-01
early_watch,-0.03255817502043967,-0.10930234332417332,0.10465116279069764,-0.10930234332417332,-0.13473687422902958,0,0,建漢,2023-08-01,17,6.6,S2,volume_expansion_only,3062,2023-08-01
early_watch,0.07487520988769547,-0.04159733882649752,0.21963402517090924,-0.04159733882649752,-0.1723646581215995,0,0,凌陽,2023-08-01,18,27.6,S2,volume_expansion_only,2401,2023-08-01
early_watch,-0.015151515151515249,-0.09848484848484862,0.15259740259740262,-0.09848484848484862,-0.20093896713615034,0,0,波若威,2023-08-01,19,24.6,S2,volume_expansion_only,3163,2023-08-01
early_watch,-0.2533333333333333,-0.33066666666666666,-0.01866666666666672,-0.33066666666666666,-0.33066666666666666,0,0,汎銓,2023-08-01,20,27.6,S2,volume_expansion_only,6830,2023-08-01
early_watch,0.06011730205278587,-0.12756598240469208,0.24633431085043989,-0.12756598240469208,-0.30000000000000004,0,0,旭品,2023-08-01,1,36.6,S2,ma_alignment_only,3325,2023-08-01
early_watch,-0.15719063545150502,-0.31438127090301005,0.04682274247491636,-0.31438127090301005,-0.34504792332268375,0,0,閎康,2023-08-01,2,36.6,S2,ma_alignment_only,3587,2023-08-01
early_watch,0.2054616384915473,-0.08582574772431739,0.23797139141742507,-0.08582574772431739,-0.08582574772431739,0,0,永信建,2023-08-01,3,36.6,S2,ma_alignment_only,5508,2023-08-01
early_watch,0.19344933469805525,-0.0245649948822928,0.2323439099283522,-0.0245649948822928,-0.06591337099811678,0,0,新潤,2023-08-01,4,36.6,S2,ma_alignment_only,6186,2023-08-01
early_watch,-0.07234726599362407,-0.1832797650489959,-0.012861723910736811,-0.1832797650489959,-0.1832797650489959,0,0,大成,2023-08-01,5,36.6,S2,ma_alignment_only,1210,2023-08-01
early_watch,-0.0656084333147321,-0.08359789974475029,-0.004232820379670987,-0.08359789974475029,-0.08359789974475029,0,0,國泰金,2023-08-01,6,36.6,S2,ma_alignment_only,2882,2023-08-01
early_watch,-0.2982954545454546,-0.31534090909090906,-0.07102272727272729,-0.31534090909090906,-0.31534090909090906,0,0,冠星-KY,2023-08-01,7,36.6,S2,ma_alignment_only,4439,2023-08-01
early_watch,0.008968609865470878,-0.29327351523087164,0.049327354260089606,-0.29327351523087164,-0.29327351523087164,0,0,台耀,2023-08-01,8,36.6,S2,ma_alignment_only,4746,2023-08-01
early_watch,0.10264058970891199,-0.03187754602271342,0.13117474961361686,-0.03187754602271342,-0.0702702936901144,0,0,元大金,2023-08-01,9,32.6,S2,ma_alignment_only,2885,2023-08-01
early_watch,0.35567970204841703,-0.09031657355679701,0.5549348230912476,-0.09031657355679701,-0.17203389830508475,0,0,森田,2023-08-01,10,29.6,S2,ma_alignment_only,8410,2023-08-01
early_watch,-0.06229808188185193,-0.12358616950797885,-0.010620645922690075,-0.12358616950797885,-0.12358616950797885,0,0,兆豐金,2023-08-01,11,29.6,S2,ma_alignment_only,2886,2023-08-01
early_watch,0.041702055879274225,-0.08037235666710829,0.08510630363768934,-0.08037235666710829,-0.08037235666710829,0,0,永豐金,2023-08-01,12,29.6,S2,ma_alignment_only,2890,2023-08-01
early_watch,-0.3233333587646484,-0.34000002543131513,0.015000025431315178,-0.34000002543131513,-0.3497537359289977,0,0,農林,2023-08-01,13,29.6,S2,ma_alignment_only,2913,2023-08-01
early_watch,0.11734688370084712,-0.09863950389351284,0.2670067596742254,-0.09863950389351284,-0.17956657369469442,0,0,泰銘,2023-08-01,14,29.6,S2,ma_alignment_only,9927,2023-08-01
early_watch,-0.051779935275080846,-0.16828478964401294,0.30097087378640786,-0.16828478964401294,-0.3009950248756219,0,0,富喬,2023-08-01,15,27.6,S2,ma_alignment_only,1815,2023-08-01
early_watch,-0.22949308755760378,-0.2967741935483871,-0.01382488479262678,-0.2967741935483871,-0.2967741935483871,0,0,艾訊,2023-08-01,16,27.6,S2,ma_alignment_only,3088,2023-08-01
early_watch,0.030995106035889064,-0.27814029363784665,0.05872756933115819,-0.27814029363784665,-0.27814029363784665,0,0,弘塑,2023-08-01,17,27.6,S2,ma_alignment_only,3131,2023-08-01
early_watch,0.2695530726256985,-0.0488826815642458,0.2723463687150838,-0.0488826815642458,-0.07723577235772361,0,0,世禾,2023-08-01,18,27.6,S2,ma_alignment_only,3551,2023-08-01
early_watch,0.06902356902356899,-0.18013468013468004,0.14983164983164987,-0.18013468013468004,-0.2869692532942898,0,0,博磊,2023-08-01,19,27.6,S2,ma_alignment_only,3581,2023-08-01
early_watch,0.7195767195767198,-0.002645502645502451,0.7222222222222221,-0.002645502645502451,-0.06814580031695727,0,0,聯上,2023-08-01,20,27.6,S2,ma_alignment_only,4113,2023-08-01
early_watch,0.12720156555772988,-0.02935420743639927,0.17808219178082196,-0.02935420743639927,-0.07973421926910307,0,0,新潤,2023-09-01,1,36.6,S2,radar_model,6186,2023-09-01
early_watch,0.12752533450368753,-0.12752523817294492,0.13131315563907653,-0.12752523817294492,-0.18127965373396937,0,0,漢平,2023-09-01,2,36.6,S2,radar_model,2488,2023-09-01
early_watch,0.24259256433557574,-0.022222236350730618,0.5037036471896701,-0.022222236350730618,-0.2835820702388798,0,0,旺旺保,2023-09-01,3,36.6,S2,radar_model,2816,2023-09-01
early_watch,0.3731091924074317,-0.0016806466238838969,0.3731091924074317,-0.0016806466238838969,-0.08873243734870162,0,0,新產,2023-09-01,4,36.6,S2,radar_model,2850,2023-09-01
early_watch,0.10171430315290175,-0.07314287458147317,0.15428571428571436,-0.07314287458147317,-0.0784091082486239,0,0,巨路,2023-09-01,5,36.6,S2,radar_model,6192,2023-09-01
early_watch,0.17910447761194037,-0.0432835820895523,0.28358208955223874,-0.0432835820895523,-0.22325581395348837,0,0,永日,2023-09-01,6,35.2,S2,radar_model,4102,2023-09-01
early_watch,0.13676474898744329,-0.048529413125919296,0.20294114289399157,-0.048529413125919296,-0.07457214996629724,0,0,冠德,2023-09-01,7,34.6,S2,radar_model,2520,2023-09-01
early_watch,1.764423076923077,0.033653846153846256,1.7692307692307692,0.033653846153846256,-0.2525252525252525,0,0,兆利,2023-09-01,8,33.6,S2,radar_model,3548,2023-09-01
early_watch,0.4876441831429221,0.02306421241491008,0.5601317258312379,0.02306421241491008,-0.22597671157455723,0,0,信錦,2023-09-01,9,33.2,S2,radar_model,1582,2023-09-01
early_watch,0.25555555742051883,0.0033333512369797536,0.25555555742051883,0.0033333512369797536,-0.15982138804817558,0,0,潤隆,2023-09-01,10,32.6,S2,radar_model,1808,2023-09-01
early_watch,-0.06535008794017372,-0.18891845719967582,0.10909095918637024,-0.18891845719967582,-0.2686970026377873,0,0,百達-KY,2023-09-01,11,29.6,S2,radar_model,2236,2023-09-01
early_watch,0.05882351357507121,-0.07563025737973816,0.14495798583272634,-0.07563025737973816,-0.12598424269893083,0,0,佳能,2023-09-01,12,29.6,S2,radar_model,2374,2023-09-01
early_watch,0.24302788844621515,-0.043824701195219085,0.43027888446215146,-0.043824701195219085,-0.13091922005571033,0,0,原相,2023-09-01,13,27.6,S2,radar_model,3227,2023-09-01
early_watch,0.438529784537389,-0.034220532319391705,0.5779467680608363,-0.034220532319391705,-0.23614457831325308,0,0,利機,2023-09-01,14,27.6,S2,radar_model,3444,2023-09-01
early_watch,0.6708860759493671,0.00843881856540074,0.7573839662447257,0.00843881856540074,-0.06814580031695727,0,0,聯上,2023-09-01,15,27.6,S2,radar_model,4113,2023-09-01
early_watch,0.927927927927928,0.014414414414414267,1.234234234234234,0.014414414414414267,-0.21327014218009477,0,0,前鼎,2023-09-01,16,27.6,S2,radar_model,4908,2023-09-01
early_watch,2.13953488372093,-0.15697674418604657,2.13953488372093,-0.15697674418604657,-0.23144876325088337,1,0,新復興,2023-09-01,17,27.6,S2,radar_model,4909,2023-09-01
early_watch,0.392156862745098,-0.17156862745098034,0.4862745098039216,-0.17156862745098034,-0.25877192982456143,0,0,擎邦,2023-09-01,18,27.6,S2,radar_model,6122,2023-09-01
early_watch,0.03358778625954195,-0.250381679389313,0.2534351145038167,-0.250381679389313,-0.250381679389313,0,0,信音,2023-09-01,19,27.6,S2,radar_model,6126,2023-09-01
early_watch,-0.13013698630136983,-0.1487279843444227,0.07240704500978468,-0.1487279843444227,-0.18886861313868608,0,0,信昌電,2023-09-01,20,27.6,S2,radar_model,6173,2023-09-01
early_watch,0.32600258732212173,-0.20827943078913314,0.32600258732212173,-0.20827943078913314,-0.22236340533672172,0,0,耀勝,2023-09-01,1,0.0,S2,random_top_n,3207,2023-09-01
early_watch,-0.18146718146718144,-0.2749034631206262,-0.015444015444015413,-0.2749034631206262,-0.2749034631206262,0,0,長榮航太,2023-09-01,2,14.6,S2,random_top_n,2645,2023-09-01
early_watch,0.5121950355318112,-0.016260262114884183,0.5826557776745598,-0.016260262114884183,-0.13901345450820946,0,0,新美齊,2023-09-01,3,11.6,S2,random_top_n,2442,2023-09-01
early_watch,0.02052243134576681,-0.2499999644151364,0.08395522627062513,-0.2499999644151364,-0.2897526175496298,0,0,英業達,2023-09-01,4,12.0,S2,random_top_n,2356,2023-09-01
early_watch,-0.041198501872659166,-0.16104868913857673,0.16479400749063666,-0.16104868913857673,-0.2540192926045016,0,0,雄獅,2023-09-01,5,0.0,S2,random_top_n,2731,2023-09-01
early_watch,0.07984293193717273,-0.014397905759162444,0.11780104712041894,-0.014397905759162444,-0.11826697892271676,0,0,天宇,2023-09-01,6,0.0,S2,random_top_n,8171,2023-09-01
early_watch,0.19593613499310858,-0.046444187326103226,0.210449922770376,-0.046444187326103226,-0.1888889265649113,0,0,楠梓電,2023-09-01,7,1.0,S2,random_top_n,2316,2023-09-01
early_watch,-0.24291497225386982,-0.25910936551393315,-0.026315850437307886,-0.25910936551393315,-0.25910936551393315,0,0,友訊,2023-09-01,8,22.6,S2,random_top_n,2332,2023-09-01
early_watch,0.28620689655172415,0.01724137931034475,0.306896551724138,0.01724137931034475,-0.15555555555555556,0,0,智易,2023-09-01,9,22.6,S2,random_top_n,3596,2023-09-01
early_watch,0.7329974130518031,0.007556668156247337,0.7329974130518031,0.007556668156247337,-0.060710212149317155,0,0,櫻花建,2023-09-01,10,12.0,S2,random_top_n,2539,2023-09-01
early_watch,-0.10173413932667996,-0.18728320171378254,-0.008092450268695761,-0.18728320171378254,-0.18728320171378254,0,0,安集,2023-09-01,11,5.0,S2,random_top_n,6477,2023-09-01
early_watch,-0.13592229473919293,-0.1585760413923053,0.0,-0.1585760413923053,-0.1585760413923053,0,0,元晶,2023-09-01,12,17.6,S2,random_top_n,6443,2023-09-01
early_watch,3.400943396226415,-0.014150943396226467,4.037735849056604,-0.014150943396226467,-0.157258064516129,1,1,金麗科,2023-09-01,13,14.0,S2,random_top_n,3228,2023-09-01
early_watch,0.9435484292727967,-0.013440859939393479,1.5268816686059754,-0.013440859939393479,-0.23085103136427854,0,0,弘憶股,2023-09-01,14,11.0,S2,random_top_n,3312,2023-09-01
early_watch,-0.03214886227135216,-0.10321486686318926,0.20135366891912398,-0.10321486686318926,-0.23802819050533675,0,0,華經,2023-09-01,15,18.6,S2,random_top_n,2468,2023-09-01
early_watch,0.5560538116591929,-0.1641255879081418,0.5605381165919283,-0.1641255879081418,-0.1641255879081418,0,0,中興電,2023-09-01,16,14.0,S2,random_top_n,1513,2023-09-01
early_watch,0.005390835579514697,-0.09703504043126687,0.08221024258760101,-0.09703504043126687,-0.1656288916562889,0,0,台林,2023-09-01,17,3.0,S2,random_top_n,5353,2023-09-01
early_watch,-0.05124649729410091,-0.07479216239240916,0.03601116639076163,-0.07479216239240916,-0.10695186729423534,0,0,健和興,2023-09-01,18,19.6,S2,random_top_n,3003,2023-09-01
early_watch,-0.13959390322326415,-0.15736041936107892,0.017766419318090865,-0.15736041936107892,-0.17206977490621644,0,0,譁裕,2023-09-01,19,5.0,S2,random_top_n,3419,2023-09-01
early_watch,0.5896589658965896,-0.13311331133113313,1.2057205720572055,-0.13311331133113313,-0.27930174563591026,0,0,M31,2023-09-01,20,19.6,S2,random_top_n,6643,2023-09-01
early_watch,0.5327381310812951,-0.0773809634096293,0.7559524085240732,-0.0773809634096293,-0.1518467964391348,0,0,通嘉,2023-09-01,1,25.6,S2,breakout_120d_only,3588,2023-09-01
early_watch,-0.3041237113402061,-0.3041237113402061,-0.018041237113401998,-0.3041237113402061,-0.3041237113402061,0,0,高端疫苗,2023-09-01,2,25.6,S2,breakout_120d_only,6547,2023-09-01
early_watch,-0.13013698630136983,-0.1487279843444227,0.07240704500978468,-0.1487279843444227,-0.18886861313868608,0,0,信昌電,2023-09-01,3,27.6,S2,breakout_120d_only,6173,2023-09-01
early_watch,2.13953488372093,-0.15697674418604657,2.13953488372093,-0.15697674418604657,-0.23144876325088337,1,0,新復興,2023-09-01,4,27.6,S2,breakout_120d_only,4909,2023-09-01
early_watch,-0.06103283021713146,-0.15258216508971612,0.048122139088881966,-0.15258216508971612,-0.19148942350656528,0,0,閎暉,2023-09-01,5,16.6,S2,breakout_120d_only,3311,2023-09-01
early_watch,0.06576397796920119,0.034816232311370765,0.43520301457000365,0.034816232311370765,-0.2789757115850201,0,0,科嘉-KY,2023-09-01,6,27.6,S2,breakout_120d_only,5215,2023-09-01
early_watch,0.392156862745098,-0.17156862745098034,0.4862745098039216,-0.17156862745098034,-0.25877192982456143,0,0,擎邦,2023-09-01,7,27.6,S2,breakout_120d_only,6122,2023-09-01
early_watch,-0.262350959552317,-0.2930153413864819,0.0017035514961054599,-0.2930153413864819,-0.2942176779171909,0,0,兆赫,2023-09-01,8,13.6,S2,breakout_120d_only,2485,2023-09-01
early_watch,-0.2876712604089179,-0.31717595353160166,-0.005268703814126363,-0.31717595353160166,-0.31717595353160166,0,0,毅嘉,2023-09-01,9,16.6,S2,breakout_120d_only,2402,2023-09-01
early_watch,0.2803532224466223,-0.17218541652158048,0.5253863054723729,-0.17218541652158048,-0.20839360389529737,0,0,洋華,2023-09-01,10,16.6,S2,breakout_120d_only,3622,2023-09-01
early_watch,0.2785467128027683,-0.204152249134948,0.3615916955017302,-0.204152249134948,-0.24836601307189543,0,0,光譜,2023-09-01,11,26.6,S2,breakout_120d_only,5381,2023-09-01
early_watch,-0.06535008794017372,-0.18891845719967582,0.10909095918637024,-0.18891845719967582,-0.2686970026377873,0,0,百達-KY,2023-09-01,12,29.6,S2,breakout_120d_only,2236,2023-09-01
early_watch,0.13676474898744329,-0.048529413125919296,0.20294114289399157,-0.048529413125919296,-0.07457214996629724,0,0,冠德,2023-09-01,13,34.6,S2,breakout_120d_only,2520,2023-09-01
early_watch,0.24259256433557574,-0.022222236350730618,0.5037036471896701,-0.022222236350730618,-0.2835820702388798,0,0,旺旺保,2023-09-01,14,36.6,S2,breakout_120d_only,2816,2023-09-01
early_watch,1.764423076923077,0.033653846153846256,1.7692307692307692,0.033653846153846256,-0.2525252525252525,0,0,兆利,2023-09-01,15,33.6,S2,breakout_120d_only,3548,2023-09-01
early_watch,0.12752533450368753,-0.12752523817294492,0.13131315563907653,-0.12752523817294492,-0.18127965373396937,0,0,漢平,2023-09-01,16,36.6,S2,breakout_120d_only,2488,2023-09-01
early_watch,0.12720156555772988,-0.02935420743639927,0.17808219178082196,-0.02935420743639927,-0.07973421926910307,0,0,新潤,2023-09-01,17,36.6,S2,breakout_120d_only,6186,2023-09-01
early_watch,0.3731091924074317,-0.0016806466238838969,0.3731091924074317,-0.0016806466238838969,-0.08873243734870162,0,0,新產,2023-09-01,18,36.6,S2,breakout_120d_only,2850,2023-09-01
early_watch,0.07275133715481896,-0.07804236257601171,0.5370369811584133,-0.07804236257601171,-0.3020653697308425,0,0,矽統,2023-09-01,19,1.6,S2,breakout_120d_only,2363,2023-09-01
early_watch,0.10171430315290175,-0.07314287458147317,0.15428571428571436,-0.07314287458147317,-0.0784091082486239,0,0,巨路,2023-09-01,20,36.6,S2,breakout_120d_only,6192,2023-09-01
early_watch,1.263157894736842,-0.06198833978664109,1.6198830409356724,-0.06198833978664109,-0.16266666666666663,0,0,新日興,2023-09-01,1,20.6,S2,volume_expansion_only,3376,2023-09-01
early_watch,0.16596638655462193,-0.025210084033613467,0.3403361344537814,-0.025210084033613467,-0.1943573667711599,0,0,力智,2023-09-01,2,17.6,S2,volume_expansion_only,6719,2023-09-01
early_watch,-0.13862564414823186,-0.14928907874791508,0.009478618577014819,-0.14928907874791508,-0.15727692930112058,0,0,江申,2023-09-01,3,0.0,S2,volume_expansion_only,1525,2023-09-01
early_watch,0.13676474898744329,-0.048529413125919296,0.20294114289399157,-0.048529413125919296,-0.07457214996629724,0,0,冠德,2023-09-01,4,34.6,S2,volume_expansion_only,2520,2023-09-01
early_watch,0.40930232558139545,-0.12651162790697668,0.4744186046511627,-0.12651162790697668,-0.25476190476190474,0,0,聯亞,2023-09-01,5,23.6,S2,volume_expansion_only,3081,2023-09-01
early_watch,-0.23217391304347823,-0.23652173913043484,-0.008695652173912993,-0.23652173913043484,-0.23652173913043484,0,0,廣錠,2023-09-01,6,20.6,S2,volume_expansion_only,6441,2023-09-01
early_watch,-0.18937646437464728,-0.18937646437464728,-0.02078516690622323,-0.18937646437464728,-0.18937646437464728,0,0,台玻,2023-09-01,7,20.6,S2,volume_expansion_only,1802,2023-09-01
early_watch,0.2867783518135405,-0.07448789465866379,0.37430171328210093,-0.07448789465866379,-0.19783200115288624,0,0,合機,2023-09-01,8,22.6,S2,volume_expansion_only,1618,2023-09-01
early_watch,0.19858150080196557,-0.07092198389683757,0.24822694363893172,-0.07092198389683757,-0.16417910447761197,0,0,華東,2023-09-01,9,20.6,S2,volume_expansion_only,8110,2023-09-01
early_watch,0.12720156555772988,-0.02935420743639927,0.17808219178082196,-0.02935420743639927,-0.07973421926910307,0,0,新潤,2023-09-01,10,36.6,S2,volume_expansion_only,6186,2023-09-01
early_watch,-0.05084745762711873,-0.09322033898305093,0.15065913370998119,-0.09322033898305093,-0.17832764505119458,0,0,光頡,2023-09-01,11,9.6,S2,volume_expansion_only,3624,2023-09-01
early_watch,-0.14802984784818296,-0.2715655617134274,0.04898826796587685,-0.2715655617134274,-0.3055838081973018,0,0,金萬林-創,2023-09-01,12,24.6,S2,volume_expansion_only,6645,2023-09-01
early_watch,-0.10687022900763343,-0.18575063613231546,0.16284987277353702,-0.18575063613231546,-0.29978118161925604,0,0,德勝,2023-09-01,13,27.6,S2,volume_expansion_only,8048,2023-09-01
early_watch,0.6235955056179776,-0.16666666666666663,0.6235955056179776,-0.16666666666666663,-0.23374613003095968,0,0,青雲,2023-09-01,14,14.0,S2,volume_expansion_only,5386,2023-09-01
early_watch,0.0333333601031387,-0.13684209187825525,0.06491229408665711,-0.13684209187825525,-0.18945634028758296,0,0,鴻準,2023-09-01,15,25.6,S2,volume_expansion_only,2354,2023-09-01
early_watch,0.0370370370370372,-0.06285072951739612,0.3243546576879912,-0.06285072951739612,-0.2169491525423728,0,0,智擎,2023-09-01,16,10.6,S2,volume_expansion_only,4162,2023-09-01
early_watch,0.28776978417266164,-0.021582733812949728,0.5467625899280575,-0.021582733812949728,-0.3009950248756219,0,0,富喬,2023-09-01,17,22.6,S2,volume_expansion_only,1815,2023-09-01
early_watch,0.3905580509352149,-0.1330471491685843,0.39484983108094274,-0.1330471491685843,-0.21093748195562534,0,0,億泰,2023-09-01,18,27.6,S2,volume_expansion_only,1616,2023-09-01
early_watch,0.438529784537389,-0.034220532319391705,0.5779467680608363,-0.034220532319391705,-0.23614457831325308,0,0,利機,2023-09-01,19,27.6,S2,volume_expansion_only,3444,2023-09-01
early_watch,0.325268817204301,-0.018817204301075252,0.381720430107527,-0.018817204301075252,-0.05058365758754868,0,0,京鼎,2023-09-01,20,22.6,S2,volume_expansion_only,3413,2023-09-01
early_watch,0.12720156555772988,-0.02935420743639927,0.17808219178082196,-0.02935420743639927,-0.07973421926910307,0,0,新潤,2023-09-01,1,36.6,S2,ma_alignment_only,6186,2023-09-01
early_watch,0.12752533450368753,-0.12752523817294492,0.13131315563907653,-0.12752523817294492,-0.18127965373396937,0,0,漢平,2023-09-01,2,36.6,S2,ma_alignment_only,2488,2023-09-01
early_watch,0.24259256433557574,-0.022222236350730618,0.5037036471896701,-0.022222236350730618,-0.2835820702388798,0,0,旺旺保,2023-09-01,3,36.6,S2,ma_alignment_only,2816,2023-09-01
early_watch,0.3731091924074317,-0.0016806466238838969,0.3731091924074317,-0.0016806466238838969,-0.08873243734870162,0,0,新產,2023-09-01,4,36.6,S2,ma_alignment_only,2850,2023-09-01
early_watch,0.10171430315290175,-0.07314287458147317,0.15428571428571436,-0.07314287458147317,-0.0784091082486239,0,0,巨路,2023-09-01,5,36.6,S2,ma_alignment_only,6192,2023-09-01
early_watch,0.17910447761194037,-0.0432835820895523,0.28358208955223874,-0.0432835820895523,-0.22325581395348837,0,0,永日,2023-09-01,6,35.2,S2,ma_alignment_only,4102,2023-09-01
early_watch,0.13676474898744329,-0.048529413125919296,0.20294114289399157,-0.048529413125919296,-0.07457214996629724,0,0,冠德,2023-09-01,7,34.6,S2,ma_alignment_only,2520,2023-09-01
early_watch,1.764423076923077,0.033653846153846256,1.7692307692307692,0.033653846153846256,-0.2525252525252525,0,0,兆利,2023-09-01,8,33.6,S2,ma_alignment_only,3548,2023-09-01
early_watch,0.25555555742051883,0.0033333512369797536,0.25555555742051883,0.0033333512369797536,-0.15982138804817558,0,0,潤隆,2023-09-01,9,32.6,S2,ma_alignment_only,1808,2023-09-01
early_watch,-0.06535008794017372,-0.18891845719967582,0.10909095918637024,-0.18891845719967582,-0.2686970026377873,0,0,百達-KY,2023-09-01,10,29.6,S2,ma_alignment_only,2236,2023-09-01
early_watch,0.05882351357507121,-0.07563025737973816,0.14495798583272634,-0.07563025737973816,-0.12598424269893083,0,0,佳能,2023-09-01,11,29.6,S2,ma_alignment_only,2374,2023-09-01
early_watch,0.24302788844621515,-0.043824701195219085,0.43027888446215146,-0.043824701195219085,-0.13091922005571033,0,0,原相,2023-09-01,12,27.6,S2,ma_alignment_only,3227,2023-09-01
early_watch,0.438529784537389,-0.034220532319391705,0.5779467680608363,-0.034220532319391705,-0.23614457831325308,0,0,利機,2023-09-01,13,27.6,S2,ma_alignment_only,3444,2023-09-01
early_watch,0.6708860759493671,0.00843881856540074,0.7573839662447257,0.00843881856540074,-0.06814580031695727,0,0,聯上,2023-09-01,14,27.6,S2,ma_alignment_only,4113,2023-09-01
early_watch,0.927927927927928,0.014414414414414267,1.234234234234234,0.014414414414414267,-0.21327014218009477,0,0,前鼎,2023-09-01,15,27.6,S2,ma_alignment_only,4908,2023-09-01
early_watch,2.13953488372093,-0.15697674418604657,2.13953488372093,-0.15697674418604657,-0.23144876325088337,1,0,新復興,2023-09-01,16,27.6,S2,ma_alignment_only,4909,2023-09-01
early_watch,0.392156862745098,-0.17156862745098034,0.4862745098039216,-0.17156862745098034,-0.25877192982456143,0,0,擎邦,2023-09-01,17,27.6,S2,ma_alignment_only,6122,2023-09-01
early_watch,0.03358778625954195,-0.250381679389313,0.2534351145038167,-0.250381679389313,-0.250381679389313,0,0,信音,2023-09-01,18,27.6,S2,ma_alignment_only,6126,2023-09-01
early_watch,-0.13013698630136983,-0.1487279843444227,0.07240704500978468,-0.1487279843444227,-0.18886861313868608,0,0,信昌電,2023-09-01,19,27.6,S2,ma_alignment_only,6173,2023-09-01
early_watch,-0.10687022900763343,-0.18575063613231546,0.16284987277353702,-0.18575063613231546,-0.29978118161925604,0,0,德勝,2023-09-01,20,27.6,S2,ma_alignment_only,8048,2023-09-01
early_watch,0.3529411764705883,-0.032352941176470584,0.3529411764705883,-0.032352941176470584,-0.09162303664921467,0,0,聖暉*,2023-10-02,1,36.6,S2,radar_model,5536,2023-10-02
early_watch,0.037647022920496376,-0.1858823888442096,0.29647055233226105,-0.1858823888442096,-0.2205081315363039,0,0,敬鵬,2023-10-02,2,36.6,S2,radar_model,2355,2023-10-02
early_watch,0.5436508915233766,-0.11904760088569644,0.5436508915233766,-0.11904760088569644,-0.12598424269893083,0,0,佳能,2023-10-02,3,36.6,S2,radar_model,2374,2023-10-02
early_watch,0.8429486728827482,-0.08333334352216126,1.0192307198541415,-0.08333334352216126,-0.1382113821138211,0,0,東科-KY,2023-10-02,4,36.6,S2,radar_model,5225,2023-10-02
early_watch,1.2114014690843695,-0.027315861113119677,1.5653207580610173,-0.027315861113119677,-0.24306835641542546,0,0,迎廣,2023-10-02,5,36.6,S2,radar_model,6117,2023-10-02
early_watch,0.3746835214501292,-0.027848106344415702,0.4784810634441572,-0.027848106344415702,-0.13901345450820946,0,0,新美齊,2023-10-02,6,35.2,S2,radar_model,2442,2023-10-02
early_watch,0.265993265993266,-0.2828282828282829,0.2962962962962963,-0.2828282828282829,-0.2828282828282829,0,0,台燿,2023-10-02,7,34.6,S2,radar_model,6274,2023-10-02
early_watch,-0.012406948125700978,-0.25186103748598,0.05955338886636574,-0.25186103748598,-0.2573891440476721,0,0,偉訓,2023-10-02,8,33.6,S2,radar_model,3032,2023-10-02
early_watch,0.18649521135906433,-0.11254019154563744,0.2829582326838964,-0.11254019154563744,-0.1484848369251598,0,0,聯鈞,2023-10-02,9,33.6,S2,radar_model,3450,2023-10-02
early_watch,0.08333333333333326,-0.25476190476190474,0.2579365079365079,-0.25476190476190474,-0.25476190476190474,0,0,聯亞,2023-10-02,10,33.2,S2,radar_model,3081,2023-10-02
early_watch,0.06336088154269981,-0.22589531680440766,0.18457300275482114,-0.22589531680440766,-0.3009950248756219,0,0,富喬,2023-10-02,11,29.6,S2,radar_model,1815,2023-10-02
early_watch,0.012674271229404344,-0.15335868187579227,0.08998732572877044,-0.15335868187579227,-0.22325581395348837,0,0,永日,2023-10-02,12,29.6,S2,radar_model,4102,2023-10-02
early_watch,-0.003138075313807498,-0.12343096234309625,0.12761506276150625,-0.12343096234309625,-0.13636363636363635,0,0,志豐,2023-10-02,13,27.6,S2,radar_model,3206,2023-10-02
early_watch,0.06036745406824129,0.002624671916010568,0.4593175853018372,0.002624671916010568,-0.29496402877697836,0,0,宇環,2023-10-02,14,27.6,S2,radar_model,3276,2023-10-02
early_watch,-0.017964071856287345,-0.1596806387225549,0.11177644710578849,-0.1596806387225549,-0.19502868068833645,0,0,建舜電,2023-10-02,15,27.6,S2,radar_model,3322,2023-10-02
early_watch,-0.10139416983523442,-0.24588086185044367,0.07731305449936632,-0.24588086185044367,-0.30000000000000004,0,0,旭品,2023-10-02,16,27.6,S2,radar_model,3325,2023-10-02
early_watch,0.3165266106442577,0.008403361344537785,0.32773109243697474,0.008403361344537785,-0.09471365638766516,0,0,凡甲,2023-10-02,17,27.6,S2,radar_model,3526,2023-10-02
early_watch,0.8904109589041096,-0.08904109589041098,0.9726027397260273,-0.08904109589041098,-0.2525252525252525,0,0,兆利,2023-10-02,18,27.6,S2,radar_model,3548,2023-10-02
early_watch,-0.2026490066225165,-0.2026490066225165,-0.01059602649006619,-0.2026490066225165,-0.2026490066225165,0,0,新鉅科,2023-10-02,19,27.6,S2,radar_model,3630,2023-10-02
early_watch,0.9596354166666667,-0.00651041666666663,0.9596354166666667,-0.00651041666666663,-0.060924369747899165,0,0,永信建,2023-10-02,20,27.6,S2,radar_model,5508,2023-10-02
early_watch,0.08936170212765959,-0.051063829787234005,0.3262411347517731,-0.051063829787234005,-0.17860962566844918,0,0,類比科,2023-10-02,1,22.6,S2,random_top_n,3438,2023-10-02
early_watch,-0.2895622859584459,-0.32996630992895926,-0.011223344748882869,-0.32996630992895926,-0.32996630992895926,0,0,科風,2023-10-02,2,1.0,S2,random_top_n,3043,2023-10-02
early_watch,0.4290484140233721,-0.013355592654423987,0.4290484140233721,-0.013355592654423987,-0.12368421052631584,0,0,廣穎,2023-10-02,3,12.0,S2,random_top_n,4973,2023-10-02
early_watch,-0.09294871794871795,-0.17628205128205132,0.08653846153846145,-0.17628205128205132,-0.17628205128205132,0,0,晶睿,2023-10-02,4,9.0,S2,random_top_n,3454,2023-10-02
early_watch,0.06104328523862379,-0.11542730299667026,0.26304106548279704,-0.11542730299667026,-0.20650263620386644,0,0,老爺知,2023-10-02,5,11.0,S2,random_top_n,5704,2023-10-02
early_watch,-0.04963038120065566,-0.07814143753910363,0.26927139199314754,-0.07814143753910363,-0.2737104387003523,0,0,萬海,2023-10-02,6,14.0,S2,random_top_n,2615,2023-10-02
early_watch,0.3047895433226133,0.02322203829734515,0.36719876432601506,0.02322203829734515,-0.18046709714163345,0,0,十銓,2023-10-02,7,22.6,S2,random_top_n,4967,2023-10-02
early_watch,-0.041916167664670656,-0.16317365269461082,0.01646706586826352,-0.16317365269461082,-0.17673048600883656,0,0,訊聯,2023-10-02,8,8.0,S2,random_top_n,1784,2023-10-02
early_watch,0.0,-0.041666689503695786,0.07902299023821135,-0.041666689503695786,-0.0785619393575887,0,0,全科,2023-10-02,9,2.0,S2,random_top_n,3209,2023-10-02
early_watch,0.012674271229404344,-0.15335868187579227,0.08998732572877044,-0.15335868187579227,-0.22325581395348837,0,0,永日,2023-10-02,10,29.6,S2,random_top_n,4102,2023-10-02
early_watch,-0.04230118552532125,-0.06260570294028611,0.2402708112396088,-0.06260570294028611,-0.24420192060891932,0,0,凌陽,2023-10-02,11,9.0,S2,random_top_n,2401,2023-10-02
early_watch,0.26990294225007583,-0.13009710219299908,0.3980582524271845,-0.13009710219299908,-0.18713454336568947,0,0,大量,2023-10-02,12,24.6,S2,random_top_n,3167,2023-10-02
early_watch,0.45871559633027514,-0.18807339449541283,0.536697247706422,-0.18807339449541283,-0.18807339449541283,0,0,達興材料,2023-10-02,13,6.6,S2,random_top_n,5234,2023-10-02
early_watch,0.16884818413922797,0.007853383012274673,0.7342931590795636,0.007853383012274673,-0.3260377128169222,0,0,敦泰,2023-10-02,14,13.0,S2,random_top_n,3545,2023-10-02
early_watch,-0.09307878271555226,-0.09665870306895352,0.13961814562242436,-0.09665870306895352,-0.20732984078832017,0,0,益航,2023-10-02,15,11.0,S2,random_top_n,2601,2023-10-02
early_watch,0.3047091412742382,-0.1246537396121884,0.3047091412742382,-0.1246537396121884,-0.1473684210526316,0,0,美利達,2023-10-02,16,9.0,S2,random_top_n,9914,2023-10-02
early_watch,-0.005399568034557212,-0.06047516198704095,0.18358531317494609,-0.06047516198704095,-0.19434306569343063,0,0,信昌電,2023-10-02,17,14.0,S2,random_top_n,6173,2023-10-02
early_watch,-0.05809128630705396,-0.0705394190871369,0.24481327800829877,-0.0705394190871369,-0.2533333333333333,0,0,鈺齊-KY,2023-10-02,18,9.0,S2,random_top_n,9802,2023-10-02
early_watch,-0.04885993485342022,-0.08143322475570036,0.04994571118349622,-0.08143322475570036,-0.1209927611168563,0,0,晟德,2023-10-02,19,11.0,S2,random_top_n,4123,2023-10-02
early_watch,0.20997920997920994,-0.13097713097713104,0.3160083160083158,-0.13097713097713104,-0.21327014218009477,0,0,安可,2023-10-02,20,24.6,S2,random_top_n,3615,2023-10-02
early_watch,0.03850160911951628,-0.07492192572907364,0.2174818091335049,-0.07492192572907364,-0.1707089173817682,0,0,圓展,2023-10-02,1,25.6,S2,breakout_120d_only,3669,2023-10-02
early_watch,-0.10139416983523442,-0.24588086185044367,0.07731305449936632,-0.24588086185044367,-0.30000000000000004,0,0,旭品,2023-10-02,2,27.6,S2,breakout_120d_only,3325,2023-10-02
early_watch,0.6532846715328466,-0.11313868613138689,0.6532846715328466,-0.11313868613138689,-0.11313868613138689,0,0,朋億*,2023-10-02,3,27.6,S2,breakout_120d_only,6613,2023-10-02
early_watch,0.06336088154269981,-0.22589531680440766,0.18457300275482114,-0.22589531680440766,-0.3009950248756219,0,0,富喬,2023-10-02,4,29.6,S2,breakout_120d_only,1815,2023-10-02
early_watch,0.2807340009496846,-0.0073394775390625,0.2807340009496846,-0.0073394775390625,-0.06829269533234883,0,0,宏普,2023-10-02,5,27.6,S2,breakout_120d_only,2536,2023-10-02
early_watch,1.2114014690843695,-0.027315861113119677,1.5653207580610173,-0.027315861113119677,-0.24306835641542546,0,0,迎廣,2023-10-02,6,36.6,S2,breakout_120d_only,6117,2023-10-02
early_watch,0.8429486728827482,-0.08333334352216126,1.0192307198541415,-0.08333334352216126,-0.1382113821138211,0,0,東科-KY,2023-10-02,7,36.6,S2,breakout_120d_only,5225,2023-10-02
early_watch,0.037647022920496376,-0.1858823888442096,0.29647055233226105,-0.1858823888442096,-0.2205081315363039,0,0,敬鵬,2023-10-02,8,36.6,S2,breakout_120d_only,2355,2023-10-02
early_watch,0.3529411764705883,-0.032352941176470584,0.3529411764705883,-0.032352941176470584,-0.09162303664921467,0,0,聖暉*,2023-10-02,9,36.6,S2,breakout_120d_only,5536,2023-10-02
early_watch,0.265993265993266,-0.2828282828282829,0.2962962962962963,-0.2828282828282829,-0.2828282828282829,0,0,台燿,2023-10-02,10,34.6,S2,breakout_120d_only,6274,2023-10-02
early_watch,0.18649521135906433,-0.11254019154563744,0.2829582326838964,-0.11254019154563744,-0.1484848369251598,0,0,聯鈞,2023-10-02,11,33.6,S2,breakout_120d_only,3450,2023-10-02
early_watch,0.5436508915233766,-0.11904760088569644,0.5436508915233766,-0.11904760088569644,-0.12598424269893083,0,0,佳能,2023-10-02,12,36.6,S2,breakout_120d_only,2374,2023-10-02
early_watch,-0.012406948125700978,-0.25186103748598,0.05955338886636574,-0.25186103748598,-0.2573891440476721,0,0,偉訓,2023-10-02,13,33.6,S2,breakout_120d_only,3032,2023-10-02
early_watch,0.8904109589041096,-0.08904109589041098,0.9726027397260273,-0.08904109589041098,-0.2525252525252525,0,0,兆利,2023-10-02,14,27.6,S2,breakout_120d_only,3548,2023-10-02
early_watch,0.4314381198364834,-0.03846152619405285,0.7658862846385519,-0.03846152619405285,-0.21464019310887705,0,0,圓剛,2023-10-02,15,27.6,S2,breakout_120d_only,2417,2023-10-02
early_watch,0.012674271229404344,-0.15335868187579227,0.08998732572877044,-0.15335868187579227,-0.22325581395348837,0,0,永日,2023-10-02,16,29.6,S2,breakout_120d_only,4102,2023-10-02
early_watch,0.019059721196514,-0.18551460025751876,0.021601075521702207,-0.18551460025751876,-0.18963337913220701,0,0,喬山,2023-10-02,1,21.6,S2,volume_expansion_only,1736,2023-10-02
early_watch,0.5055555555555555,-0.24,0.6333333333333333,-0.24,-0.2645161290322581,0,0,川湖,2023-10-02,2,23.6,S2,volume_expansion_only,2059,2023-10-02
early_watch,-0.20088624944131872,-0.25406200477958485,-0.017725214214700857,-0.25406200477958485,-0.25406200477958485,0,0,和大,2023-10-02,3,21.6,S2,volume_expansion_only,1536,2023-10-02
early_watch,-0.03174893405784385,-0.605414919070784,0.01702786377708998,-0.605414919070784,-0.6120213663922779,0,0,台境*,2023-10-02,4,12.0,S2,volume_expansion_only,8476,2023-10-02
early_watch,0.10158732580760166,-0.10158732580760166,0.15555560399615564,-0.10158732580760166,-0.13323130430393637,0,0,凌華,2023-10-02,5,17.6,S2,volume_expansion_only,6166,2023-10-02
early_watch,-0.00863557835618567,-0.03281522410719939,0.04663207041601547,-0.03281522410719939,-0.06354513855420807,0,0,聲寶,2023-10-02,6,25.6,S2,volume_expansion_only,1604,2023-10-02
early_watch,0.09961687139727604,-0.22988505411133375,0.1704980379521448,-0.22988505411133375,-0.22988505411133375,0,0,英業達,2023-10-02,7,19.6,S2,volume_expansion_only,2356,2023-10-02
early_watch,0.5509735299345795,-0.052691935197166084,0.8969072200986734,-0.052691935197166084,-0.21739129633543974,0,0,華泰,2023-10-02,8,9.6,S2,volume_expansion_only,2329,2023-10-02
early_watch,0.31156316916488214,-0.02248394004282661,0.6327623126338329,-0.02248394004282661,-0.3278688524590164,0,0,高技,2023-10-02,9,24.6,S2,volume_expansion_only,5439,2023-10-02
early_watch,0.10783200908059021,-0.2247446083995459,0.18615209988649273,-0.2247446083995459,-0.2247446083995459,0,0,廣明,2023-10-02,10,21.6,S2,volume_expansion_only,6188,2023-10-02
early_watch,1.0785906172510735,-0.04065040482310045,1.2818426413665756,-0.04065040482310045,-0.2042755056014437,0,0,蔚華科,2023-10-02,11,22.6,S2,volume_expansion_only,3055,2023-10-02
early_watch,0.10360360360360366,-0.19639642388971001,0.18918918918918926,-0.19639642388971001,-0.19639642388971001,0,0,緯創,2023-10-02,12,24.6,S2,volume_expansion_only,3231,2023-10-02
early_watch,0.6084905660377358,-0.15094339622641506,0.7948113207547169,-0.15094339622641506,-0.15094339622641506,0,0,辛耘,2023-10-02,13,25.6,S2,volume_expansion_only,3583,2023-10-02
early_watch,0.20274914089347074,-0.17296678121420384,0.3906071019473083,-0.17296678121420384,-0.23027718550106602,0,0,萬在,2023-10-02,14,19.6,S2,volume_expansion_only,4543,2023-10-02
early_watch,0.265993265993266,-0.2828282828282829,0.2962962962962963,-0.2828282828282829,-0.2828282828282829,0,0,台燿,2023-10-02,15,34.6,S2,volume_expansion_only,6274,2023-10-02
early_watch,0.06483300589390972,-0.2573673870333988,0.17092337917485256,-0.2573673870333988,-0.2573673870333988,0,0,廣達,2023-10-02,16,27.6,S2,volume_expansion_only,2382,2023-10-02
early_watch,1.2434210526315788,-0.19736842105263153,1.263157894736842,-0.19736842105263153,-0.22094508301404847,0,0,新門,2023-10-02,17,0.0,S2,volume_expansion_only,5432,2023-10-02
early_watch,0.11309517412048908,-0.03571434518377081,0.16666661620770973,-0.03571434518377081,-0.045918380917897905,0,0,南僑,2023-10-02,18,25.6,S2,volume_expansion_only,1702,2023-10-02
early_watch,0.037647022920496376,-0.1858823888442096,0.29647055233226105,-0.1858823888442096,-0.2205081315363039,0,0,敬鵬,2023-10-02,19,36.6,S2,volume_expansion_only,2355,2023-10-02
early_watch,0.5953757225433527,-0.04393063583815027,0.5953757225433527,-0.04393063583815027,-0.07346938775510203,0,0,翔名,2023-10-02,20,14.0,S2,volume_expansion_only,8091,2023-10-02
early_watch,0.3529411764705883,-0.032352941176470584,0.3529411764705883,-0.032352941176470584,-0.09162303664921467,0,0,聖暉*,2023-10-02,1,36.6,S2,ma_alignment_only,5536,2023-10-02
early_watch,0.037647022920496376,-0.1858823888442096,0.29647055233226105,-0.1858823888442096,-0.2205081315363039,0,0,敬鵬,2023-10-02,2,36.6,S2,ma_alignment_only,2355,2023-10-02
early_watch,0.5436508915233766,-0.11904760088569644,0.5436508915233766,-0.11904760088569644,-0.12598424269893083,0,0,佳能,2023-10-02,3,36.6,S2,ma_alignment_only,2374,2023-10-02
early_watch,0.8429486728827482,-0.08333334352216126,1.0192307198541415,-0.08333334352216126,-0.1382113821138211,0,0,東科-KY,2023-10-02,4,36.6,S2,ma_alignment_only,5225,2023-10-02
early_watch,1.2114014690843695,-0.027315861113119677,1.5653207580610173,-0.027315861113119677,-0.24306835641542546,0,0,迎廣,2023-10-02,5,36.6,S2,ma_alignment_only,6117,2023-10-02
early_watch,0.3746835214501292,-0.027848106344415702,0.4784810634441572,-0.027848106344415702,-0.13901345450820946,0,0,新美齊,2023-10-02,6,35.2,S2,ma_alignment_only,2442,2023-10-02
early_watch,0.265993265993266,-0.2828282828282829,0.2962962962962963,-0.2828282828282829,-0.2828282828282829,0,0,台燿,2023-10-02,7,34.6,S2,ma_alignment_only,6274,2023-10-02
early_watch,-0.012406948125700978,-0.25186103748598,0.05955338886636574,-0.25186103748598,-0.2573891440476721,0,0,偉訓,2023-10-02,8,33.6,S2,ma_alignment_only,3032,2023-10-02
early_watch,0.18649521135906433,-0.11254019154563744,0.2829582326838964,-0.11254019154563744,-0.1484848369251598,0,0,聯鈞,2023-10-02,9,33.6,S2,ma_alignment_only,3450,2023-10-02
early_watch,0.06336088154269981,-0.22589531680440766,0.18457300275482114,-0.22589531680440766,-0.3009950248756219,0,0,富喬,2023-10-02,10,29.6,S2,ma_alignment_only,1815,2023-10-02
early_watch,0.012674271229404344,-0.15335868187579227,0.08998732572877044,-0.15335868187579227,-0.22325581395348837,0,0,永日,2023-10-02,11,29.6,S2,ma_alignment_only,4102,2023-10-02
early_watch,-0.003138075313807498,-0.12343096234309625,0.12761506276150625,-0.12343096234309625,-0.13636363636363635,0,0,志豐,2023-10-02,12,27.6,S2,ma_alignment_only,3206,2023-10-02
early_watch,0.06036745406824129,0.002624671916010568,0.4593175853018372,0.002624671916010568,-0.29496402877697836,0,0,宇環,2023-10-02,13,27.6,S2,ma_alignment_only,3276,2023-10-02
early_watch,-0.017964071856287345,-0.1596806387225549,0.11177644710578849,-0.1596806387225549,-0.19502868068833645,0,0,建舜電,2023-10-02,14,27.6,S2,ma_alignment_only,3322,2023-10-02
early_watch,-0.10139416983523442,-0.24588086185044367,0.07731305449936632,-0.24588086185044367,-0.30000000000000004,0,0,旭品,2023-10-02,15,27.6,S2,ma_alignment_only,3325,2023-10-02
early_watch,0.3165266106442577,0.008403361344537785,0.32773109243697474,0.008403361344537785,-0.09471365638766516,0,0,凡甲,2023-10-02,16,27.6,S2,ma_alignment_only,3526,2023-10-02
early_watch,0.8904109589041096,-0.08904109589041098,0.9726027397260273,-0.08904109589041098,-0.2525252525252525,0,0,兆利,2023-10-02,17,27.6,S2,ma_alignment_only,3548,2023-10-02
early_watch,-0.2026490066225165,-0.2026490066225165,-0.01059602649006619,-0.2026490066225165,-0.2026490066225165,0,0,新鉅科,2023-10-02,18,27.6,S2,ma_alignment_only,3630,2023-10-02
early_watch,0.9596354166666667,-0.00651041666666663,0.9596354166666667,-0.00651041666666663,-0.060924369747899165,0,0,永信建,2023-10-02,19,27.6,S2,ma_alignment_only,5508,2023-10-02
early_watch,0.03532008830022071,0.0066225165562914245,0.20309050772626946,0.0066225165562914245,-0.15412844036697249,0,0,松上,2023-10-02,20,27.6,S2,ma_alignment_only,6156,2023-10-02
early_watch,1.4763033175355447,0.005924170616113722,1.7369668246445498,0.005924170616113722,-0.11904761904761907,0,0,永信建,2023-11-01,1,36.6,S2,radar_model,5508,2023-11-01
early_watch,0.07132013413378302,-0.01669193397042823,0.19423361344440537,-0.01669193397042823,-0.12960606535919328,0,0,東和鋼鐵,2023-11-01,2,36.6,S2,radar_model,2006,2023-11-01
early_watch,0.24893617021276593,0.015957446808510634,0.36170212765957444,0.015957446808510634,-0.0888888888888889,0,0,聯詠,2023-11-01,3,34.6,S2,radar_model,3034,2023-11-01
early_watch,0.22941970782816057,-0.06207825329075556,0.313090486577259,-0.06207825329075556,-0.12846864961916538,0,0,大聯大,2023-11-01,4,34.6,S2,radar_model,3702,2023-11-01
early_watch,0.11176470588235299,0.014705882352941124,0.41176470588235303,0.014705882352941124,-0.21458333333333335,0,0,中美晶,2023-11-01,5,31.2,S2,radar_model,5483,2023-11-01
early_watch,0.08854160354369478,0.0,0.10286449977300571,0.0,-0.07563028596581634,0,0,遠傳,2023-11-01,6,29.2,S2,radar_model,4904,2023-11-01
early_watch,0.12654320987654333,0.0185185185185186,0.3240740740740742,0.0185185185185186,-0.16433566433566427,0,0,欣銓,2023-11-01,7,27.6,S2,radar_model,3264,2023-11-01
early_watch,-0.13793103448275867,-0.19348659003831414,0.06704980842911867,-0.19348659003831414,-0.2351885098743267,0,0,建舜電,2023-11-01,8,27.6,S2,radar_model,3322,2023-11-01
early_watch,0.12307692307692308,-0.0346153846153846,1.1,-0.0346153846153846,-0.48168498168498164,0,0,富晶通,2023-11-01,9,27.6,S2,radar_model,3623,2023-11-01
early_watch,0.16284987277353702,-0.06615776081424918,0.2646310432569976,-0.06615776081424918,-0.2615694164989939,0,0,松瑞藥,2023-11-01,10,27.6,S2,radar_model,4167,2023-11-01
early_watch,0.03001579778830976,-0.11532385466034756,0.32701421800947883,-0.11532385466034756,-0.2607142857142857,0,0,瑞耘,2023-11-01,11,27.6,S2,radar_model,6532,2023-11-01
early_watch,1.2162162162162162,0.06351351351351364,1.4918918918918918,0.06351351351351364,-0.1587901701323251,0,0,國統,2023-11-01,12,27.6,S2,radar_model,8936,2023-11-01
early_watch,0.9294604994710076,-0.0013832102253721335,1.0746887091086101,-0.0013832102253721335,-0.11914893617021272,0,0,長榮鋼,2023-11-01,13,27.6,S2,radar_model,2211,2023-11-01
early_watch,-0.105084758693889,-0.13898306377863479,0.2000000517247087,-0.13898306377863479,-0.28248591740986806,0,0,云辰,2023-11-01,14,27.6,S2,radar_model,2390,2023-11-01
early_watch,0.07338127300893671,-0.08920864407107132,0.5194244384765625,-0.08920864407107132,-0.3285984606973831,0,0,圓剛,2023-11-01,15,27.6,S2,radar_model,2417,2023-11-01
early_watch,0.3607784037891135,-0.0314372156822883,0.4655688181634403,-0.0314372156822883,-0.08873243734870162,0,0,新產,2023-11-01,16,27.6,S2,radar_model,2850,2023-11-01
early_watch,-0.26772385975065827,-0.2705223957609033,0.04477614914555761,-0.2705223957609033,-0.30178574153355187,0,0,合勤控,2023-11-01,17,27.6,S2,radar_model,3704,2023-11-01
early_watch,0.39473684210526305,-0.08736841302168996,0.6105263358668278,-0.08736841302168996,-0.21895427056911854,0,0,工信,2023-11-01,18,27.6,S2,radar_model,5521,2023-11-01
early_watch,0.4928571270924982,-0.023214326731555546,0.7214285696769442,-0.023214326731555546,-0.1759906258723022,0,0,豐藝,2023-11-01,19,27.6,S2,radar_model,6189,2023-11-01
early_watch,0.4270461896706823,-0.05338078219348208,0.7188611594792544,-0.05338078219348208,-0.18115942315142175,0,0,至上,2023-11-01,20,27.6,S2,radar_model,8112,2023-11-01
early_watch,0.4921875548119585,0.005208399967479016,0.705729167741411,0.005208399967479016,-0.1480915922487811,0,0,新美齊,2023-11-01,1,1.0,S2,random_top_n,2442,2023-11-01
early_watch,-0.2680722891566265,-0.3493975903614458,0.1144578313253013,-0.3493975903614458,-0.4162162162162162,0,0,華星光,2023-11-01,2,20.6,S2,random_top_n,4979,2023-11-01
early_watch,0.3459119496855345,-0.028930855996953664,0.4779874213836477,-0.028930855996953664,-0.18046709714163345,0,0,十銓,2023-11-01,3,24.6,S2,random_top_n,4967,2023-11-01
early_watch,0.35064944106851437,-0.012986993772940658,0.35064944106851437,-0.012986993772940658,-0.04471549034080624,0,0,國票金,2023-11-01,4,14.0,S2,random_top_n,2889,2023-11-01
early_watch,0.08751613022954752,-0.02702700845046302,0.24324327243498667,-0.02702700845046302,-0.16873701531920837,0,0,達邁,2023-11-01,5,9.0,S2,random_top_n,3645,2023-11-01
early_watch,0.5776892430278884,0.0,0.6653386454183268,0.0,-0.10079575596816981,0,0,瑞儀,2023-11-01,6,24.6,S2,random_top_n,6176,2023-11-01
early_watch,0.8853211009174311,-0.013761467889908285,0.8853211009174311,-0.013761467889908285,-0.1387434554973822,0,0,長榮,2023-11-01,7,17.6,S2,random_top_n,2603,2023-11-01
early_watch,0.2633929807693134,0.0,0.2991072234830927,0.0,-0.09278346215870548,0,0,凱基金,2023-11-01,8,9.0,S2,random_top_n,2883,2023-11-01
early_watch,0.25116279069767433,0.037209302325581506,0.4186046511627908,0.037209302325581506,-0.12459016393442623,0,0,緯軟,2023-11-01,9,11.0,S2,random_top_n,4953,2023-11-01
early_watch,0.15300546448087426,0.003278721877134627,0.24590163934426235,0.003278721877134627,-0.09210526315789469,0,0,卜蜂,2023-11-01,10,9.0,S2,random_top_n,1215,2023-11-01
early_watch,0.2513199627593714,-0.05913415035123315,0.5575501144761614,-0.05913415035123315,-0.2338982921535686,0,0,新建,2023-11-01,11,22.6,S2,random_top_n,2516,2023-11-01
early_watch,0.46614575520572044,0.010416606648103066,0.5052082536535163,0.010416606648103066,-0.06407320796742721,0,0,瑞智,2023-11-01,12,1.0,S2,random_top_n,4532,2023-11-01
early_watch,0.4448463117349426,0.016274883163513998,0.5189873142173222,0.016274883163513998,-0.13959730469038045,0,0,泰銘,2023-11-01,13,9.0,S2,random_top_n,9927,2023-11-01
early_watch,0.22968198499058112,0.021201427478626522,0.22968198499058112,0.021201427478626522,-0.10939910819550946,0,0,潤泰全,2023-11-01,14,11.0,S2,random_top_n,2915,2023-11-01
early_watch,0.21857924408539509,-0.012294999098439008,0.21857924408539509,-0.012294999098439008,-0.16572714153327273,0,0,佳凌,2023-11-01,15,9.0,S2,random_top_n,4976,2023-11-01
early_watch,0.2539325842696629,0.011235955056179803,0.29438202247191025,0.011235955056179803,-0.11508704061895558,0,0,榮剛,2023-11-01,16,9.0,S2,random_top_n,5009,2023-11-01
early_watch,1.0826446280991737,-0.009917330150761905,1.0826446280991737,-0.009917330150761905,-0.08499999999999996,0,0,德律,2023-11-01,17,11.0,S2,random_top_n,3030,2023-11-01
early_watch,0.21311475409836067,-0.07540983606557383,1.0327868852459017,-0.07540983606557383,-0.4032258064516129,0,0,安格,2023-11-01,18,17.0,S2,random_top_n,6684,2023-11-01
early_watch,0.5116022099447515,-0.0033149171270717703,0.639779005524862,-0.0033149171270717703,-0.11654676258992813,0,0,常珵,2023-11-01,19,19.6,S2,random_top_n,8097,2023-11-01
early_watch,-0.19390579578286782,-0.19944594108796865,0.04986157403503477,-0.19944594108796865,-0.23746703497758814,0,0,裕融,2023-11-01,20,10.0,S2,random_top_n,9941,2023-11-01
early_watch,0.12307692307692308,-0.0346153846153846,1.1,-0.0346153846153846,-0.48168498168498164,0,0,富晶通,2023-11-01,1,27.6,S2,breakout_120d_only,3623,2023-11-01
early_watch,-0.3211920529801324,-0.32698675496688745,0.004966887417218624,-0.32698675496688745,-0.33031301482701814,0,0,生華科,2023-11-01,2,24.6,S2,breakout_120d_only,6492,2023-11-01
early_watch,0.16284987277353702,-0.06615776081424918,0.2646310432569976,-0.06615776081424918,-0.2615694164989939,0,0,松瑞藥,2023-11-01,3,27.6,S2,breakout_120d_only,4167,2023-11-01
early_watch,0.24893617021276593,0.015957446808510634,0.36170212765957444,0.015957446808510634,-0.0888888888888889,0,0,聯詠,2023-11-01,4,34.6,S2,breakout_120d_only,3034,2023-11-01
early_watch,0.22941970782816057,-0.06207825329075556,0.313090486577259,-0.06207825329075556,-0.12846864961916538,0,0,大聯大,2023-11-01,5,34.6,S2,breakout_120d_only,3702,2023-11-01
early_watch,1.4114833551383876,-0.07655494292533371,1.8564594083208221,-0.07655494292533371,-0.33468836679200775,0,0,皇昌,2023-11-01,6,24.6,S2,breakout_120d_only,2543,2023-11-01
early_watch,0.07132013413378302,-0.01669193397042823,0.19423361344440537,-0.01669193397042823,-0.12960606535919328,0,0,東和鋼鐵,2023-11-01,7,36.6,S2,breakout_120d_only,2006,2023-11-01
early_watch,1.4763033175355447,0.005924170616113722,1.7369668246445498,0.005924170616113722,-0.11904761904761907,0,0,永信建,2023-11-01,8,36.6,S2,breakout_120d_only,5508,2023-11-01
early_watch,0.11176470588235299,0.014705882352941124,0.41176470588235303,0.014705882352941124,-0.21458333333333335,0,0,中美晶,2023-11-01,1,31.2,S2,volume_expansion_only,5483,2023-11-01
early_watch,0.033033033033033066,0.00700700700700696,0.25725725725725734,0.00700700700700696,-0.19904458598726116,0,0,環球晶,2023-11-01,2,21.6,S2,volume_expansion_only,6488,2023-11-01
early_watch,-0.06163021868787277,-0.13320079522862827,0.0377733598409542,-0.13320079522862827,-0.16475095785440608,0,0,王品,2023-11-01,3,17.6,S2,volume_expansion_only,2727,2023-11-01
early_watch,0.05904059040590415,-0.059040590405904037,0.11070110701107017,-0.059040590405904037,-0.15282392026578073,0,0,信邦,2023-11-01,4,12.0,S2,volume_expansion_only,3023,2023-11-01
early_watch,0.22941970782816057,-0.06207825329075556,0.313090486577259,-0.06207825329075556,-0.12846864961916538,0,0,大聯大,2023-11-01,5,34.6,S2,volume_expansion_only,3702,2023-11-01
early_watch,0.03001579778830976,-0.11532385466034756,0.32701421800947883,-0.11532385466034756,-0.2607142857142857,0,0,瑞耘,2023-11-01,6,27.6,S2,volume_expansion_only,6532,2023-11-01
early_watch,0.049180327868852514,-0.17267759562841523,0.13661202185792343,-0.17267759562841523,-0.27211538461538454,0,0,晶宏,2023-11-01,7,23.6,S2,volume_expansion_only,3141,2023-11-01
early_watch,0.9294604994710076,-0.0013832102253721335,1.0746887091086101,-0.0013832102253721335,-0.11914893617021272,0,0,長榮鋼,2023-11-01,8,27.6,S2,volume_expansion_only,2211,2023-11-01
early_watch,0.5344633113192974,0.00677964377537954,0.6225989390227755,0.00677964377537954,-0.10934745466514928,0,0,達方,2023-11-01,9,25.6,S2,volume_expansion_only,8163,2023-11-01
early_watch,0.827485380116959,0.042397660818713545,1.1491228070175437,0.042397660818713545,-0.26530612244897955,0,0,川湖,2023-11-01,10,14.0,S2,volume_expansion_only,2059,2023-11-01
early_watch,0.24893617021276593,0.015957446808510634,0.36170212765957444,0.015957446808510634,-0.0888888888888889,0,0,聯詠,2023-11-01,11,34.6,S2,volume_expansion_only,3034,2023-11-01
early_watch,0.971563981042654,0.007109004739336511,1.1753554502369665,0.007109004739336511,-0.12139917695473246,0,0,富旺,2023-11-01,12,16.0,S2,volume_expansion_only,6219,2023-11-01
early_watch,-0.0540540401216314,-0.06467178616721525,0.22586874392400835,-0.06467178616721525,-0.23700786200095347,0,0,飛宏,2023-11-01,13,1.0,S2,volume_expansion_only,2457,2023-11-01
early_watch,0.048231511254019255,-0.012861736334405127,0.22186495176848875,-0.012861736334405127,-0.18947368421052635,0,0,台勝科,2023-11-01,14,12.6,S2,volume_expansion_only,3532,2023-11-01
early_watch,0.28846153846153855,0.01602564102564097,0.3878205128205128,0.01602564102564097,-0.11316397228637409,0,0,新鼎,2023-11-01,15,14.0,S2,volume_expansion_only,5209,2023-11-01
early_watch,0.014201147316475593,-0.09349114231809352,0.10295854376617974,-0.09349114231809352,-0.17811157744285933,0,0,富采,2023-11-01,16,1.0,S2,volume_expansion_only,3714,2023-11-01
early_watch,0.7421602787456445,-0.008130081300813052,0.8931475029036005,-0.008130081300813052,-0.2116564417177914,0,0,嘉澤,2023-11-01,17,25.6,S2,volume_expansion_only,3533,2023-11-01
early_watch,-0.14695652173913043,-0.18260869565217386,0.13043478260869557,-0.18260869565217386,-0.27692307692307694,0,0,晶焱,2023-11-01,18,10.6,S2,volume_expansion_only,6411,2023-11-01
early_watch,0.11452991452991457,-0.14017094017094023,0.11452991452991457,-0.14017094017094023,-0.14310051107325394,0,0,北基,2023-11-01,19,24.6,S2,volume_expansion_only,8927,2023-11-01
early_watch,0.0036231994628905806,-0.04166666666666663,0.21376813252766924,-0.04166666666666663,-0.1895522384932482,0,0,瀚宇博,2023-11-01,20,21.6,S2,volume_expansion_only,5469,2023-11-01
early_watch,1.4763033175355447,0.005924170616113722,1.7369668246445498,0.005924170616113722,-0.11904761904761907,0,0,永信建,2023-11-01,1,36.6,S2,ma_alignment_only,5508,2023-11-01
early_watch,0.07132013413378302,-0.01669193397042823,0.19423361344440537,-0.01669193397042823,-0.12960606535919328,0,0,東和鋼鐵,2023-11-01,2,36.6,S2,ma_alignment_only,2006,2023-11-01
early_watch,0.22941970782816057,-0.06207825329075556,0.313090486577259,-0.06207825329075556,-0.12846864961916538,0,0,大聯大,2023-11-01,3,34.6,S2,ma_alignment_only,3702,2023-11-01
early_watch,0.12654320987654333,0.0185185185185186,0.3240740740740742,0.0185185185185186,-0.16433566433566427,0,0,欣銓,2023-11-01,4,27.6,S2,ma_alignment_only,3264,2023-11-01
early_watch,-0.13793103448275867,-0.19348659003831414,0.06704980842911867,-0.19348659003831414,-0.2351885098743267,0,0,建舜電,2023-11-01,5,27.6,S2,ma_alignment_only,3322,2023-11-01
early_watch,0.12307692307692308,-0.0346153846153846,1.1,-0.0346153846153846,-0.48168498168498164,0,0,富晶通,2023-11-01,6,27.6,S2,ma_alignment_only,3623,2023-11-01
early_watch,0.16284987277353702,-0.06615776081424918,0.2646310432569976,-0.06615776081424918,-0.2615694164989939,0,0,松瑞藥,2023-11-01,7,27.6,S2,ma_alignment_only,4167,2023-11-01
early_watch,0.03001579778830976,-0.11532385466034756,0.32701421800947883,-0.11532385466034756,-0.2607142857142857,0,0,瑞耘,2023-11-01,8,27.6,S2,ma_alignment_only,6532,2023-11-01
early_watch,1.2162162162162162,0.06351351351351364,1.4918918918918918,0.06351351351351364,-0.1587901701323251,0,0,國統,2023-11-01,9,27.6,S2,ma_alignment_only,8936,2023-11-01
early_watch,0.9294604994710076,-0.0013832102253721335,1.0746887091086101,-0.0013832102253721335,-0.11914893617021272,0,0,長榮鋼,2023-11-01,10,27.6,S2,ma_alignment_only,2211,2023-11-01
early_watch,-0.105084758693889,-0.13898306377863479,0.2000000517247087,-0.13898306377863479,-0.28248591740986806,0,0,云辰,2023-11-01,11,27.6,S2,ma_alignment_only,2390,2023-11-01
early_watch,0.07338127300893671,-0.08920864407107132,0.5194244384765625,-0.08920864407107132,-0.3285984606973831,0,0,圓剛,2023-11-01,12,27.6,S2,ma_alignment_only,2417,2023-11-01
early_watch,0.3607784037891135,-0.0314372156822883,0.4655688181634403,-0.0314372156822883,-0.08873243734870162,0,0,新產,2023-11-01,13,27.6,S2,ma_alignment_only,2850,2023-11-01
early_watch,-0.26772385975065827,-0.2705223957609033,0.04477614914555761,-0.2705223957609033,-0.30178574153355187,0,0,合勤控,2023-11-01,14,27.6,S2,ma_alignment_only,3704,2023-11-01
early_watch,0.39473684210526305,-0.08736841302168996,0.6105263358668278,-0.08736841302168996,-0.21895427056911854,0,0,工信,2023-11-01,15,27.6,S2,ma_alignment_only,5521,2023-11-01
early_watch,0.4928571270924982,-0.023214326731555546,0.7214285696769442,-0.023214326731555546,-0.1759906258723022,0,0,豐藝,2023-11-01,16,27.6,S2,ma_alignment_only,6189,2023-11-01
early_watch,0.4270461896706823,-0.05338078219348208,0.7188611594792544,-0.05338078219348208,-0.18115942315142175,0,0,至上,2023-11-01,17,27.6,S2,ma_alignment_only,8112,2023-11-01
early_watch,-0.17948717948717952,-0.23333333333333328,0.023076923076922995,-0.23333333333333328,-0.2506265664160401,0,0,醫揚,2023-11-01,18,25.6,S2,ma_alignment_only,6569,2023-11-01
early_watch,0.0206540447504302,-0.0688468158347676,0.12564543889845092,-0.0688468158347676,-0.1578947368421053,0,0,軒郁,2023-11-01,19,25.6,S2,ma_alignment_only,6703,2023-11-01
early_watch,0.0853242320819112,-0.013651877133105783,0.10580204778156999,-0.013651877133105783,-0.07407407407407407,0,0,新麥,2023-11-01,20,24.6,S2,ma_alignment_only,1580,2023-11-01
early_watch,0.5717488789237666,0.09865470852017943,0.7264573991031389,0.09865470852017943,-0.3168831168831169,0,0,旭軟,2023-12-01,1,36.6,S2,radar_model,3390,2023-12-01
early_watch,-0.4013698630136986,-0.4013698630136986,0.044520547945205546,-0.4013698630136986,-0.42688524590163934,0,0,高技,2023-12-01,2,36.6,S2,radar_model,5439,2023-12-01
early_watch,0.09499358151476245,-0.010269576379974277,0.42747111681643135,-0.010269576379974277,-0.289568345323741,0,0,新普,2023-12-01,3,36.6,S2,radar_model,6121,2023-12-01
early_watch,0.659432387312187,-0.07512520868113526,0.7111853088480802,-0.07512520868113526,-0.12044534412955454,0,0,新潤,2023-12-01,4,36.6,S2,radar_model,6186,2023-12-01
early_watch,1.358695652173913,0.008152173913043459,1.358695652173913,0.008152173913043459,-0.29166666666666663,0,0,系微,2023-12-01,5,36.6,S2,radar_model,6231,2023-12-01
early_watch,-0.08928571054287959,-0.1868132104218363,0.1304945000242086,-0.1868132104218363,-0.19441068537916972,0,0,昭輝,2023-12-01,6,36.6,S2,radar_model,1339,2023-12-01
early_watch,0.7625898958093675,0.04196642609069934,0.8705035628997371,0.04196642609069934,-0.14102564102564108,0,0,長榮鋼,2023-12-01,7,36.6,S2,radar_model,2211,2023-12-01
early_watch,1.5777776848970513,-0.013333358264475681,1.7055554357883027,-0.013333358264475681,-0.13122170405327716,0,0,海悅,2023-12-01,8,36.6,S2,radar_model,2348,2023-12-01
early_watch,0.06808510638297882,-0.14468085106382977,0.08936170212765959,-0.14468085106382977,-0.15189873417721522,0,0,美律,2023-12-01,9,36.6,S2,radar_model,2439,2023-12-01
early_watch,0.6212379838009185,-0.005997030962195282,0.6212379838009185,-0.005997030962195282,-0.15839245588140205,0,0,鉅祥,2023-12-01,10,36.6,S2,radar_model,2476,2023-12-01
early_watch,0.6478260869565218,0.004347826086956497,0.7478260869565216,0.004347826086956497,-0.1840796019900498,0,0,力成,2023-12-01,11,36.6,S2,radar_model,6239,2023-12-01
early_watch,0.08844765342960281,-0.1353790613718412,0.2310469314079422,-0.1353790613718412,-0.23360000000000003,0,0,勤誠,2023-12-01,12,36.6,S2,radar_model,8210,2023-12-01
early_watch,0.07239819004524883,-0.11674209525682266,0.158371040723982,-0.11674209525682266,-0.12477874755859375,0,0,威宏-KY,2023-12-01,13,36.6,S2,radar_model,8442,2023-12-01
early_watch,0.9930231848428415,-0.11162788923396616,1.3046511273051418,-0.11162788923396616,-0.15640767142945677,0,0,三發地產,2023-12-01,14,36.6,S2,radar_model,9946,2023-12-01
early_watch,0.16016141867712674,-0.009421326364537186,0.27994609109065416,-0.009421326364537186,-0.15684091473638317,0,0,固緯,2023-12-01,15,35.2,S2,radar_model,2423,2023-12-01
early_watch,-0.08093280387359736,-0.1220850663867199,0.19478733403320025,-0.1220850663867199,-0.2652123866682329,0,0,力特,2023-12-01,16,35.2,S2,radar_model,3051,2023-12-01
early_watch,0.522875816993464,-0.13943355119825707,0.6579520697167756,-0.13943355119825707,-0.19973718791064388,0,0,辛耘,2023-12-01,17,35.2,S2,radar_model,3583,2023-12-01
early_watch,0.014784946236559016,-0.05107526881720448,0.15322580645161277,-0.05107526881720448,-0.17249417249417243,0,0,欣銓,2023-12-01,18,34.6,S2,radar_model,3264,2023-12-01
early_watch,-0.4330275299352243,-0.4513761537884353,-0.08256880733944949,-0.4513761537884353,-0.4513761537884353,0,0,定穎投控,2023-12-01,19,34.6,S2,radar_model,3715,2023-12-01
early_watch,-0.08125001192092896,-0.1796875,0.2937500476837158,-0.1796875,-0.2971014659678338,0,0,華泰,2023-12-01,20,33.6,S2,radar_model,2329,2023-12-01
early_watch,-0.05357139791761012,-0.1857142710004528,0.053571512358532525,-0.1857142710004528,-0.1943462885523558,0,0,虹堡,2023-12-01,1,17.0,S2,random_top_n,5258,2023-12-01
early_watch,1.6885245901639343,-0.07650273224043713,1.6885245901639343,-0.07650273224043713,-0.13685154413345302,0,0,一詮,2023-12-01,2,9.0,S2,random_top_n,2486,2023-12-01
early_watch,0.036170228998711806,-0.034042520725980685,0.3489362026782745,-0.034042520725980685,-0.28233440213045424,0,0,正達,2023-12-01,3,15.6,S2,random_top_n,3149,2023-12-01
early_watch,0.1547090938546869,-0.05438689381883288,0.30554944595423517,-0.05438689381883288,-0.16733070514373927,0,0,日勝生,2023-12-01,4,8.0,S2,random_top_n,2547,2023-12-01
early_watch,0.04166668503202975,-0.004807653256068689,0.2227563849283547,-0.004807653256068689,-0.16513756412786307,0,0,樂事綠能,2023-12-01,5,20.6,S2,random_top_n,1529,2023-12-01
early_watch,0.2990825688073393,-0.09174311926605505,0.6880733944954129,-0.09174311926605505,-0.2684782608695653,0,0,青雲,2023-12-01,6,20.6,S2,random_top_n,5386,2023-12-01
early_watch,-0.2664893427981606,-0.32784812058074564,0.030379766150365972,-0.32784812058074564,-0.34766587863957965,0,0,柏騰,2023-12-01,7,11.2,S2,random_top_n,3518,2023-12-01
early_watch,0.5921205098493627,0.056778679026651346,0.8679026651216686,0.056778679026651346,-0.23873121869782965,0,0,駿吉-KY,2023-12-01,8,25.6,S2,random_top_n,1591,2023-12-01
early_watch,0.38315789473684214,-0.10526315789473684,0.5410526315789475,-0.10526315789473684,-0.26606260296540374,0,0,萬在,2023-12-01,9,25.6,S2,random_top_n,4543,2023-12-01
early_watch,0.04566210045662111,-0.0639269406392694,0.1643835616438356,-0.0639269406392694,-0.13725490196078427,0,0,晶華,2023-12-01,10,2.0,S2,random_top_n,2707,2023-12-01
early_watch,-0.09999999999999998,-0.2823529411764706,0.10882352941176476,-0.2823529411764706,-0.2823529411764706,0,0,全新,2023-12-01,11,22.6,S2,random_top_n,2455,2023-12-01
early_watch,0.46303491665035157,0.00389099109542812,0.7373540934001137,0.00389099109542812,-0.20268763141054946,0,0,宏泰,2023-12-01,12,12.6,S2,random_top_n,1612,2023-12-01
early_watch,-0.06808512261573307,-0.06808512261573307,0.20000003246550868,-0.06808512261573307,-0.22340428985692318,0,0,中鴻,2023-12-01,13,6.0,S2,random_top_n,2014,2023-12-01
early_watch,0.0662251655629138,-0.0298013245033113,0.15231788079470188,-0.0298013245033113,-0.138235294117647,0,0,義隆,2023-12-01,14,22.6,S2,random_top_n,2458,2023-12-01
early_watch,0.3648068432347329,-0.038626591927187426,0.4699570809977247,-0.038626591927187426,-0.1480915922487811,0,0,新美齊,2023-12-01,15,22.6,S2,random_top_n,2442,2023-12-01
early_watch,-0.19218748807907104,-0.2046874761581421,0.0,-0.2046874761581421,-0.2046874761581421,0,0,台化,2023-12-01,16,8.0,S2,random_top_n,1326,2023-12-01
early_watch,0.07582253657606963,-0.1258941753885343,0.11587980396713227,-0.1258941753885343,-0.2166666862292167,0,0,昇貿,2023-12-01,17,11.6,S2,random_top_n,3305,2023-12-01
early_watch,0.13131313131313127,-0.05555555555555558,0.39393939393939403,-0.05555555555555558,-0.21376811594202894,0,0,建準,2023-12-01,18,17.6,S2,random_top_n,2421,2023-12-01
early_watch,0.0781990521327014,-0.05213270142180104,0.20379146919431257,-0.05213270142180104,-0.18503937007874016,0,0,中探針,2023-12-01,19,19.6,S2,random_top_n,6217,2023-12-01
early_watch,-0.09579831932773109,-0.21680672268907564,-0.008403361344537785,-0.21680672268907564,-0.21680672268907564,0,0,儒鴻,2023-12-01,20,22.6,S2,random_top_n,1476,2023-12-01
early_watch,0.18724279835390956,-0.08847736625514413,0.4835390946502056,-0.08847736625514413,-0.3730929264909847,0,0,光明,2023-12-01,1,6.6,S2,breakout_120d_only,4420,2023-12-01
early_watch,-0.23450134770889497,-0.2668463611859839,-0.016172506738544534,-0.2668463611859839,-0.2668463611859839,0,0,華容,2023-12-01,2,22.6,S2,breakout_120d_only,5328,2023-12-01
early_watch,1.861423220973783,-0.08614232209737827,1.861423220973783,-0.08614232209737827,-0.20972644376899696,0,0,擎亞,2023-12-01,3,12.6,S2,breakout_120d_only,8096,2023-12-01
early_watch,-0.019035532994923887,-0.16116751269035534,0.09898477157360408,-0.16116751269035534,-0.23672055427251737,0,0,育富,2023-12-01,4,9.6,S2,breakout_120d_only,6194,2023-12-01
early_watch,2.053872053872054,-0.03535353535353536,2.367003367003367,-0.03535353535353536,-0.21999999999999997,1,0,新復興,2023-12-01,5,27.6,S2,breakout_120d_only,4909,2023-12-01
early_watch,0.2649294454954305,-0.20412590373327566,0.2649294454954305,-0.20412590373327566,-0.22597671157455723,0,0,信錦,2023-12-01,6,0.0,S2,breakout_120d_only,1582,2023-12-01
early_watch,0.08955223880596996,-0.059701492537313605,0.19154228855721378,-0.059701492537313605,-0.17826086956521747,0,0,正德,2023-12-01,7,27.6,S2,breakout_120d_only,2641,2023-12-01
early_watch,-0.18345864661654143,-0.30827067669172936,-0.06616541353383454,-0.30827067669172936,-0.30827067669172936,0,0,熱映,2023-12-01,8,26.6,S2,breakout_120d_only,3373,2023-12-01
early_watch,-0.1034816675022846,-0.15860736251318452,0.16054156894733174,-0.15860736251318452,-0.275,0,0,中航,2023-12-01,9,27.6,S2,breakout_120d_only,2612,2023-12-01
early_watch,0.06142857142857139,-0.039999999999999925,0.362857142857143,-0.039999999999999925,-0.2955974842767296,0,0,旺玖,2023-12-01,10,27.6,S2,breakout_120d_only,6233,2023-12-01
early_watch,-0.24275840914603553,-0.27529613375304174,-0.023323661479769275,-0.27529613375304174,-0.27529613375304174,0,0,耀登,2023-12-01,11,27.6,S2,breakout_120d_only,3138,2023-12-01
early_watch,0.5330520393811535,-0.1378340365682138,0.6540084388185654,-0.1378340365682138,-0.2813599062133646,0,0,健椿,2023-12-01,12,27.6,S2,breakout_120d_only,4561,2023-12-01
early_watch,0.0597345132743361,-0.18805309734513276,0.0995575221238938,-0.18805309734513276,-0.2615694164989939,0,0,松瑞藥,2023-12-01,13,27.6,S2,breakout_120d_only,4167,2023-12-01
early_watch,-0.27142854720827136,-0.3476190718393477,0.041269817049541135,-0.3476190718393477,-0.3734756184432708,0,0,康那香,2023-12-01,14,18.6,S2,breakout_120d_only,9919,2023-12-01
early_watch,-0.07757577607125943,-0.1636363636363637,0.049696951201467776,-0.1636363636363637,-0.1636363636363637,0,0,大洋,2023-12-01,15,29.6,S2,breakout_120d_only,1321,2023-12-01
early_watch,-0.1920614634194947,-0.2996158536281581,0.22279131710411626,-0.2996158536281581,-0.42722512290115755,0,0,恆大,2023-12-01,16,18.6,S2,breakout_120d_only,1325,2023-12-01
early_watch,-0.2809734634640202,-0.31084072803664875,-0.003318617773163779,-0.31084072803664875,-0.31084072803664875,0,0,統新,2023-12-01,17,27.6,S2,breakout_120d_only,6426,2023-12-01
early_watch,-0.2098214285714286,-0.2886904761904763,0.12797619047619047,-0.2886904761904763,-0.36939313984168864,0,0,弘煜科,2023-12-01,18,29.6,S2,breakout_120d_only,6482,2023-12-01
early_watch,0.6756756524549723,-0.16441447749732496,0.7635135216407596,-0.16441447749732496,-0.18461541815118476,0,0,燿華,2023-12-01,19,29.6,S2,breakout_120d_only,2367,2023-12-01
early_watch,-0.06950669462286752,-0.10986542329199489,0.08744398339255244,-0.10986542329199489,-0.18144328323836179,0,0,競國,2023-12-01,20,29.6,S2,breakout_120d_only,6108,2023-12-01
early_watch,0.06213872832369938,0.00867052023121384,0.29768786127167624,0.00867052023121384,-0.1881959910913139,0,0,青鋼,2023-12-01,1,25.6,S2,volume_expansion_only,8930,2023-12-01
early_watch,0.521531106300523,-0.1036682603015533,0.5614035141088127,-0.1036682603015533,-0.26942359639701374,0,0,聯鈞,2023-12-01,2,25.6,S2,volume_expansion_only,3450,2023-12-01
early_watch,-0.08424910131043928,-0.1575091732056042,0.002441965134506008,-0.1575091732056042,-0.15956149473316217,0,0,眾達-KY,2023-12-01,3,10.6,S2,volume_expansion_only,4977,2023-12-01
early_watch,0.3915171959771808,-0.04893964171840104,0.5008156793642984,-0.04893964171840104,-0.15111695440980522,0,0,泰碩,2023-12-01,4,12.6,S2,volume_expansion_only,3338,2023-12-01
early_watch,0.014784946236559016,-0.05107526881720448,0.15322580645161277,-0.05107526881720448,-0.17249417249417243,0,0,欣銓,2023-12-01,5,34.6,S2,volume_expansion_only,3264,2023-12-01
early_watch,-0.03942652329749108,-0.2329749103942652,0.0,-0.2329749103942652,-0.2329749103942652,0,0,為升,2023-12-01,6,8.6,S2,volume_expansion_only,2231,2023-12-01
early_watch,1.2278911853698316,0.07142858533052965,1.326530694332651,0.07142858533052965,-0.14864864864864868,0,0,志信,2023-12-01,7,33.2,S2,volume_expansion_only,2611,2023-12-01
early_watch,0.5650406246886632,0.016260164160283086,0.9146342499921556,0.016260164160283086,-0.1940298269324624,0,0,瑞軒,2023-12-01,8,23.6,S2,volume_expansion_only,2489,2023-12-01
early_watch,0.49183301678037594,-0.09528130935367951,0.5063521288295996,-0.09528130935367951,-0.09528130935367951,0,0,時碩工業,2023-12-01,9,25.6,S2,volume_expansion_only,4566,2023-12-01
early_watch,0.9157175398633257,-0.02733485193621854,1.0911161731207288,-0.02733485193621854,-0.1568627450980391,0,0,富旺,2023-12-01,10,4.0,S2,volume_expansion_only,6219,2023-12-01
early_watch,1.19672131147541,-0.0377049055255827,1.622950819672131,-0.0377049055255827,-0.22968197879858654,0,0,志聖,2023-12-01,11,31.6,S2,volume_expansion_only,2467,2023-12-01
early_watch,1.247983870967742,-0.092741935483871,1.3991935483870965,-0.092741935483871,-0.32558139534883723,0,0,新門,2023-12-01,12,24.6,S2,volume_expansion_only,5432,2023-12-01
early_watch,0.3205282112845138,-0.0456182472989195,0.368547418967587,-0.0456182472989195,-0.1937119675456389,0,0,茂訊,2023-12-01,13,25.6,S2,volume_expansion_only,3213,2023-12-01
early_watch,-0.13409090909090904,-0.23409090909090902,0.625,-0.23409090909090902,-0.5286713286713287,0,0,寶碩,2023-12-01,14,13.6,S2,volume_expansion_only,5210,2023-12-01
early_watch,-0.15929203539823011,-0.23893805309734517,-0.017699115044247815,-0.23893805309734517,-0.23893805309734517,0,0,晶睿,2023-12-01,15,23.6,S2,volume_expansion_only,3454,2023-12-01
early_watch,-0.26159558236837066,-0.27458260914244903,0.011131696792865853,-0.27458260914244903,-0.28256883533722765,0,0,合勤控,2023-12-01,16,24.6,S2,volume_expansion_only,3704,2023-12-01
early_watch,0.8386554878298975,-0.005042003984210841,1.1579830906972162,-0.005042003984210841,-0.26869154213838387,0,0,合機,2023-12-01,17,12.6,S2,volume_expansion_only,1618,2023-12-01
early_watch,0.7348406758216262,-0.1202467030901635,0.9897225080304668,-0.1202467030901635,-0.2878535719848626,0,0,萬海,2023-12-01,18,25.6,S2,volume_expansion_only,2615,2023-12-01
early_watch,0.09782603076966123,-0.04589380231208795,0.3985507209653374,-0.04589380231208795,-0.27115717892057334,0,0,神達,2023-12-01,19,25.6,S2,volume_expansion_only,3706,2023-12-01
early_watch,-0.11901307084673318,-0.23076924780483277,-0.011611074514379038,-0.23076924780483277,-0.23076924780483277,0,0,盛群,2023-12-01,20,25.6,S2,volume_expansion_only,6202,2023-12-01
early_watch,0.5717488789237666,0.09865470852017943,0.7264573991031389,0.09865470852017943,-0.3168831168831169,0,0,旭軟,2023-12-01,1,36.6,S2,ma_alignment_only,3390,2023-12-01
early_watch,-0.4013698630136986,-0.4013698630136986,0.044520547945205546,-0.4013698630136986,-0.42688524590163934,0,0,高技,2023-12-01,2,36.6,S2,ma_alignment_only,5439,2023-12-01
early_watch,0.09499358151476245,-0.010269576379974277,0.42747111681643135,-0.010269576379974277,-0.289568345323741,0,0,新普,2023-12-01,3,36.6,S2,ma_alignment_only,6121,2023-12-01
early_watch,0.659432387312187,-0.07512520868113526,0.7111853088480802,-0.07512520868113526,-0.12044534412955454,0,0,新潤,2023-12-01,4,36.6,S2,ma_alignment_only,6186,2023-12-01
early_watch,1.358695652173913,0.008152173913043459,1.358695652173913,0.008152173913043459,-0.29166666666666663,0,0,系微,2023-12-01,5,36.6,S2,ma_alignment_only,6231,2023-12-01
early_watch,-0.08928571054287959,-0.1868132104218363,0.1304945000242086,-0.1868132104218363,-0.19441068537916972,0,0,昭輝,2023-12-01,6,36.6,S2,ma_alignment_only,1339,2023-12-01
early_watch,0.7625898958093675,0.04196642609069934,0.8705035628997371,0.04196642609069934,-0.14102564102564108,0,0,長榮鋼,2023-12-01,7,36.6,S2,ma_alignment_only,2211,2023-12-01
early_watch,1.5777776848970513,-0.013333358264475681,1.7055554357883027,-0.013333358264475681,-0.13122170405327716,0,0,海悅,2023-12-01,8,36.6,S2,ma_alignment_only,2348,2023-12-01
early_watch,0.06808510638297882,-0.14468085106382977,0.08936170212765959,-0.14468085106382977,-0.15189873417721522,0,0,美律,2023-12-01,9,36.6,S2,ma_alignment_only,2439,2023-12-01
early_watch,0.6212379838009185,-0.005997030962195282,0.6212379838009185,-0.005997030962195282,-0.15839245588140205,0,0,鉅祥,2023-12-01,10,36.6,S2,ma_alignment_only,2476,2023-12-01
early_watch,0.6478260869565218,0.004347826086956497,0.7478260869565216,0.004347826086956497,-0.1840796019900498,0,0,力成,2023-12-01,11,36.6,S2,ma_alignment_only,6239,2023-12-01
early_watch,0.08844765342960281,-0.1353790613718412,0.2310469314079422,-0.1353790613718412,-0.23360000000000003,0,0,勤誠,2023-12-01,12,36.6,S2,ma_alignment_only,8210,2023-12-01
early_watch,0.07239819004524883,-0.11674209525682266,0.158371040723982,-0.11674209525682266,-0.12477874755859375,0,0,威宏-KY,2023-12-01,13,36.6,S2,ma_alignment_only,8442,2023-12-01
early_watch,0.9930231848428415,-0.11162788923396616,1.3046511273051418,-0.11162788923396616,-0.15640767142945677,0,0,三發地產,2023-12-01,14,36.6,S2,ma_alignment_only,9946,2023-12-01
early_watch,0.16016141867712674,-0.009421326364537186,0.27994609109065416,-0.009421326364537186,-0.15684091473638317,0,0,固緯,2023-12-01,15,35.2,S2,ma_alignment_only,2423,2023-12-01
early_watch,-0.08093280387359736,-0.1220850663867199,0.19478733403320025,-0.1220850663867199,-0.2652123866682329,0,0,力特,2023-12-01,16,35.2,S2,ma_alignment_only,3051,2023-12-01
early_watch,0.522875816993464,-0.13943355119825707,0.6579520697167756,-0.13943355119825707,-0.19973718791064388,0,0,辛耘,2023-12-01,17,35.2,S2,ma_alignment_only,3583,2023-12-01
early_watch,0.014784946236559016,-0.05107526881720448,0.15322580645161277,-0.05107526881720448,-0.17249417249417243,0,0,欣銓,2023-12-01,18,34.6,S2,ma_alignment_only,3264,2023-12-01
early_watch,-0.4330275299352243,-0.4513761537884353,-0.08256880733944949,-0.4513761537884353,-0.4513761537884353,0,0,定穎投控,2023-12-01,19,34.6,S2,ma_alignment_only,3715,2023-12-01
early_watch,-0.08125001192092896,-0.1796875,0.2937500476837158,-0.1796875,-0.2971014659678338,0,0,華泰,2023-12-01,20,33.6,S2,ma_alignment_only,2329,2023-12-01
early_watch,0.7800586510263929,-0.008797653958944385,0.8211143695014662,-0.008797653958944385,-0.1493288590604026,0,0,森寶,2024-01-02,1,36.6,S2,radar_model,3489,2024-01-02
early_watch,0.21543778801843327,-0.024193548387096753,0.4861751152073732,-0.024193548387096753,-0.22480620155038755,0,0,世禾,2024-01-02,2,36.6,S2,radar_model,3551,2024-01-02
early_watch,0.6263440526666118,-0.05913980424245602,1.233870880908948,-0.05913980424245602,-0.27316482990443613,0,0,國建,2024-01-02,3,36.6,S2,radar_model,2501,2024-01-02
early_watch,0.7003256645507965,-0.1031487947820443,0.7003256645507965,-0.1031487947820443,-0.12314223576833072,0,0,瀚荃,2024-01-02,4,36.6,S2,radar_model,8103,2024-01-02
early_watch,-0.2168674698795181,-0.33253012048192776,0.024096385542168752,-0.33253012048192776,-0.3482352941176471,0,0,凌陽創新,2024-01-02,5,36.6,S2,radar_model,5236,2024-01-02
early_watch,0.010262257696693089,-0.036488027366020526,0.06271379703534774,-0.036488027366020526,-0.049356223175965774,0,0,太醫,2024-01-02,6,35.2,S2,radar_model,4126,2024-01-02
early_watch,0.04489164086687314,-0.19814241486068107,0.19195046439628483,-0.19814241486068107,-0.3168831168831169,0,0,旭軟,2024-01-02,7,34.6,S2,radar_model,3390,2024-01-02
early_watch,-0.11636827147377082,-0.3695652025448227,0.21483380699972576,-0.3695652025448227,-0.481052639609889,0,0,芯鼎,2024-01-02,8,34.6,S2,radar_model,6695,2024-01-02
early_watch,-0.11646586345381527,-0.12851405622489964,0.15261044176706817,-0.12851405622489964,-0.24390243902439024,0,0,六角,2024-01-02,9,33.2,S2,radar_model,2732,2024-01-02
early_watch,0.5626242478391408,-0.0546719690201074,0.6481113873417119,-0.0546719690201074,-0.09288304506524048,0,0,億光,2024-01-02,10,33.2,S2,radar_model,2393,2024-01-02
early_watch,0.1898089366354001,-0.13121022995869824,0.2114649487149185,-0.13121022995869824,-0.13121022995869824,0,0,潤泰新,2024-01-02,11,33.2,S2,radar_model,9945,2024-01-02
early_watch,0.3453237410071943,-0.03597122302158273,0.579136690647482,-0.03597122302158273,-0.18906605922551256,0,0,瑞儀,2024-01-02,12,32.6,S2,radar_model,6176,2024-01-02
early_watch,0.3877551020408163,0.09977324263038545,1.072562358276644,0.09977324263038545,-0.39059080962800874,0,0,亞矽,2024-01-02,13,29.6,S2,radar_model,6113,2024-01-02
early_watch,0.2162161771831428,-0.0702702936901144,0.2432432354366285,-0.0702702936901144,-0.0797101988015404,0,0,元大金,2024-01-02,14,29.6,S2,radar_model,2885,2024-01-02
early_watch,0.1544402484726144,-0.059845530844894634,0.1544402484726144,-0.059845530844894634,-0.059845530844894634,0,0,玉山金,2024-01-02,15,28.2,S2,radar_model,2884,2024-01-02
early_watch,0.5299479166666667,-0.07942708333333326,0.6927083333333335,-0.07942708333333326,-0.20823045267489715,0,0,漢科,2024-01-02,16,27.6,S2,radar_model,3402,2024-01-02
early_watch,0.5981012658227847,-0.05063291139240511,1.0537974683544307,-0.05063291139240511,-0.2781201848998459,0,0,聯上,2024-01-02,17,27.6,S2,radar_model,4113,2024-01-02
early_watch,-0.207667731629393,-0.207667731629393,0.0010649627263044081,-0.207667731629393,-0.2085106382978723,0,0,安力-KY,2024-01-02,18,27.6,S2,radar_model,5223,2024-01-02
early_watch,0.31670822942643384,-0.0511221945137158,0.4463840399002492,-0.0511221945137158,-0.10689655172413803,0,0,龍巖,2024-01-02,19,27.6,S2,radar_model,5530,2024-01-02
early_watch,0.008474576271186418,-0.12033898305084745,0.03220338983050852,-0.12033898305084745,-0.12182741116751272,0,0,統振,2024-01-02,20,27.6,S2,radar_model,6170,2024-01-02
early_watch,0.6727941176470589,-0.0625,1.011029411764706,-0.0625,-0.2870201096892139,0,0,永捷,2024-01-02,1,1.0,S2,random_top_n,4714,2024-01-02
early_watch,0.5885167027460769,-0.03827753583214455,0.9074959652123951,-0.03827753583214455,-0.18394649064113766,0,0,第一銅,2024-01-02,2,14.0,S2,random_top_n,2009,2024-01-02
early_watch,0.21791044776119395,-0.040298507462686595,0.31641791044776113,-0.040298507462686595,-0.13718820861678016,0,0,長科*,2024-01-02,3,20.6,S2,random_top_n,6548,2024-01-02
early_watch,-0.040561599625790645,-0.08580343417980729,0.12012487926572124,-0.08580343417980729,-0.1838440670834144,0,0,建碁,2024-01-02,4,5.0,S2,random_top_n,3046,2024-01-02
early_watch,0.026474127557160054,-0.01564380264741272,0.3718411552346572,-0.01564380264741272,-0.2824561403508772,0,0,中裕,2024-01-02,5,16.6,S2,random_top_n,4147,2024-01-02
early_watch,0.47583648051770977,-0.06319698437541099,0.47583648051770977,-0.06319698437541099,-0.15151514762300056,0,0,凌巨,2024-01-02,6,10.0,S2,random_top_n,8105,2024-01-02
early_watch,0.19742489270386265,-0.07296137339055786,0.4077253218884118,-0.07296137339055786,-0.19512195121951215,0,0,士開,2024-01-02,7,4.0,S2,random_top_n,5324,2024-01-02
early_watch,0.1433121019108281,-0.22292993630573243,0.2420382165605095,-0.22292993630573243,-0.28116710875331563,0,0,全新,2024-01-02,8,12.0,S2,random_top_n,2455,2024-01-02
early_watch,0.19226118500604583,-0.03143893591293845,0.33494558645707384,-0.03143893591293845,-0.18503937007874016,0,0,中探針,2024-01-02,9,3.0,S2,random_top_n,6217,2024-01-02
early_watch,0.15008158038242425,-0.1647634355599612,0.1696573872858067,-0.1647634355599612,-0.1647634355599612,0,0,嘉晶,2024-01-02,10,14.0,S2,random_top_n,3016,2024-01-02
early_watch,-0.005128192086505057,-0.11452992757161462,0.32136757353432155,-0.11452992757161462,-0.32988360683017326,0,0,榮創,2024-01-02,11,12.0,S2,random_top_n,3437,2024-01-02
early_watch,-0.19160840227887344,-0.25734267868362104,0.04755246889341125,-0.25734267868362104,-0.2910547744678701,0,0,柏騰,2024-01-02,12,14.0,S2,random_top_n,3518,2024-01-02
early_watch,-0.028148170753761526,-0.12888890019169563,0.12888884367766207,-0.12888890019169563,-0.1404199130809679,0,0,耿鼎,2024-01-02,13,6.0,S2,random_top_n,1524,2024-01-02
early_watch,0.49270482603815946,-0.06734006734006737,0.6610549943883279,-0.06734006734006737,-0.14189189189189189,0,0,世德,2024-01-02,14,12.0,S2,random_top_n,2066,2024-01-02
early_watch,-0.01699346405228752,-0.05882352941176472,0.07843137254901955,-0.05882352941176472,-0.12727272727272732,0,0,博晟生醫,2024-01-02,15,17.6,S2,random_top_n,6733,2024-01-02
early_watch,-0.05921052631578949,-0.08552631578947367,-0.003947368421052588,-0.08552631578947367,-0.08552631578947367,0,0,皇田,2024-01-02,16,11.0,S2,random_top_n,9951,2024-01-02
early_watch,-0.13197970968412176,-0.13197970968412176,0.005076064479612397,-0.13197970968412176,-0.1363635838195949,0,0,彰源,2024-01-02,17,22.6,S2,random_top_n,2030,2024-01-02
early_watch,0.300110725915411,-0.1694352538969075,0.607973364272006,-0.1694352538969075,-0.2561983708173933,0,0,矽統,2024-01-02,18,11.0,S2,random_top_n,2363,2024-01-02
early_watch,1.057142857142857,-0.06095238095238098,1.157142857142857,-0.06095238095238098,-0.1132075471698113,0,0,鴻海,2024-01-02,19,22.6,S2,random_top_n,2317,2024-01-02
early_watch,0.2052023121387283,-0.06936416184971095,0.3728323699421965,-0.06936416184971095,-0.16000000000000003,0,0,致和證,2024-01-02,20,20.6,S2,random_top_n,5864,2024-01-02
early_watch,0.2615012106537531,-0.10895883777239712,0.2857142857142858,-0.10895883777239712,-0.1851106639839034,0,0,華電網,2024-01-02,1,7.6,S2,breakout_120d_only,6163,2024-01-02
early_watch,-0.207667731629393,-0.207667731629393,0.0010649627263044081,-0.207667731629393,-0.2085106382978723,0,0,安力-KY,2024-01-02,2,27.6,S2,breakout_120d_only,5223,2024-01-02
early_watch,0.30279327904045905,-0.16424577595801326,0.47709493796918645,-0.16424577595801326,-0.2167538947459915,0,0,藍天,2024-01-02,3,27.6,S2,breakout_120d_only,2362,2024-01-02
early_watch,1.5427350427350426,-0.03632478632478631,1.6495726495726495,-0.03632478632478631,-0.15000000000000002,0,0,旺矽,2024-01-02,4,27.6,S2,breakout_120d_only,6223,2024-01-02
early_watch,-0.14042549944938498,-0.1553191327034159,0.03191489361702127,-0.1553191327034159,-0.18144328323836179,0,0,競國,2024-01-02,5,9.6,S2,breakout_120d_only,6108,2024-01-02
early_watch,0.3877551020408163,0.09977324263038545,1.072562358276644,0.09977324263038545,-0.39059080962800874,0,0,亞矽,2024-01-02,6,29.6,S2,breakout_120d_only,6113,2024-01-02
early_watch,0.08484846172910743,-0.09393940549908264,0.2393939856326941,-0.09393940549908264,-0.1271393782136958,0,0,成霖,2024-01-02,7,25.6,S2,breakout_120d_only,9934,2024-01-02
early_watch,0.5299479166666667,-0.07942708333333326,0.6927083333333335,-0.07942708333333326,-0.20823045267489715,0,0,漢科,2024-01-02,8,27.6,S2,breakout_120d_only,3402,2024-01-02
early_watch,1.9618769653802226,-0.06451609835878513,2.108504537923798,-0.06451609835878513,-0.22968197879858654,1,0,志聖,2024-01-02,9,27.6,S2,breakout_120d_only,2467,2024-01-02
early_watch,0.18506493506493515,-0.13636363636363635,0.2142857142857142,-0.13636363636363635,-0.19373219373219375,0,0,普萊德,2024-01-02,10,16.6,S2,breakout_120d_only,6263,2024-01-02
early_watch,0.1834532374100719,-0.0539568345323741,0.32014388489208634,-0.0539568345323741,-0.2316076294277929,0,0,華興,2024-01-02,11,27.6,S2,breakout_120d_only,6164,2024-01-02
early_watch,0.18574519288403235,-0.1274297582808387,0.20086391771722578,-0.1274297582808387,-0.1494736520867599,0,0,慶豐富,2024-01-02,12,23.6,S2,breakout_120d_only,9935,2024-01-02
early_watch,-0.2168674698795181,-0.33253012048192776,0.024096385542168752,-0.33253012048192776,-0.3482352941176471,0,0,凌陽創新,2024-01-02,13,36.6,S2,breakout_120d_only,5236,2024-01-02
early_watch,0.7003256645507965,-0.1031487947820443,0.7003256645507965,-0.1031487947820443,-0.12314223576833072,0,0,瀚荃,2024-01-02,14,36.6,S2,breakout_120d_only,8103,2024-01-02
early_watch,0.061872909698996725,-0.11204013377926414,0.6521739130434783,-0.11204013377926414,-0.46255060728744934,0,0,訊達,2024-01-02,15,25.6,S2,breakout_120d_only,6140,2024-01-02
early_watch,-0.11636827147377082,-0.3695652025448227,0.21483380699972576,-0.3695652025448227,-0.481052639609889,0,0,芯鼎,2024-01-02,16,34.6,S2,breakout_120d_only,6695,2024-01-02
early_watch,0.6263440526666118,-0.05913980424245602,1.233870880908948,-0.05913980424245602,-0.27316482990443613,0,0,國建,2024-01-02,17,36.6,S2,breakout_120d_only,2501,2024-01-02
early_watch,0.04489164086687314,-0.19814241486068107,0.19195046439628483,-0.19814241486068107,-0.3168831168831169,0,0,旭軟,2024-01-02,18,34.6,S2,breakout_120d_only,3390,2024-01-02
early_watch,0.7800586510263929,-0.008797653958944385,0.8211143695014662,-0.008797653958944385,-0.1493288590604026,0,0,森寶,2024-01-02,19,36.6,S2,breakout_120d_only,3489,2024-01-02
early_watch,0.21543778801843327,-0.024193548387096753,0.4861751152073732,-0.024193548387096753,-0.22480620155038755,0,0,世禾,2024-01-02,20,36.6,S2,breakout_120d_only,3551,2024-01-02
early_watch,-0.016877637130801704,-0.016877637130801704,0.10970464135021096,-0.016877637130801704,-0.11406844106463876,0,0,敦陽科,2024-01-02,1,1.0,S2,volume_expansion_only,2480,2024-01-02
early_watch,-0.15873015873015872,-0.23015873015873012,-0.011904761904761862,-0.23015873015873012,-0.23015873015873012,0,0,亞洲藏壽司,2024-01-02,2,21.6,S2,volume_expansion_only,2754,2024-01-02
early_watch,-0.13090909090909097,-0.19999999999999996,0.00454545454545463,-0.19999999999999996,-0.2036199095022625,0,0,智擎,2024-01-02,3,23.6,S2,volume_expansion_only,4162,2024-01-02
early_watch,0.07382548502765496,-0.14541386776416154,0.10738253143476917,-0.14541386776416154,-0.14541386776416154,0,0,華航,2024-01-02,4,25.6,S2,volume_expansion_only,2610,2024-01-02
early_watch,-0.14446002805049085,-0.20757363253856942,0.04628330995792429,-0.20757363253856942,-0.24262734584450407,0,0,AES-KY,2024-01-02,5,17.0,S2,volume_expansion_only,6781,2024-01-02
early_watch,0.010262257696693089,-0.036488027366020526,0.06271379703534774,-0.036488027366020526,-0.049356223175965774,0,0,太醫,2024-01-02,6,35.2,S2,volume_expansion_only,4126,2024-01-02
early_watch,0.01684210526315799,-0.037894736842105314,0.021052631578947434,-0.037894736842105314,-0.053608247422680444,0,0,瓦城,2024-01-02,7,10.6,S2,volume_expansion_only,2729,2024-01-02
early_watch,-0.11646586345381527,-0.12851405622489964,0.15261044176706817,-0.12851405622489964,-0.24390243902439024,0,0,六角,2024-01-02,8,33.2,S2,volume_expansion_only,2732,2024-01-02
early_watch,0.8502202643171808,0.007342143906020615,1.0778267254038183,0.007342143906020615,-0.1310679611650486,0,0,鈦昇,2024-01-02,9,23.6,S2,volume_expansion_only,8027,2024-01-02
early_watch,0.42028985507246386,-0.0734299369480299,0.7004830917874396,-0.0734299369480299,-0.19402985074626866,0,0,達興材料,2024-01-02,10,23.6,S2,volume_expansion_only,5234,2024-01-02
early_watch,-0.24242424242424243,-0.2550505050505051,0.03535353535353525,-0.2550505050505051,-0.2804878048780488,0,0,麗豐-KY,2024-01-02,11,25.6,S2,volume_expansion_only,4137,2024-01-02
early_watch,-0.034071549812699664,-0.03918226928733981,0.0017035514961054599,-0.03918226928733981,-0.04081628813472782,0,0,正隆,2024-01-02,12,17.0,S2,volume_expansion_only,1904,2024-01-02
early_watch,-0.10917432986830045,-0.14678900071481127,0.12844035637698803,-0.14678900071481127,-0.24390244068854527,0,0,必應,2024-01-02,13,25.6,S2,volume_expansion_only,6625,2024-01-02
early_watch,-0.0693877862424267,-0.08979594950773273,0.1428571428571428,-0.08979594950773273,-0.20357145581926617,0,0,皇鼎,2024-01-02,14,14.6,S2,volume_expansion_only,5533,2024-01-02
early_watch,0.0928962204269752,-0.06284151182920994,0.19672134052219659,-0.06284151182920994,-0.135844768643397,0,0,三陽工業,2024-01-02,15,23.6,S2,volume_expansion_only,2206,2024-01-02
early_watch,0.3863404689092762,-0.10397553516819569,0.5290519877675841,-0.10397553516819569,-0.21463414634146338,0,0,聯發科,2024-01-02,16,27.6,S2,volume_expansion_only,2454,2024-01-02
early_watch,-0.2168674698795181,-0.33253012048192776,0.024096385542168752,-0.33253012048192776,-0.3482352941176471,0,0,凌陽創新,2024-01-02,17,36.6,S2,volume_expansion_only,5236,2024-01-02
early_watch,-0.012836970474967901,-0.051347881899871606,0.09499358151476245,-0.051347881899871606,-0.09847596717467755,0,0,晶采,2024-01-02,18,22.6,S2,volume_expansion_only,8049,2024-01-02
early_watch,-0.13921568627450975,-0.14509803921568631,0.0235294117647058,-0.14509803921568631,-0.16475095785440608,0,0,王品,2024-01-02,19,10.6,S2,volume_expansion_only,2727,2024-01-02
early_watch,0.13127004751720595,-0.0021344392183135774,0.40875137992708677,-0.0021344392183135774,-0.19696969696969702,0,0,緯創,2024-01-02,20,22.6,S2,volume_expansion_only,3231,2024-01-02
early_watch,0.7800586510263929,-0.008797653958944385,0.8211143695014662,-0.008797653958944385,-0.1493288590604026,0,0,森寶,2024-01-02,1,36.6,S2,ma_alignment_only,3489,2024-01-02
early_watch,0.21543778801843327,-0.024193548387096753,0.4861751152073732,-0.024193548387096753,-0.22480620155038755,0,0,世禾,2024-01-02,2,36.6,S2,ma_alignment_only,3551,2024-01-02
early_watch,0.6263440526666118,-0.05913980424245602,1.233870880908948,-0.05913980424245602,-0.27316482990443613,0,0,國建,2024-01-02,3,36.6,S2,ma_alignment_only,2501,2024-01-02
early_watch,0.7003256645507965,-0.1031487947820443,0.7003256645507965,-0.1031487947820443,-0.12314223576833072,0,0,瀚荃,2024-01-02,4,36.6,S2,ma_alignment_only,8103,2024-01-02
early_watch,-0.2168674698795181,-0.33253012048192776,0.024096385542168752,-0.33253012048192776,-0.3482352941176471,0,0,凌陽創新,2024-01-02,5,36.6,S2,ma_alignment_only,5236,2024-01-02
early_watch,0.010262257696693089,-0.036488027366020526,0.06271379703534774,-0.036488027366020526,-0.049356223175965774,0,0,太醫,2024-01-02,6,35.2,S2,ma_alignment_only,4126,2024-01-02
early_watch,0.04489164086687314,-0.19814241486068107,0.19195046439628483,-0.19814241486068107,-0.3168831168831169,0,0,旭軟,2024-01-02,7,34.6,S2,ma_alignment_only,3390,2024-01-02
early_watch,-0.11636827147377082,-0.3695652025448227,0.21483380699972576,-0.3695652025448227,-0.481052639609889,0,0,芯鼎,2024-01-02,8,34.6,S2,ma_alignment_only,6695,2024-01-02
early_watch,0.3453237410071943,-0.03597122302158273,0.579136690647482,-0.03597122302158273,-0.18906605922551256,0,0,瑞儀,2024-01-02,9,32.6,S2,ma_alignment_only,6176,2024-01-02
early_watch,0.3877551020408163,0.09977324263038545,1.072562358276644,0.09977324263038545,-0.39059080962800874,0,0,亞矽,2024-01-02,10,29.6,S2,ma_alignment_only,6113,2024-01-02
early_watch,0.2162161771831428,-0.0702702936901144,0.2432432354366285,-0.0702702936901144,-0.0797101988015404,0,0,元大金,2024-01-02,11,29.6,S2,ma_alignment_only,2885,2024-01-02
early_watch,0.1544402484726144,-0.059845530844894634,0.1544402484726144,-0.059845530844894634,-0.059845530844894634,0,0,玉山金,2024-01-02,12,28.2,S2,ma_alignment_only,2884,2024-01-02
early_watch,0.5299479166666667,-0.07942708333333326,0.6927083333333335,-0.07942708333333326,-0.20823045267489715,0,0,漢科,2024-01-02,13,27.6,S2,ma_alignment_only,3402,2024-01-02
early_watch,0.5981012658227847,-0.05063291139240511,1.0537974683544307,-0.05063291139240511,-0.2781201848998459,0,0,聯上,2024-01-02,14,27.6,S2,ma_alignment_only,4113,2024-01-02
early_watch,0.31670822942643384,-0.0511221945137158,0.4463840399002492,-0.0511221945137158,-0.10689655172413803,0,0,龍巖,2024-01-02,15,27.6,S2,ma_alignment_only,5530,2024-01-02
early_watch,0.008474576271186418,-0.12033898305084745,0.03220338983050852,-0.12033898305084745,-0.12182741116751272,0,0,統振,2024-01-02,16,27.6,S2,ma_alignment_only,6170,2024-01-02
early_watch,1.5427350427350426,-0.03632478632478631,1.6495726495726495,-0.03632478632478631,-0.15000000000000002,0,0,旺矽,2024-01-02,17,27.6,S2,ma_alignment_only,6223,2024-01-02
early_watch,0.7621145374449338,-0.10132158590308371,1.0088105726872247,-0.10132158590308371,-0.18911917098445596,0,0,信紘科,2024-01-02,18,27.6,S2,ma_alignment_only,6667,2024-01-02
early_watch,-0.004566210045662156,-0.08675799086757996,0.041095890410958846,-0.08675799086757996,-0.1228070175438597,0,0,華研,2024-01-02,19,27.6,S2,ma_alignment_only,8446,2024-01-02
early_watch,-0.04177541791104977,-0.09399474010008846,0.29242822417870706,-0.09399474010008846,-0.29898988357698075,0,0,大魯閣,2024-01-02,20,27.6,S2,ma_alignment_only,1432,2024-01-02
early_watch,0.5674074074074074,0.026666666666666616,0.9229629629629632,0.026666666666666616,-0.33667180277349784,0,0,聯上,2024-02-01,1,36.6,S2,radar_model,4113,2024-02-01
early_watch,-0.06345733041575508,-0.1356673960612692,0.1794310722100656,-0.1356673960612692,-0.26716141001855287,0,0,立碁,2024-02-01,2,36.6,S2,radar_model,8111,2024-02-01
early_watch,1.0978383469333002,-0.040955613329098806,1.1615471752188937,-0.040955613329098806,-0.23894733629728615,0,0,三地開發,2024-02-01,3,36.6,S2,radar_model,1438,2024-02-01
early_watch,0.33088227314978447,-0.04963236646287206,0.41176463733672763,-0.04963236646287206,-0.1705728548688702,0,0,新美齊,2024-02-01,4,36.6,S2,radar_model,2442,2024-02-01
early_watch,0.6733333587646484,-0.023333358764648482,0.7533332824707031,-0.023333358764648482,-0.15157482044452486,0,0,國產,2024-02-01,5,36.6,S2,radar_model,2504,2024-02-01
early_watch,0.11728396999795443,-0.013374438921592846,0.26954738066080286,-0.013374438921592846,-0.18152351093108599,0,0,達欣工,2024-02-01,6,36.6,S2,radar_model,2535,2024-02-01
early_watch,1.1619718309859155,-0.028169014084507005,1.6690140845070425,-0.028169014084507005,-0.3562005277044855,0,0,德律,2024-02-01,7,36.6,S2,radar_model,3030,2024-02-01
early_watch,1.6147541079717245,-0.18032785603770052,2.336065688462581,-0.18032785603770052,-0.2506142646618168,1,0,晶彩科,2024-02-01,8,36.6,S2,radar_model,3535,2024-02-01
early_watch,0.40469973890339417,-0.0026109660574412663,0.5404699738903394,-0.0026109660574412663,-0.18983050847457628,0,0,崇越,2024-02-01,9,36.6,S2,radar_model,5434,2024-02-01
early_watch,-0.32602118003025715,-0.41452344931921326,0.47655068078668683,-0.41452344931921326,-0.603483606557377,0,0,福華,2024-02-01,10,33.6,S2,radar_model,8085,2024-02-01
early_watch,0.298360655737705,0.04480874316939887,0.7726775956284153,0.04480874316939887,-0.35141800246609123,0,0,奇鋐,2024-02-01,11,33.6,S2,radar_model,3017,2024-02-01
early_watch,-0.3557522123893806,-0.4371681415929204,0.09734513274336276,-0.4371681415929204,-0.48709677419354835,0,0,安格,2024-02-01,12,31.6,S2,radar_model,6684,2024-02-01
early_watch,0.6955445544554455,-0.01980198019801971,1.0346534653465347,-0.01980198019801971,-0.25425790754257915,0,0,森寶,2024-02-01,13,29.6,S2,radar_model,3489,2024-02-01
early_watch,0.5541516245487363,-0.027075812274368283,1.3321299638989168,-0.027075812274368283,-0.3653250773993808,0,0,信立,2024-02-01,14,29.6,S2,radar_model,4303,2024-02-01
early_watch,0.049335833709313937,-0.017077827568302784,0.25996206004941436,-0.017077827568302784,-0.16716870532739692,0,0,南僑,2024-02-01,15,29.6,S2,radar_model,1702,2024-02-01
early_watch,0.20418849770895142,-0.017452007213173193,0.4258289360569518,-0.017452007213173193,-0.21052628630009085,0,0,中信金,2024-02-01,16,29.6,S2,radar_model,2891,2024-02-01
early_watch,-0.2995984180864081,-0.3638554461988579,0.09638554216867479,-0.3638554461988579,-0.4197802421374198,0,0,晶相光,2024-02-01,17,29.6,S2,radar_model,3530,2024-02-01
early_watch,-0.4002525252525253,-0.5,0.11868686868686873,-0.5,-0.5530474040632054,0,0,世芯-KY,2024-02-01,18,29.6,S2,radar_model,3661,2024-02-01
early_watch,0.2595744680851064,-0.012765957446808529,0.3361702127659574,-0.012765957446808529,-0.25159235668789814,0,0,宜特,2024-02-01,19,27.6,S2,radar_model,3289,2024-02-01
early_watch,0.5523932729624839,0.09961190168175937,1.4708926261319535,0.09961190168175937,-0.46596858638743455,0,0,雙鴻,2024-02-01,20,27.6,S2,radar_model,3324,2024-02-01
early_watch,0.003896103896103842,-0.14675324675324675,0.2142857142857142,-0.14675324675324675,-0.2973262032085561,0,0,類比科,2024-02-01,1,11.6,S2,random_top_n,3438,2024-02-01
early_watch,-0.22091194968553463,-0.2822327044025157,0.17295597484276737,-0.2822327044025157,-0.38806970509383376,0,0,AES-KY,2024-02-01,2,3.0,S2,random_top_n,6781,2024-02-01
early_watch,0.029490678587613006,-0.10455758152688321,0.08042895606869771,-0.10455758152688321,-0.1712158273401725,0,0,鼎元,2024-02-01,3,14.0,S2,random_top_n,2426,2024-02-01
early_watch,0.1568836712913555,-0.04909284951974391,0.5624332977588047,-0.04909284951974391,-0.3907103825136612,0,0,萬在,2024-02-01,4,10.0,S2,random_top_n,4543,2024-02-01
early_watch,-0.03806229743907752,-0.11072660546123414,0.029411778293751967,-0.11072660546123414,-0.11835330705794256,0,0,旺宏,2024-02-01,5,16.0,S2,random_top_n,2337,2024-02-01
early_watch,-0.1950819922275231,-0.26639344262295084,0.06557377049180335,-0.26639344262295084,-0.31153846153846154,0,0,伊雲谷,2024-02-01,6,21.6,S2,random_top_n,6689,2024-02-01
early_watch,-0.06798025677987296,-0.11724134237510575,0.02463054279761634,-0.11724134237510575,-0.1384615031925166,0,0,力麗,2024-02-01,7,16.6,S2,random_top_n,1444,2024-02-01
early_watch,-0.21948212083847096,-0.31442663378545,0.03082614056720101,-0.31442663378545,-0.33492822966507174,0,0,台半,2024-02-01,8,11.0,S2,random_top_n,5425,2024-02-01
early_watch,0.9035087719298245,-0.03508771929824561,1.8947368421052633,-0.03508771929824561,-0.4606060606060606,0,0,雲豹能源,2024-02-01,9,9.6,S2,random_top_n,6869,2024-02-01
early_watch,-0.09583333333333333,-0.14583333333333337,0.05208333333333326,-0.14583333333333337,-0.18811881188118806,0,0,91APP*-KY,2024-02-01,10,14.0,S2,random_top_n,6741,2024-02-01
early_watch,-0.2597656250000001,-0.3125,0.232421875,-0.3125,-0.4421553090332805,0,0,律勝,2024-02-01,11,14.6,S2,random_top_n,3354,2024-02-01
early_watch,-0.08759954493742894,-0.27189988623435724,0.26507394766780434,-0.27189988623435724,-0.4244604316546763,0,0,廣寰科,2024-02-01,12,6.6,S2,random_top_n,3287,2024-02-01
early_watch,-0.060674174448077545,-0.1370786173959796,0.3235955399073911,-0.1370786173959796,-0.3480475291837286,0,0,全友,2024-02-01,13,9.0,S2,random_top_n,2305,2024-02-01
early_watch,0.42272727272727284,0.09999999999999987,1.2022727272727276,0.09999999999999987,-0.4747162022703819,0,0,易發,2024-02-01,14,0.0,S2,random_top_n,6425,2024-02-01
early_watch,-0.22178988326848248,-0.31647211413748366,0.10894941634241251,-0.31647211413748366,-0.383625730994152,0,0,振發,2024-02-01,15,0.0,S2,random_top_n,5426,2024-02-01
early_watch,0.5813953488372092,-0.019933554817275767,0.8205980066445182,-0.019933554817275767,-0.15875912408759119,0,0,帝寶,2024-02-01,16,11.6,S2,random_top_n,6605,2024-02-01
early_watch,-0.15637860082304522,-0.22962962962962963,0.17695473251028804,-0.22962962962962963,-0.34545454545454546,0,0,台星科,2024-02-01,17,9.6,S2,random_top_n,3265,2024-02-01
early_watch,-0.20039293629006083,-0.21218080015708463,0.033398760260898275,-0.21218080015708463,-0.23764259244512964,0,0,弘凱,2024-02-01,18,22.6,S2,random_top_n,5244,2024-02-01
early_watch,0.5523932729624839,0.09961190168175937,1.4708926261319535,0.09961190168175937,-0.46596858638743455,0,0,雙鴻,2024-02-01,19,27.6,S2,random_top_n,3324,2024-02-01
early_watch,1.2896080730714727,-0.030546415139482863,1.4906469297678817,-0.030546415139482863,-0.24887898708686518,0,0,愛山林,2024-02-01,20,22.6,S2,random_top_n,2540,2024-02-01
early_watch,-0.045741324921135584,-0.1514195583596215,0.8454258675078865,-0.1514195583596215,-0.5401709401709403,0,0,英濟,2024-02-01,1,16.6,S2,breakout_120d_only,3294,2024-02-01
early_watch,-0.13607594936708867,-0.32278481012658233,-0.006329113924050778,-0.32278481012658233,-0.32278481012658233,0,0,方土昶,2024-02-01,2,11.6,S2,breakout_120d_only,6265,2024-02-01
early_watch,0.4448979591836735,0.09795918367346945,0.8693877551020408,0.09795918367346945,-0.36244541484716153,0,0,南俊國際,2024-02-01,3,24.6,S2,breakout_120d_only,6584,2024-02-01
early_watch,0.1352201257861636,-0.06603773584905659,0.449685534591195,-0.06603773584905659,-0.34056399132321036,0,0,鼎基,2024-02-01,4,27.6,S2,breakout_120d_only,6585,2024-02-01
early_watch,-0.27806566259972076,-0.31260797602446355,0.012089756991272571,-0.31260797602446355,-0.32081910796231494,0,0,州巧,2024-02-01,5,27.6,S2,breakout_120d_only,3543,2024-02-01
early_watch,3.3086815310926845,-0.004287261659112751,4.819935500953552,-0.004287261659112751,-0.3692449355432781,1,1,光聖,2024-02-01,6,26.6,S2,breakout_120d_only,6442,2024-02-01
early_watch,0.2595744680851064,-0.012765957446808529,0.3361702127659574,-0.012765957446808529,-0.25159235668789814,0,0,宜特,2024-02-01,7,27.6,S2,breakout_120d_only,3289,2024-02-01
early_watch,-0.20833333333333337,-0.2870370370370371,0.02314814814814814,-0.2870370370370371,-0.30316742081447967,0,0,研通,2024-02-01,8,5.6,S2,breakout_120d_only,6229,2024-02-01
early_watch,2.043137195063572,0.011764675963158666,3.235294117647059,0.011764675963158666,-0.355555569684064,1,0,弘憶股,2024-02-01,9,14.6,S2,breakout_120d_only,3312,2024-02-01
early_watch,0.5541516245487363,-0.027075812274368283,1.3321299638989168,-0.027075812274368283,-0.3653250773993808,0,0,信立,2024-02-01,10,29.6,S2,breakout_120d_only,4303,2024-02-01
early_watch,0.37614678899082565,-0.07033639143730885,0.6483180428134556,-0.07033639143730885,-0.3214285714285714,0,0,新日興,2024-02-01,11,26.6,S2,breakout_120d_only,3376,2024-02-01
early_watch,-0.2995984180864081,-0.3638554461988579,0.09638554216867479,-0.3638554461988579,-0.4197802421374198,0,0,晶相光,2024-02-01,12,29.6,S2,breakout_120d_only,3530,2024-02-01
early_watch,1.6147541079717245,-0.18032785603770052,2.336065688462581,-0.18032785603770052,-0.2506142646618168,1,0,晶彩科,2024-02-01,13,36.6,S2,breakout_120d_only,3535,2024-02-01
early_watch,-0.1914285714285714,-0.2828571428571428,0.05714285714285716,-0.2828571428571428,-0.32162162162162156,0,0,亞通,2024-02-01,14,23.6,S2,breakout_120d_only,6179,2024-02-01
early_watch,-0.06345733041575508,-0.1356673960612692,0.1794310722100656,-0.1356673960612692,-0.26716141001855287,0,0,立碁,2024-02-01,15,36.6,S2,breakout_120d_only,8111,2024-02-01
early_watch,0.33088227314978447,-0.04963236646287206,0.41176463733672763,-0.04963236646287206,-0.1705728548688702,0,0,新美齊,2024-02-01,16,36.6,S2,breakout_120d_only,2442,2024-02-01
early_watch,-0.32602118003025715,-0.41452344931921326,0.47655068078668683,-0.41452344931921326,-0.603483606557377,0,0,福華,2024-02-01,17,33.6,S2,breakout_120d_only,8085,2024-02-01
early_watch,0.6906474820143884,-0.11366906474820138,0.8417266187050361,-0.11366906474820138,-0.34468085106382973,0,0,康全電訊,2024-02-01,18,9.6,S2,breakout_120d_only,8089,2024-02-01
early_watch,0.298360655737705,0.04480874316939887,0.7726775956284153,0.04480874316939887,-0.35141800246609123,0,0,奇鋐,2024-02-01,19,33.6,S2,breakout_120d_only,3017,2024-02-01
early_watch,-0.02452316076294281,-0.19618528610354224,1.2724795640326976,-0.19618528610354224,-0.6462829736211031,0,0,世紀*,2024-02-01,20,0.0,S2,breakout_120d_only,5314,2024-02-01
early_watch,-0.29014600155940373,-0.35036494124836837,0.1770073648164492,-0.35036494124836837,-0.44806202733239464,0,0,揚智,2024-02-01,1,1.0,S2,volume_expansion_only,3041,2024-02-01
early_watch,0.22416812609457093,0.09982486865148843,0.8879159369527145,0.09982486865148843,-0.4044526901669758,0,0,光環,2024-02-01,2,23.6,S2,volume_expansion_only,3234,2024-02-01
early_watch,-0.030405405405405483,-0.06756756756756754,0.3513513513513513,-0.06756756756756754,-0.2991666666666667,0,0,長佳智能,2024-02-01,3,12.0,S2,volume_expansion_only,6841,2024-02-01
early_watch,0.3939790297507435,0.0026177610503639315,0.5445025869538753,0.0026177610503639315,-0.2618644197108382,0,0,信錦,2024-02-01,4,6.6,S2,volume_expansion_only,1582,2024-02-01
early_watch,0.006027374242380645,-0.040000044773049415,0.08980209522068772,-0.040000044773049415,-0.11910615749683595,0,0,聯華,2024-02-01,5,22.6,S2,volume_expansion_only,1229,2024-02-01
early_watch,0.14820846905537466,-0.10749185667752448,0.2491856677524431,-0.10749185667752448,-0.213820078226858,0,0,友輝,2024-02-01,6,12.6,S2,volume_expansion_only,4933,2024-02-01
early_watch,0.24193548387096775,0.006451612903225712,0.6129032258064515,0.006451612903225712,-0.3393333333333334,0,0,聯發科,2024-02-01,7,24.6,S2,volume_expansion_only,2454,2024-02-01
early_watch,0.15909090909090917,-0.0015151515151514694,0.3363636363636364,-0.0015151515151514694,-0.21655328798185947,0,0,長科*,2024-02-01,8,17.0,S2,volume_expansion_only,6548,2024-02-01
early_watch,-0.09860935524652337,-0.20859671302149174,0.08723135271807836,-0.20859671302149174,-0.27209302325581397,0,0,美琪瑪,2024-02-01,9,14.0,S2,volume_expansion_only,4721,2024-02-01
early_watch,0.31058488126091155,-0.026462415670223116,0.5264623094112508,-0.026462415670223116,-0.2472627632428296,0,0,長華*,2024-02-01,10,14.6,S2,volume_expansion_only,8070,2024-02-01
early_watch,-0.05391527599486523,-0.15661103979460844,0.42747111681643135,-0.15661103979460844,-0.4091726618705036,0,0,新普,2024-02-01,11,16.0,S2,volume_expansion_only,6121,2024-02-01
early_watch,-0.2791931663948324,-0.33014861445493315,0.06369426957940005,-0.33014861445493315,-0.37025947708646056,0,0,合勤控,2024-02-01,12,14.0,S2,volume_expansion_only,3704,2024-02-01
early_watch,0.5408805401131622,-0.04402514629304388,1.018867876997363,-0.04402514629304388,-0.35280371943696487,0,0,合機,2024-02-01,13,24.6,S2,volume_expansion_only,1618,2024-02-01
early_watch,0.04952074360517167,-0.03514372207455674,0.28115014222239876,-0.03514372207455674,-0.24688274533403531,0,0,威健,2024-02-01,14,14.6,S2,volume_expansion_only,3033,2024-02-01
early_watch,-0.17200000000000004,-0.23920000000000008,0.04400000000000004,-0.23920000000000008,-0.271264367816092,0,0,杰力,2024-02-01,15,21.6,S2,volume_expansion_only,5299,2024-02-01
early_watch,0.33088227314978447,-0.04963236646287206,0.41176463733672763,-0.04963236646287206,-0.1705728548688702,0,0,新美齊,2024-02-01,16,36.6,S2,volume_expansion_only,2442,2024-02-01
early_watch,0.4088050314465408,0.09643605870020955,1.142557651991614,0.09643605870020955,-0.44814090019569475,0,0,高力,2024-02-01,17,25.6,S2,volume_expansion_only,8996,2024-02-01
early_watch,-0.12436551614497937,-0.1751269354988937,0.012690354838478468,-0.1751269354988937,-0.18546369029783893,0,0,友訊,2024-02-01,18,25.6,S2,volume_expansion_only,2332,2024-02-01
early_watch,0.8095238095238095,-0.11904761904761907,0.9841269841269842,-0.11904761904761907,-0.238,0,0,精材,2024-02-01,19,9.6,S2,volume_expansion_only,3374,2024-02-01
early_watch,0.6641221374045803,-0.06870229007633588,1.6297709923664123,-0.06870229007633588,-0.40928882438316405,0,0,士電,2024-02-01,20,27.6,S2,volume_expansion_only,1503,2024-02-01
early_watch,0.5674074074074074,0.026666666666666616,0.9229629629629632,0.026666666666666616,-0.33667180277349784,0,0,聯上,2024-02-01,1,36.6,S2,ma_alignment_only,4113,2024-02-01
early_watch,-0.06345733041575508,-0.1356673960612692,0.1794310722100656,-0.1356673960612692,-0.26716141001855287,0,0,立碁,2024-02-01,2,36.6,S2,ma_alignment_only,8111,2024-02-01
early_watch,1.0978383469333002,-0.040955613329098806,1.1615471752188937,-0.040955613329098806,-0.23894733629728615,0,0,三地開發,2024-02-01,3,36.6,S2,ma_alignment_only,1438,2024-02-01
early_watch,0.33088227314978447,-0.04963236646287206,0.41176463733672763,-0.04963236646287206,-0.1705728548688702,0,0,新美齊,2024-02-01,4,36.6,S2,ma_alignment_only,2442,2024-02-01
early_watch,0.6733333587646484,-0.023333358764648482,0.7533332824707031,-0.023333358764648482,-0.15157482044452486,0,0,國產,2024-02-01,5,36.6,S2,ma_alignment_only,2504,2024-02-01
early_watch,0.11728396999795443,-0.013374438921592846,0.26954738066080286,-0.013374438921592846,-0.18152351093108599,0,0,達欣工,2024-02-01,6,36.6,S2,ma_alignment_only,2535,2024-02-01
early_watch,1.1619718309859155,-0.028169014084507005,1.6690140845070425,-0.028169014084507005,-0.3562005277044855,0,0,德律,2024-02-01,7,36.6,S2,ma_alignment_only,3030,2024-02-01
early_watch,1.6147541079717245,-0.18032785603770052,2.336065688462581,-0.18032785603770052,-0.2506142646618168,1,0,晶彩科,2024-02-01,8,36.6,S2,ma_alignment_only,3535,2024-02-01
early_watch,0.40469973890339417,-0.0026109660574412663,0.5404699738903394,-0.0026109660574412663,-0.18983050847457628,0,0,崇越,2024-02-01,9,36.6,S2,ma_alignment_only,5434,2024-02-01
early_watch,-0.32602118003025715,-0.41452344931921326,0.47655068078668683,-0.41452344931921326,-0.603483606557377,0,0,福華,2024-02-01,10,33.6,S2,ma_alignment_only,8085,2024-02-01
early_watch,0.298360655737705,0.04480874316939887,0.7726775956284153,0.04480874316939887,-0.35141800246609123,0,0,奇鋐,2024-02-01,11,33.6,S2,ma_alignment_only,3017,2024-02-01
early_watch,-0.3557522123893806,-0.4371681415929204,0.09734513274336276,-0.4371681415929204,-0.48709677419354835,0,0,安格,2024-02-01,12,31.6,S2,ma_alignment_only,6684,2024-02-01
early_watch,0.6955445544554455,-0.01980198019801971,1.0346534653465347,-0.01980198019801971,-0.25425790754257915,0,0,森寶,2024-02-01,13,29.6,S2,ma_alignment_only,3489,2024-02-01
early_watch,0.5541516245487363,-0.027075812274368283,1.3321299638989168,-0.027075812274368283,-0.3653250773993808,0,0,信立,2024-02-01,14,29.6,S2,ma_alignment_only,4303,2024-02-01
early_watch,0.049335833709313937,-0.017077827568302784,0.25996206004941436,-0.017077827568302784,-0.16716870532739692,0,0,南僑,2024-02-01,15,29.6,S2,ma_alignment_only,1702,2024-02-01
early_watch,0.20418849770895142,-0.017452007213173193,0.4258289360569518,-0.017452007213173193,-0.21052628630009085,0,0,中信金,2024-02-01,16,29.6,S2,ma_alignment_only,2891,2024-02-01
early_watch,-0.2995984180864081,-0.3638554461988579,0.09638554216867479,-0.3638554461988579,-0.4197802421374198,0,0,晶相光,2024-02-01,17,29.6,S2,ma_alignment_only,3530,2024-02-01
early_watch,-0.4002525252525253,-0.5,0.11868686868686873,-0.5,-0.5530474040632054,0,0,世芯-KY,2024-02-01,18,29.6,S2,ma_alignment_only,3661,2024-02-01
early_watch,0.5523932729624839,0.09961190168175937,1.4708926261319535,0.09961190168175937,-0.46596858638743455,0,0,雙鴻,2024-02-01,19,27.6,S2,ma_alignment_only,3324,2024-02-01
early_watch,0.07932692307692313,-0.06971153846153844,0.3701923076923077,-0.06971153846153844,-0.32105263157894737,0,0,先進光,2024-02-01,20,27.6,S2,ma_alignment_only,3362,2024-02-01
early_watch,-0.23662306777645647,-0.23662306777645647,0.1938168846611179,-0.23662306777645647,-0.3605577689243028,0,0,廣穎,2024-03-01,1,36.6,S2,radar_model,4973,2024-03-01
early_watch,-0.3285714285714286,-0.38357142857142856,-0.0128571428571429,-0.38357142857142856,-0.38357142857142856,0,0,宣德,2024-03-01,2,36.6,S2,radar_model,5457,2024-03-01
early_watch,-0.1188118811881188,-0.1188118811881188,0.18151815181518138,-0.1188118811881188,-0.25418994413407814,0,0,康和證,2024-03-01,3,36.6,S2,radar_model,6016,2024-03-01
early_watch,-0.04744525547445244,-0.094890510948905,0.26277372262773735,-0.094890510948905,-0.2832369942196532,0,0,福邦證,2024-03-01,4,36.6,S2,radar_model,6026,2024-03-01
early_watch,0.004884004884004867,-0.0561660561660563,0.22710622710622697,-0.0561660561660563,-0.23084577114427862,0,0,互動,2024-03-01,5,36.6,S2,radar_model,6486,2024-03-01
early_watch,0.24882635649776708,-0.023474136774148113,0.7042253699539365,-0.023474136774148113,-0.41046830438272064,0,0,亞力,2024-03-01,6,36.6,S2,radar_model,1514,2024-03-01
early_watch,-0.07615236343804666,-0.10821646013534458,0.11022043751136201,-0.10821646013534458,-0.19675092465091737,0,0,美吾華,2024-03-01,7,36.6,S2,radar_model,1731,2024-03-01
early_watch,-0.2735191697836641,-0.33101044416233705,0.026132403486500255,-0.33101044416233705,-0.3480475291837286,0,0,全友,2024-03-01,8,36.6,S2,radar_model,2305,2024-03-01
early_watch,-0.1423220994116694,-0.18632955853079403,0.2940074591191246,-0.18632955853079403,-0.37120111964184554,0,0,大同,2024-03-01,9,36.6,S2,radar_model,2371,2024-03-01
early_watch,0.6441176919376148,0.004411809584673687,0.6588235742905562,0.004411809584673687,-0.15157482044452486,0,0,國產,2024-03-01,10,36.6,S2,radar_model,2504,2024-03-01
early_watch,-0.14122137404580148,-0.26717557251908397,0.1870229007633588,-0.26717557251908397,-0.382636655948553,0,0,神基,2024-03-01,11,36.6,S2,radar_model,3005,2024-03-01
early_watch,0.27859238783279316,0.014662757254357617,0.5806452767669266,0.014662757254357617,-0.24489796640546957,0,0,群益證,2024-03-01,12,36.6,S2,radar_model,6005,2024-03-01
early_watch,0.19306930693069302,-0.045544539347733615,0.2821782178217822,-0.045544539347733615,-0.20077220077220082,0,0,巨路,2024-03-01,13,36.6,S2,radar_model,6192,2024-03-01
early_watch,-0.1975,-0.26249999999999996,0.07000000000000006,-0.26249999999999996,-0.3107476635514018,0,0,嘉基,2024-03-01,14,36.6,S2,radar_model,6715,2024-03-01
early_watch,0.25546218487394956,0.001680672268907557,1.0504201680672267,0.001680672268907557,-0.4024590163934426,0,0,大世科,2024-03-01,15,34.6,S2,radar_model,8099,2024-03-01
early_watch,0.6131528103508894,-0.01740815304830834,0.6170212232191838,-0.01740815304830834,-0.22248802408625445,0,0,億光,2024-03-01,16,34.6,S2,radar_model,2393,2024-03-01
early_watch,-0.3888760657156122,-0.44246823956442827,0.0,-0.44246823956442827,-0.44246823956442827,0,0,通嘉,2024-03-01,17,33.6,S2,radar_model,3588,2024-03-01
early_watch,0.24883722704510358,-0.18023255813953487,0.3186046689055686,-0.18023255813953487,-0.25519848035156945,0,0,宏致,2024-03-01,18,33.6,S2,radar_model,3605,2024-03-01
early_watch,-0.29032258064516125,-0.344758064516129,-0.008064516129032251,-0.344758064516129,-0.344758064516129,0,0,立積,2024-03-01,19,33.6,S2,radar_model,4968,2024-03-01
early_watch,-0.03039211470520442,-0.284313734764855,0.029411784941501873,-0.284313734764855,-0.3047619274381873,0,0,材料*-KY,2024-03-01,20,33.2,S2,radar_model,4763,2024-03-01
early_watch,-0.11196911196911197,-0.13899613899613894,0.3262548262548264,-0.13899613899613894,-0.35080058224163024,0,0,元山,2024-03-01,1,29.6,S2,random_top_n,6275,2024-03-01
early_watch,-0.027472528240288452,-0.12179483327886098,0.12271064011320565,-0.12179483327886098,-0.21778138075489561,0,0,裕民,2024-03-01,2,22.6,S2,random_top_n,2606,2024-03-01
early_watch,-0.13522013961791768,-0.4077568228898466,-0.004192888044874943,-0.4077568228898466,-0.4077568228898466,0,0,承啟,2024-03-01,3,25.6,S2,random_top_n,2425,2024-03-01
early_watch,0.16292144102124162,-0.05337072451176694,0.3679776081547086,-0.05337072451176694,-0.17248462821937538,0,0,憶聲,2024-03-01,4,1.0,S2,random_top_n,3024,2024-03-01
early_watch,0.24096385542168686,-0.002409638554216942,0.3614457831325302,-0.002409638554216942,-0.1628318584070797,0,0,順達,2024-03-01,5,13.0,S2,random_top_n,3211,2024-03-01
early_watch,-0.10858143607705784,-0.3239929947460596,0.02977232924693518,-0.3239929947460596,-0.34353741496598644,0,0,力旺,2024-03-01,6,24.6,S2,random_top_n,3529,2024-03-01
early_watch,-0.01908396946564883,-0.30076337042655654,0.07633587786259532,-0.30076337042655654,-0.3503546207509143,0,0,威盛,2024-03-01,7,9.0,S2,random_top_n,2388,2024-03-01
early_watch,-0.024965262974441793,-0.05131757318372521,0.11095700650911167,-0.05131757318372521,-0.14606738041352463,0,0,大成鋼,2024-03-01,8,0.0,S2,random_top_n,2027,2024-03-01
early_watch,-0.15762710571289062,-0.26949155128608315,0.028813572253211017,-0.26949155128608315,-0.2899506106689226,0,0,華經,2024-03-01,9,0.6,S2,random_top_n,2468,2024-03-01
early_watch,0.19913419913419905,-0.038961038961038974,0.2554112554112553,-0.038961038961038974,-0.23448275862068968,0,0,美律,2024-03-01,10,22.6,S2,random_top_n,2439,2024-03-01
early_watch,-0.05956109853718117,-0.1327063464287337,0.027168298708742933,-0.1327063464287337,-0.15564600790197247,0,0,台汽電,2024-03-01,11,25.6,S2,random_top_n,8926,2024-03-01
early_watch,0.6772908366533865,-0.0019920318725099584,1.0717131474103585,-0.0019920318725099584,-0.25769230769230766,0,0,協易機,2024-03-01,12,22.6,S2,random_top_n,4533,2024-03-01
early_watch,-0.05847953085917135,-0.13742691982722322,0.1549707344686333,-0.13742691982722322,-0.25316455696202533,0,0,友達,2024-03-01,13,13.0,S2,random_top_n,2409,2024-03-01
early_watch,-0.016189327551082267,-0.22665011065947038,0.08717309755876479,-0.22665011065947038,-0.2886598361594136,0,0,眾達-KY,2024-03-01,14,25.6,S2,random_top_n,4977,2024-03-01
early_watch,1.8867924528301887,-0.1116352201257862,2.3333333333333335,-0.1116352201257862,-0.2551487414187643,1,0,均華,2024-03-01,15,0.0,S2,random_top_n,6640,2024-03-01
early_watch,0.02528089887640439,-0.1460674157303371,0.2949438202247192,-0.1460674157303371,-0.34056399132321036,0,0,鼎基,2024-03-01,16,26.6,S2,random_top_n,6585,2024-03-01
early_watch,0.07444168875420609,-0.1761786255219533,0.12655092767665144,-0.1761786255219533,-0.2687224747335132,0,0,谷崧,2024-03-01,17,24.6,S2,random_top_n,3607,2024-03-01
early_watch,-0.3827751196172249,-0.4322169180692098,0.0031897439911034997,-0.4322169180692098,-0.434022242221183,0,0,揚智,2024-03-01,18,10.0,S2,random_top_n,3041,2024-03-01
early_watch,0.10576923076923084,-0.3076923076923077,0.32692307692307687,-0.3076923076923077,-0.37681159420289856,0,0,訊芯-KY,2024-03-01,19,24.6,S2,random_top_n,6451,2024-03-01
early_watch,-0.06746034569330528,-0.111111153160242,0.10317453950020505,-0.111111153160242,-0.17343176002880023,0,0,新建,2024-03-01,20,24.6,S2,random_top_n,2516,2024-03-01
early_watch,-0.11463844642923826,-0.21957673007787837,0.2169312005565287,-0.21957673007787837,-0.3586956521739131,0,0,動力-KY,2024-03-01,1,7.6,S2,breakout_120d_only,6591,2024-03-01
early_watch,1.0606060606060606,-0.126060624556108,1.3333333333333335,-0.126060624556108,-0.35844155844155845,0,0,鈺邦,2024-03-01,2,9.6,S2,breakout_120d_only,6449,2024-03-01
early_watch,-0.28353141477597366,-0.35398984293162516,0.07979621097593936,-0.35398984293162516,-0.40172955739074223,0,0,永冠-KY,2024-03-01,3,25.6,S2,breakout_120d_only,1589,2024-03-01
early_watch,-0.13615023474178412,-0.19248826291079824,0.25352112676056326,-0.19248826291079824,-0.35018726591760296,0,0,典範,2024-03-01,4,24.6,S2,breakout_120d_only,3372,2024-03-01
early_watch,-0.07890744525851667,-0.1623672308829548,0.3854324876745918,-0.1623672308829548,-0.3953997927946764,0,0,中宇,2024-03-01,5,27.6,S2,breakout_120d_only,1535,2024-03-01
early_watch,-0.06640625,-0.125,0.02734375,-0.125,-0.14828897338403046,0,0,敦陽科,2024-03-01,6,0.0,S2,breakout_120d_only,2480,2024-03-01
early_watch,0.38767392700941183,-0.01093438692876414,0.49900597709677275,-0.01093438692876414,-0.281167109828245,0,0,奇偶,2024-03-01,7,25.6,S2,breakout_120d_only,3356,2024-03-01
early_watch,0.32591414153727327,-0.13513513185691817,0.7456279870928599,-0.13513513185691817,-0.34881604724276605,0,0,元禎,2024-03-01,8,18.6,S2,breakout_120d_only,1725,2024-03-01
early_watch,1.6368421052631579,-0.1105263157894738,1.9157894736842103,-0.1105263157894738,-0.31666666666666665,0,0,郡都開發,2024-03-01,9,27.6,S2,breakout_120d_only,4402,2024-03-01
early_watch,-0.14552238805970152,-0.14925373134328357,0.06094527363184077,-0.14925373134328357,-0.1981242672919108,0,0,晶采,2024-03-01,10,27.6,S2,breakout_120d_only,8049,2024-03-01
early_watch,-0.158200290275762,-0.20754716981132082,0.0,-0.20754716981132082,-0.20754716981132082,0,0,昇銳,2024-03-01,11,27.6,S2,breakout_120d_only,3128,2024-03-01
early_watch,-0.2746331236897275,-0.3071278825995807,0.04402515723270439,-0.3071278825995807,-0.3363453815261044,0,0,瑞鼎,2024-03-01,12,27.6,S2,breakout_120d_only,3592,2024-03-01
early_watch,-0.17346935824890486,-0.20553934092928916,-0.0058309261629182485,-0.20553934092928916,-0.20553934092928916,0,0,展碁國際,2024-03-01,13,29.6,S2,breakout_120d_only,6776,2024-03-01
early_watch,-0.15008576329331047,-0.23584905660377364,0.25557461406518023,-0.23584905660377364,-0.3907103825136612,0,0,萬在,2024-03-01,14,29.6,S2,breakout_120d_only,4543,2024-03-01
early_watch,0.014309262011481305,-0.05592101319096898,0.06798252935830362,-0.05592101319096898,-0.11601645077819767,0,0,佳醫,2024-03-01,15,27.6,S2,breakout_120d_only,4104,2024-03-01
early_watch,-0.3023255813953488,-0.313953488372093,0.9395348837209303,-0.313953488372093,-0.6462829736211031,0,0,世紀*,2024-03-01,16,0.0,S2,breakout_120d_only,5314,2024-03-01
early_watch,0.19031719532554248,-0.1435726210350584,0.5158597662771285,-0.1435726210350584,-0.31718061674008813,0,0,茂綸,2024-03-01,17,26.6,S2,breakout_120d_only,6227,2024-03-01
early_watch,-0.11872705018359853,-0.13219094247246022,0.1456548347613218,-0.13219094247246022,-0.23076923076923073,0,0,精拓科,2024-03-01,18,29.6,S2,breakout_120d_only,4951,2024-03-01
early_watch,0.48397435897435903,-0.29166666666666663,0.6762820512820513,-0.29166666666666663,-0.3852772466539197,0,0,系微,2024-03-01,19,25.6,S2,breakout_120d_only,6231,2024-03-01
early_watch,-0.26211849192100534,-0.37163375224416517,0.1077199281867145,-0.37163375224416517,-0.4327390599675851,0,0,華擎,2024-03-01,20,29.6,S2,breakout_120d_only,3515,2024-03-01
early_watch,0.3819444444444444,0.03125,0.5243055555555556,0.03125,-0.22095671981776766,0,0,瑞儀,2024-03-01,1,25.6,S2,volume_expansion_only,6176,2024-03-01
early_watch,0.25452349922495854,-0.010856471764936648,0.6043425518934564,-0.010856471764936648,-0.31127820696149555,0,0,創見,2024-03-01,2,23.6,S2,volume_expansion_only,2451,2024-03-01
early_watch,0.6273584320011343,-0.023584904811610685,0.6556602457996497,-0.023584904811610685,-0.30624095531976403,0,0,建漢,2024-03-01,3,17.6,S2,volume_expansion_only,3062,2024-03-01
early_watch,-0.04347826086956508,-0.08902691511387162,0.1925465838509317,-0.08902691511387162,-0.23611111111111116,0,0,榮剛,2024-03-01,4,23.6,S2,volume_expansion_only,5009,2024-03-01
early_watch,0.6131528103508894,-0.01740815304830834,0.6170212232191838,-0.01740815304830834,-0.22248802408625445,0,0,億光,2024-03-01,5,34.6,S2,volume_expansion_only,2393,2024-03-01
early_watch,0.36249559669045994,-0.02486682235227755,0.42806386309510747,-0.02486682235227755,-0.16791041730046974,0,0,國巨*,2024-03-01,6,20.6,S2,volume_expansion_only,2327,2024-03-01
early_watch,-0.0915697674418604,-0.18459302325581395,0.0566860465116279,-0.18459302325581395,-0.22833562585969736,0,0,泰詠,2024-03-01,7,25.6,S2,volume_expansion_only,6266,2024-03-01
early_watch,0.13958811365280366,-0.0034325142780531337,0.249427898280564,-0.0034325142780531337,-0.15476191208247914,0,0,中鼎,2024-03-01,8,23.6,S2,volume_expansion_only,9933,2024-03-01
early_watch,-0.0434782608695653,-0.15527950310559013,0.170807453416149,-0.15527950310559013,-0.2679045092838196,0,0,華容,2024-03-01,9,12.6,S2,volume_expansion_only,5328,2024-03-01
early_watch,-0.30068728522336774,-0.3264604810996563,0.12371134020618557,-0.3264604810996563,-0.40061162079510704,0,0,軒郁,2024-03-01,10,23.6,S2,volume_expansion_only,6703,2024-03-01
early_watch,0.16326530612244894,-0.14693877551020407,0.19183673469387763,-0.14693877551020407,-0.20547945205479456,0,0,臺慶科,2024-03-01,11,27.6,S2,volume_expansion_only,3357,2024-03-01
early_watch,-0.04744525547445244,-0.094890510948905,0.26277372262773735,-0.094890510948905,-0.2832369942196532,0,0,福邦證,2024-03-01,12,36.6,S2,volume_expansion_only,6026,2024-03-01
early_watch,-0.330890052356021,-0.4513089005235602,0.029319371727748678,-0.4513089005235602,-0.46693794506612407,0,0,愛普*,2024-03-01,13,17.0,S2,volume_expansion_only,6531,2024-03-01
early_watch,0.19306930693069302,-0.045544539347733615,0.2821782178217822,-0.045544539347733615,-0.20077220077220082,0,0,巨路,2024-03-01,14,36.6,S2,volume_expansion_only,6192,2024-03-01
early_watch,-0.08803301237964245,-0.18431911966987624,0.1801925722145803,-0.18431911966987624,-0.3088578088578089,0,0,欣銓,2024-03-01,15,3.0,S2,volume_expansion_only,3264,2024-03-01
early_watch,0.44050632911392396,-0.005063291139240533,0.49367088607594933,-0.005063291139240533,-0.18983050847457628,0,0,崇越,2024-03-01,16,14.6,S2,volume_expansion_only,5434,2024-03-01
early_watch,0.06666666666666665,-0.013333333333333308,0.14666666666666672,-0.013333333333333308,-0.11627906976744184,0,0,漢來美食,2024-03-01,17,3.0,S2,volume_expansion_only,1268,2024-03-01
early_watch,-0.1975,-0.26249999999999996,0.07000000000000006,-0.26249999999999996,-0.3107476635514018,0,0,嘉基,2024-03-01,18,36.6,S2,volume_expansion_only,6715,2024-03-01
early_watch,0.3422222222222222,-0.008888888888888835,0.5555555555555556,-0.008888888888888835,-0.27142857142857146,0,0,嘉澤,2024-03-01,19,27.6,S2,volume_expansion_only,3533,2024-03-01
early_watch,0.06958478881946895,-0.057239041093837706,0.26262628424932455,-0.057239041093837706,-0.18222222222222217,0,0,訊連,2024-03-01,20,14.0,S2,volume_expansion_only,5203,2024-03-01
early_watch,-0.23662306777645647,-0.23662306777645647,0.1938168846611179,-0.23662306777645647,-0.3605577689243028,0,0,廣穎,2024-03-01,1,36.6,S2,ma_alignment_only,4973,2024-03-01
early_watch,-0.3285714285714286,-0.38357142857142856,-0.0128571428571429,-0.38357142857142856,-0.38357142857142856,0,0,宣德,2024-03-01,2,36.6,S2,ma_alignment_only,5457,2024-03-01
early_watch,-0.1188118811881188,-0.1188118811881188,0.18151815181518138,-0.1188118811881188,-0.25418994413407814,0,0,康和證,2024-03-01,3,36.6,S2,ma_alignment_only,6016,2024-03-01
early_watch,-0.04744525547445244,-0.094890510948905,0.26277372262773735,-0.094890510948905,-0.2832369942196532,0,0,福邦證,2024-03-01,4,36.6,S2,ma_alignment_only,6026,2024-03-01
early_watch,0.004884004884004867,-0.0561660561660563,0.22710622710622697,-0.0561660561660563,-0.23084577114427862,0,0,互動,2024-03-01,5,36.6,S2,ma_alignment_only,6486,2024-03-01
early_watch,0.24882635649776708,-0.023474136774148113,0.7042253699539365,-0.023474136774148113,-0.41046830438272064,0,0,亞力,2024-03-01,6,36.6,S2,ma_alignment_only,1514,2024-03-01
early_watch,-0.07615236343804666,-0.10821646013534458,0.11022043751136201,-0.10821646013534458,-0.19675092465091737,0,0,美吾華,2024-03-01,7,36.6,S2,ma_alignment_only,1731,2024-03-01
early_watch,-0.2735191697836641,-0.33101044416233705,0.026132403486500255,-0.33101044416233705,-0.3480475291837286,0,0,全友,2024-03-01,8,36.6,S2,ma_alignment_only,2305,2024-03-01
early_watch,-0.1423220994116694,-0.18632955853079403,0.2940074591191246,-0.18632955853079403,-0.37120111964184554,0,0,大同,2024-03-01,9,36.6,S2,ma_alignment_only,2371,2024-03-01
early_watch,0.6441176919376148,0.004411809584673687,0.6588235742905562,0.004411809584673687,-0.15157482044452486,0,0,國產,2024-03-01,10,36.6,S2,ma_alignment_only,2504,2024-03-01
early_watch,-0.14122137404580148,-0.26717557251908397,0.1870229007633588,-0.26717557251908397,-0.382636655948553,0,0,神基,2024-03-01,11,36.6,S2,ma_alignment_only,3005,2024-03-01
early_watch,0.27859238783279316,0.014662757254357617,0.5806452767669266,0.014662757254357617,-0.24489796640546957,0,0,群益證,2024-03-01,12,36.6,S2,ma_alignment_only,6005,2024-03-01
early_watch,0.19306930693069302,-0.045544539347733615,0.2821782178217822,-0.045544539347733615,-0.20077220077220082,0,0,巨路,2024-03-01,13,36.6,S2,ma_alignment_only,6192,2024-03-01
early_watch,-0.1975,-0.26249999999999996,0.07000000000000006,-0.26249999999999996,-0.3107476635514018,0,0,嘉基,2024-03-01,14,36.6,S2,ma_alignment_only,6715,2024-03-01
early_watch,0.6131528103508894,-0.01740815304830834,0.6170212232191838,-0.01740815304830834,-0.22248802408625445,0,0,億光,2024-03-01,15,34.6,S2,ma_alignment_only,2393,2024-03-01
early_watch,-0.3888760657156122,-0.44246823956442827,0.0,-0.44246823956442827,-0.44246823956442827,0,0,通嘉,2024-03-01,16,33.6,S2,ma_alignment_only,3588,2024-03-01
early_watch,0.24883722704510358,-0.18023255813953487,0.3186046689055686,-0.18023255813953487,-0.25519848035156945,0,0,宏致,2024-03-01,17,33.6,S2,ma_alignment_only,3605,2024-03-01
early_watch,-0.29032258064516125,-0.344758064516129,-0.008064516129032251,-0.344758064516129,-0.344758064516129,0,0,立積,2024-03-01,18,33.6,S2,ma_alignment_only,4968,2024-03-01
early_watch,-0.12756264236902048,-0.2517084282460137,0.714123006833713,-0.2517084282460137,-0.5634551495016611,0,0,鈊象,2024-03-01,19,32.6,S2,ma_alignment_only,3293,2024-03-01
early_watch,0.015384576259515281,-0.1256410647661258,0.015384576259515281,-0.1256410647661258,-0.13341804837559812,0,0,東和鋼鐵,2024-03-01,20,32.6,S2,ma_alignment_only,2006,2024-03-01
early_watch,0.239193083573487,-0.12391930835734866,0.3602305475504324,-0.12391930835734866,-0.33333333333333337,0,0,信紘科,2024-04-01,1,36.6,S2,radar_model,6667,2024-04-01
early_watch,-0.08626198083067094,-0.14536741214057514,0.022364217252396124,-0.14536741214057514,-0.1640625,0,0,光隆,2024-04-01,2,36.6,S2,radar_model,8916,2024-04-01
early_watch,0.0589225574089447,-0.19107747470130088,0.22727272143450072,-0.19107747470130088,-0.19243698761242778,0,0,堤維西,2024-04-01,3,36.6,S2,radar_model,1522,2024-04-01
early_watch,-0.08369147120851583,-0.1868520777436683,0.05436160831423864,-0.1868520777436683,-0.22877700037235837,0,0,美亞,2024-04-01,4,36.6,S2,radar_model,2020,2024-04-01
early_watch,0.11707317073170742,-0.15609756097560978,0.20975609756097557,-0.15609756097560978,-0.30241935483870963,0,0,劍麟,2024-04-01,5,36.6,S2,radar_model,2228,2024-04-01
early_watch,-0.04435483870967738,-0.10483870967741937,0.1693548387096775,-0.10483870967741937,-0.23448275862068968,0,0,美律,2024-04-01,6,36.6,S2,radar_model,2439,2024-04-01
early_watch,0.14757963898894078,-0.011806438495586491,0.5749704930689428,-0.011806438495586491,-0.29760122057500826,0,0,冠德,2024-04-01,7,36.6,S2,radar_model,2520,2024-04-01
early_watch,-0.1737142508370536,-0.24914289202008932,0.4445714460100447,-0.24914289202008932,-0.48022154940567074,0,0,宏璟,2024-04-01,8,36.6,S2,radar_model,2527,2024-04-01
early_watch,0.17225952195784933,0.008948494504574578,0.3467561462068469,0.008948494504574578,-0.17940197840843353,0,0,宏盛,2024-04-01,9,36.6,S2,radar_model,2534,2024-04-01
early_watch,0.0672268907563025,0.01680672268907557,0.2983193277310925,0.01680672268907557,-0.21035598705501624,0,0,華立,2024-04-01,10,36.6,S2,radar_model,3010,2024-04-01
early_watch,0.13513509545559588,-0.07927929107292009,0.3585585576767911,-0.07927929107292009,-0.281167109828245,0,0,奇偶,2024-04-01,11,36.6,S2,radar_model,3356,2024-04-01
early_watch,0.23926373380684463,-0.023517412883316657,0.28220856454896626,-0.023517412883316657,-0.1001789290868953,0,0,永信,2024-04-01,12,36.6,S2,radar_model,3705,2024-04-01
early_watch,-0.14522818030141404,-0.18049790836623114,0.15145227230594838,-0.18049790836623114,-0.28828826748276914,0,0,豐藝,2024-04-01,13,36.6,S2,radar_model,6189,2024-04-01
early_watch,0.15670103092783516,-0.008247422680412342,0.3298969072164948,-0.008247422680412342,-0.1953488372093023,0,0,復盛應用,2024-04-01,14,36.6,S2,radar_model,6670,2024-04-01
early_watch,-0.10218978102189791,-0.16058394160583944,0.15571776155717765,-0.16058394160583944,-0.27368421052631575,0,0,致和證,2024-04-01,15,34.6,S2,radar_model,5864,2024-04-01
early_watch,0.8404624277456647,0.09942196531791891,0.9884393063583814,0.09942196531791891,-0.3534883720930232,0,0,雷科,2024-04-01,16,34.6,S2,radar_model,6207,2024-04-01
early_watch,0.11709601664315761,-0.07611241081805242,0.1276346760084759,-0.07611241081805242,-0.12913904133877185,0,0,鑽全,2024-04-01,17,34.6,S2,radar_model,1527,2024-04-01
early_watch,0.5033333813471852,-0.065714276493827,1.1238096205118953,-0.065714276493827,-0.2956054070124653,0,0,愛山林,2024-04-01,18,34.6,S2,radar_model,2540,2024-04-01
early_watch,-0.07407407407407407,-0.2300194931773879,0.42690058479532156,-0.2300194931773879,-0.4603825136612022,0,0,亞翔,2024-04-01,19,33.6,S2,radar_model,6139,2024-04-01
early_watch,0.1986784495806284,-0.059485479840540756,0.29260448351186574,-0.059485479840540756,-0.16791041730046974,0,0,國巨*,2024-04-01,20,33.2,S2,radar_model,2327,2024-04-01
early_watch,0.6818181818181819,-0.01363638675574097,1.1818181818181817,-0.01363638675574097,-0.40833335452609587,0,0,一詮,2024-04-01,1,29.6,S2,random_top_n,2486,2024-04-01
early_watch,-0.3831417624521073,-0.41532567049808433,0.04214559386973171,-0.41532567049808433,-0.4389705882352941,0,0,公準,2024-04-01,2,27.6,S2,random_top_n,3178,2024-04-01
early_watch,0.36235607322838526,0.09908532610292076,1.423780483150225,0.09908532610292076,-0.45094340573425806,0,0,吉茂,2024-04-01,3,29.6,S2,random_top_n,1587,2024-04-01
early_watch,0.017985611510791477,-0.03597122302158273,0.15827338129496393,-0.03597122302158273,-0.12422360248447206,0,0,桂盟,2024-04-01,4,12.0,S2,random_top_n,5306,2024-04-01
early_watch,-0.16282225237449122,-0.18588873812754414,0.024423337856173566,-0.18588873812754414,-0.20529801324503316,0,0,森鉅,2024-04-01,5,4.0,S2,random_top_n,8942,2024-04-01
early_watch,0.9808429118773947,-0.15325670498084287,1.049808429118774,-0.15325670498084287,-0.3852772466539197,0,0,系微,2024-04-01,6,11.0,S2,random_top_n,6231,2024-04-01
early_watch,-0.11672797997620588,-0.1672794491465106,0.07904410140530915,-0.1672794491465106,-0.22827940973961736,0,0,漢翔,2024-04-01,7,25.6,S2,random_top_n,2634,2024-04-01
early_watch,-0.031680440771349905,-0.22314049586776863,0.40771349862258943,-0.22314049586776863,-0.44814090019569475,0,0,高力,2024-04-01,8,9.6,S2,random_top_n,8996,2024-04-01
early_watch,0.04229192830909101,-0.15143249422487126,0.04229192830909101,-0.15143249422487126,-0.17941954803790705,0,0,全科,2024-04-01,9,24.6,S2,random_top_n,3209,2024-04-01
early_watch,0.2570921985815604,-0.03368794326241131,0.7570921985815602,-0.03368794326241131,-0.3158425832492432,0,0,越峰,2024-04-01,10,27.6,S2,random_top_n,8121,2024-04-01
early_watch,-0.0612744413628441,-0.07843137055074001,0.09558829973863592,-0.07843137055074001,-0.1588367366928709,0,0,東森,2024-04-01,11,9.6,S2,random_top_n,2614,2024-04-01
early_watch,-0.11155778894472357,-0.12964824120603025,-0.004020100502512669,-0.12964824120603025,-0.12964824120603025,0,0,博大,2024-04-01,12,15.0,S2,random_top_n,8109,2024-04-01
early_watch,0.2163732164348673,-0.03403760561865421,0.5187792847005659,-0.03403760561865421,-0.2488407944830665,0,0,大亞,2024-04-01,13,22.6,S2,random_top_n,1609,2024-04-01
early_watch,-0.17396313364055305,-0.2430875576036866,0.009216589861751112,-0.2430875576036866,-0.25,0,0,新普,2024-04-01,14,12.0,S2,random_top_n,6121,2024-04-01
early_watch,0.14950980392156876,-0.023284313725490113,0.42156862745098045,-0.023284313725490113,-0.20862068965517244,0,0,龍巖,2024-04-01,15,4.0,S2,random_top_n,5530,2024-04-01
early_watch,-0.11367673179396087,-0.18472468916518647,0.15985790408525746,-0.18472468916518647,-0.2970903522205207,0,0,海德威,2024-04-01,16,9.0,S2,random_top_n,3268,2024-04-01
early_watch,0.07881773399014769,-0.11133007932766315,0.3004926108374384,-0.11133007932766315,-0.3121211890018347,0,0,景碩,2024-04-01,17,20.6,S2,random_top_n,3189,2024-04-01
early_watch,-0.1260162601626017,-0.14735772357723576,0.06707317073170715,-0.14735772357723576,-0.20095238095238088,0,0,盈正,2024-04-01,18,24.6,S2,random_top_n,3628,2024-04-01
early_watch,-0.123404255319149,-0.20425531914893613,0.08226950354609919,-0.20425531914893613,-0.2647444298820445,0,0,光聚晶電,2024-04-01,19,9.0,S2,random_top_n,6111,2024-04-01
early_watch,0.07492356898401553,-0.01223246227970265,0.4067277959251334,-0.01223246227970265,-0.28260869565217395,0,0,泰碩,2024-04-01,20,12.0,S2,random_top_n,3338,2024-04-01
early_watch,-0.2887850609895225,-0.33551403295213933,0.26168224299065423,-0.33551403295213933,-0.4733333446361401,0,0,聯茂,2024-04-01,1,27.6,S2,breakout_120d_only,6213,2024-04-01
early_watch,0.20560747663551404,-0.0878504815502702,0.2757009345794392,-0.0878504815502702,-0.2593984962406015,0,0,科妍,2024-04-01,2,27.6,S2,breakout_120d_only,1786,2024-04-01
early_watch,0.36235607322838526,0.09908532610292076,1.423780483150225,0.09908532610292076,-0.45094340573425806,0,0,吉茂,2024-04-01,3,29.6,S2,breakout_120d_only,1587,2024-04-01
early_watch,-0.12572087658592856,-0.23875432525951557,0.4359861591695502,-0.23875432525951557,-0.4698795180722891,0,0,中光電,2024-04-01,4,25.6,S2,breakout_120d_only,5371,2024-04-01
early_watch,-0.07567568942233249,-0.2306306168839738,0.04684681935353319,-0.2306306168839738,-0.26506020853066126,0,0,圓裕,2024-04-01,5,27.6,S2,breakout_120d_only,6835,2024-04-01
early_watch,-0.20683453237410077,-0.2517985611510791,0.17985611510791344,-0.2517985611510791,-0.36585365853658525,0,0,達邦蛋白,2024-04-01,6,29.6,S2,breakout_120d_only,6578,2024-04-01
early_watch,0.0020812131197960326,-0.2070759817050133,0.10301770742009841,-0.2070759817050133,-0.2811321042618662,0,0,揚博,2024-04-01,7,27.6,S2,breakout_120d_only,2493,2024-04-01
early_watch,-0.17039102246142812,-0.25698321373333666,0.16480451540823382,-0.25698321373333666,-0.3621103142734168,0,0,雷虎,2024-04-01,8,24.6,S2,breakout_120d_only,8033,2024-04-01
early_watch,0.017628180243952407,-0.024038460950644547,0.27724350960453936,-0.024038460950644547,-0.23588451872303262,0,0,宏普,2024-04-01,9,14.6,S2,breakout_120d_only,2536,2024-04-01
early_watch,0.3050192947832393,0.0038610186464320684,1.1351351371254812,0.0038610186464320684,-0.3978300235717942,0,0,聯上發,2024-04-01,10,29.6,S2,breakout_120d_only,2537,2024-04-01
early_watch,0.5033333813471852,-0.065714276493827,1.1238096205118953,-0.065714276493827,-0.2956054070124653,0,0,愛山林,2024-04-01,11,34.6,S2,breakout_120d_only,2540,2024-04-01
early_watch,0.8404624277456647,0.09942196531791891,0.9884393063583814,0.09942196531791891,-0.3534883720930232,0,0,雷科,2024-04-01,12,34.6,S2,breakout_120d_only,6207,2024-04-01
early_watch,-0.10218978102189791,-0.16058394160583944,0.15571776155717765,-0.16058394160583944,-0.27368421052631575,0,0,致和證,2024-04-01,13,34.6,S2,breakout_120d_only,5864,2024-04-01
early_watch,0.11709601664315761,-0.07611241081805242,0.1276346760084759,-0.07611241081805242,-0.12913904133877185,0,0,鑽全,2024-04-01,14,34.6,S2,breakout_120d_only,1527,2024-04-01
early_watch,0.007936507936507908,-0.1507936507936508,0.2738095238095237,-0.1507936507936508,-0.22996515679442509,0,0,東科-KY,2024-04-01,15,24.6,S2,breakout_120d_only,5225,2024-04-01
early_watch,-0.14522818030141404,-0.18049790836623114,0.15145227230594838,-0.18049790836623114,-0.28828826748276914,0,0,豐藝,2024-04-01,16,36.6,S2,breakout_120d_only,6189,2024-04-01
early_watch,0.13513509545559588,-0.07927929107292009,0.3585585576767911,-0.07927929107292009,-0.281167109828245,0,0,奇偶,2024-04-01,17,36.6,S2,breakout_120d_only,3356,2024-04-01
early_watch,0.14757963898894078,-0.011806438495586491,0.5749704930689428,-0.011806438495586491,-0.29760122057500826,0,0,冠德,2024-04-01,18,36.6,S2,breakout_120d_only,2520,2024-04-01
early_watch,-0.09916492693110646,-0.1878914405010439,0.11064718162839249,-0.1878914405010439,-0.26879699248120303,0,0,晶碩,2024-04-01,19,23.6,S2,breakout_120d_only,6491,2024-04-01
early_watch,-0.04435483870967738,-0.10483870967741937,0.1693548387096775,-0.10483870967741937,-0.23448275862068968,0,0,美律,2024-04-01,20,36.6,S2,breakout_120d_only,2439,2024-04-01
early_watch,0.11709601664315761,-0.07611241081805242,0.1276346760084759,-0.07611241081805242,-0.12913904133877185,0,0,鑽全,2024-04-01,1,34.6,S2,volume_expansion_only,1527,2024-04-01
early_watch,0.39761098393283323,-0.06484640505133632,0.42832763016548103,-0.06484640505133632,-0.135403745663092,0,0,橋椿,2024-04-01,2,9.6,S2,volume_expansion_only,2062,2024-04-01
early_watch,0.1986784495806284,-0.059485479840540756,0.29260448351186574,-0.059485479840540756,-0.16791041730046974,0,0,國巨*,2024-04-01,3,33.2,S2,volume_expansion_only,2327,2024-04-01
early_watch,1.5630630437124768,-0.051801868754829616,2.666666609388932,-0.051801868754829616,-0.3071253013681079,1,0,晶彩科,2024-04-01,4,20.6,S2,volume_expansion_only,3535,2024-04-01
early_watch,0.5033333813471852,-0.065714276493827,1.1238096205118953,-0.065714276493827,-0.2956054070124653,0,0,愛山林,2024-04-01,5,34.6,S2,volume_expansion_only,2540,2024-04-01
early_watch,0.8404624277456647,0.09942196531791891,0.9884393063583814,0.09942196531791891,-0.3534883720930232,0,0,雷科,2024-04-01,6,34.6,S2,volume_expansion_only,6207,2024-04-01
early_watch,0.03846156197421835,-0.019230780987109175,0.29166661062811317,-0.019230780987109175,-0.2406947652413487,0,0,南紡,2024-04-01,7,21.6,S2,volume_expansion_only,1440,2024-04-01
early_watch,0.08529411764705874,-0.15000000000000002,0.11176470588235299,-0.15000000000000002,-0.15000000000000002,0,0,胡連,2024-04-01,8,25.6,S2,volume_expansion_only,6279,2024-04-01
early_watch,-0.10218978102189791,-0.16058394160583944,0.15571776155717765,-0.16058394160583944,-0.27368421052631575,0,0,致和證,2024-04-01,9,34.6,S2,volume_expansion_only,5864,2024-04-01
early_watch,0.007936507936507908,-0.1507936507936508,0.2738095238095237,-0.1507936507936508,-0.22996515679442509,0,0,東科-KY,2024-04-01,10,24.6,S2,volume_expansion_only,5225,2024-04-01
early_watch,-0.3831417624521073,-0.41532567049808433,0.04214559386973171,-0.41532567049808433,-0.4389705882352941,0,0,公準,2024-04-01,11,27.6,S2,volume_expansion_only,3178,2024-04-01
early_watch,-0.2551984877126654,-0.3327032136105861,0.00945179584120992,-0.3327032136105861,-0.33895131086142327,0,0,鈺創,2024-04-01,12,25.6,S2,volume_expansion_only,5351,2024-04-01
early_watch,0.1842650448542853,-0.016563131463710468,0.5403727267306424,-0.016563131463710468,-0.3299731525303594,0,0,凌通,2024-04-01,13,14.0,S2,volume_expansion_only,4952,2024-04-01
early_watch,-0.01388887601134181,-0.07118053095024246,0.1927083119474069,-0.07118053095024246,-0.2212517849119221,0,0,士紙,2024-04-01,14,12.6,S2,volume_expansion_only,1903,2024-04-01
early_watch,0.19610567698035575,-0.11404729609064101,0.28094570959044574,-0.11404729609064101,-0.20611556000704356,0,0,毅嘉,2024-04-01,15,23.6,S2,volume_expansion_only,2402,2024-04-01
early_watch,0.12624998092651363,-0.030000019073486373,0.49499998092651376,-0.030000019073486373,-0.35117057304217203,0,0,第一銅,2024-04-01,16,27.6,S2,volume_expansion_only,2009,2024-04-01
early_watch,-0.2299348985894556,-0.3101952214833166,0.0,-0.3101952214833166,-0.3101952214833166,0,0,騰輝電子-KY,2024-04-01,17,14.6,S2,volume_expansion_only,6672,2024-04-01
early_watch,0.9520958083832336,0.0479041916167664,1.305389221556886,0.0479041916167664,-0.35844155844155845,0,0,鈺邦,2024-04-01,18,27.6,S2,volume_expansion_only,6449,2024-04-01
early_watch,-0.05015347031259587,-0.14841351538303071,0.02047082970800429,-0.14841351538303071,-0.16549649453415471,0,0,禾伸堂,2024-04-01,19,23.6,S2,volume_expansion_only,3026,2024-04-01
early_watch,0.13513509545559588,-0.07927929107292009,0.3585585576767911,-0.07927929107292009,-0.281167109828245,0,0,奇偶,2024-04-01,20,36.6,S2,volume_expansion_only,3356,2024-04-01
early_watch,0.239193083573487,-0.12391930835734866,0.3602305475504324,-0.12391930835734866,-0.33333333333333337,0,0,信紘科,2024-04-01,1,36.6,S2,ma_alignment_only,6667,2024-04-01
early_watch,-0.08626198083067094,-0.14536741214057514,0.022364217252396124,-0.14536741214057514,-0.1640625,0,0,光隆,2024-04-01,2,36.6,S2,ma_alignment_only,8916,2024-04-01
early_watch,0.0589225574089447,-0.19107747470130088,0.22727272143450072,-0.19107747470130088,-0.19243698761242778,0,0,堤維西,2024-04-01,3,36.6,S2,ma_alignment_only,1522,2024-04-01
early_watch,-0.08369147120851583,-0.1868520777436683,0.05436160831423864,-0.1868520777436683,-0.22877700037235837,0,0,美亞,2024-04-01,4,36.6,S2,ma_alignment_only,2020,2024-04-01
early_watch,0.11707317073170742,-0.15609756097560978,0.20975609756097557,-0.15609756097560978,-0.30241935483870963,0,0,劍麟,2024-04-01,5,36.6,S2,ma_alignment_only,2228,2024-04-01
early_watch,-0.04435483870967738,-0.10483870967741937,0.1693548387096775,-0.10483870967741937,-0.23448275862068968,0,0,美律,2024-04-01,6,36.6,S2,ma_alignment_only,2439,2024-04-01
early_watch,0.14757963898894078,-0.011806438495586491,0.5749704930689428,-0.011806438495586491,-0.29760122057500826,0,0,冠德,2024-04-01,7,36.6,S2,ma_alignment_only,2520,2024-04-01
early_watch,-0.1737142508370536,-0.24914289202008932,0.4445714460100447,-0.24914289202008932,-0.48022154940567074,0,0,宏璟,2024-04-01,8,36.6,S2,ma_alignment_only,2527,2024-04-01
early_watch,0.17225952195784933,0.008948494504574578,0.3467561462068469,0.008948494504574578,-0.17940197840843353,0,0,宏盛,2024-04-01,9,36.6,S2,ma_alignment_only,2534,2024-04-01
early_watch,0.0672268907563025,0.01680672268907557,0.2983193277310925,0.01680672268907557,-0.21035598705501624,0,0,華立,2024-04-01,10,36.6,S2,ma_alignment_only,3010,2024-04-01
early_watch,0.13513509545559588,-0.07927929107292009,0.3585585576767911,-0.07927929107292009,-0.281167109828245,0,0,奇偶,2024-04-01,11,36.6,S2,ma_alignment_only,3356,2024-04-01
early_watch,0.23926373380684463,-0.023517412883316657,0.28220856454896626,-0.023517412883316657,-0.1001789290868953,0,0,永信,2024-04-01,12,36.6,S2,ma_alignment_only,3705,2024-04-01
early_watch,-0.14522818030141404,-0.18049790836623114,0.15145227230594838,-0.18049790836623114,-0.28828826748276914,0,0,豐藝,2024-04-01,13,36.6,S2,ma_alignment_only,6189,2024-04-01
early_watch,0.15670103092783516,-0.008247422680412342,0.3298969072164948,-0.008247422680412342,-0.1953488372093023,0,0,復盛應用,2024-04-01,14,36.6,S2,ma_alignment_only,6670,2024-04-01
early_watch,-0.10218978102189791,-0.16058394160583944,0.15571776155717765,-0.16058394160583944,-0.27368421052631575,0,0,致和證,2024-04-01,15,34.6,S2,ma_alignment_only,5864,2024-04-01
early_watch,0.8404624277456647,0.09942196531791891,0.9884393063583814,0.09942196531791891,-0.3534883720930232,0,0,雷科,2024-04-01,16,34.6,S2,ma_alignment_only,6207,2024-04-01
early_watch,0.11709601664315761,-0.07611241081805242,0.1276346760084759,-0.07611241081805242,-0.12913904133877185,0,0,鑽全,2024-04-01,17,34.6,S2,ma_alignment_only,1527,2024-04-01
early_watch,0.5033333813471852,-0.065714276493827,1.1238096205118953,-0.065714276493827,-0.2956054070124653,0,0,愛山林,2024-04-01,18,34.6,S2,ma_alignment_only,2540,2024-04-01
early_watch,-0.07407407407407407,-0.2300194931773879,0.42690058479532156,-0.2300194931773879,-0.4603825136612022,0,0,亞翔,2024-04-01,19,33.6,S2,ma_alignment_only,6139,2024-04-01
early_watch,0.1986784495806284,-0.059485479840540756,0.29260448351186574,-0.059485479840540756,-0.16791041730046974,0,0,國巨*,2024-04-01,20,33.2,S2,ma_alignment_only,2327,2024-04-01
early_watch,-0.1562021439509953,-0.16079632465543647,0.6967840735068913,-0.16079632465543647,-0.5054151624548737,0,0,鑫龍騰,2024-05-02,1,36.6,S2,radar_model,3188,2024-05-02
early_watch,-0.20341880341880336,-0.24615384615384617,0.40512820512820524,-0.24615384615384617,-0.46350364963503654,0,0,森寶,2024-05-02,2,36.6,S2,radar_model,3489,2024-05-02
early_watch,-0.33228180862250256,-0.33228180862250256,-0.00525762355415349,-0.33228180862250256,-0.33228180862250256,0,0,皇龍,2024-05-02,3,36.6,S2,radar_model,3512,2024-05-02
early_watch,0.3123287671232877,-0.050684931506849384,0.6575342465753424,-0.050684931506849384,-0.22479338842975205,0,0,亞泰,2024-05-02,4,36.6,S2,radar_model,4974,2024-05-02
early_watch,-0.3457446808510638,-0.36170212765957444,0.1063829787234043,-0.36170212765957444,-0.42307692307692313,0,0,亞昕,2024-05-02,5,36.6,S2,radar_model,5213,2024-05-02
early_watch,0.04682274247491636,-0.0434782608695653,0.29319955406911924,-0.0434782608695653,-0.21293103448275863,0,0,龍巖,2024-05-02,6,36.6,S2,radar_model,5530,2024-05-02
early_watch,-0.32997762863534685,-0.33668903803132,0.37583892617449655,-0.33668903803132,-0.5178861788617886,0,0,新潤,2024-05-02,7,36.6,S2,radar_model,6186,2024-05-02
early_watch,-0.07591623036649231,-0.13089005235602091,0.09947643979057585,-0.13089005235602091,-0.20952380952380945,0,0,久元,2024-05-02,8,36.6,S2,radar_model,6261,2024-05-02
early_watch,-0.11455854121611819,-0.18615758395474657,-0.011933173789771434,-0.18615758395474657,-0.18615758395474657,0,0,信大,2024-05-02,9,36.6,S2,radar_model,1109,2024-05-02
early_watch,0.5007974055678397,-0.07814994364043426,0.5023922775439849,-0.07814994364043426,-0.1487481894233672,0,0,三芳,2024-05-02,10,36.6,S2,radar_model,1307,2024-05-02
early_watch,0.985714322044736,-0.04761904761904767,1.3785714649018788,-0.04761904761904767,-0.20220224493594174,0,0,喬福,2024-05-02,11,36.6,S2,radar_model,1540,2024-05-02
early_watch,-0.07009345919338938,-0.10046727368483632,0.1822429760771238,-0.10046727368483632,-0.2391304118380464,0,0,三洋電,2024-05-02,12,36.6,S2,radar_model,1614,2024-05-02
early_watch,-0.19748853565875424,-0.21004568317789019,-0.023972585738588514,-0.21004568317789019,-0.21004568317789019,0,0,三陽工業,2024-05-02,13,36.6,S2,radar_model,2206,2024-05-02
early_watch,-0.12462462462462465,-0.14714714714714716,-0.006006006006005982,-0.14714714714714716,-0.14714714714714716,0,0,汎德永業,2024-05-02,14,36.6,S2,radar_model,2247,2024-05-02
early_watch,-0.034106410585477476,-0.045020503606632234,0.06684848147993172,-0.045020503606632234,-0.10485930010546518,0,0,敦吉,2024-05-02,15,36.6,S2,radar_model,2459,2024-05-02
early_watch,0.08858267849573265,-0.15157482044452486,0.1181102379943102,-0.15157482044452486,-0.15157482044452486,0,0,國產,2024-05-02,16,36.6,S2,radar_model,2504,2024-05-02
early_watch,-0.11149228276263912,-0.15951971455856662,0.03259007805734404,-0.15951971455856662,-0.17940197840843353,0,0,宏盛,2024-05-02,17,36.6,S2,radar_model,2534,2024-05-02
early_watch,0.016802165047044904,-0.10027097823518039,0.3143632358827815,-0.10027097823518039,-0.2309278939006174,0,0,潤弘,2024-05-02,18,36.6,S2,radar_model,2597,2024-05-02
early_watch,-0.03870970203030499,-0.051612915531281556,0.016129032258064502,-0.051612915531281556,-0.06666667877681676,0,0,華票,2024-05-02,19,36.6,S2,radar_model,2820,2024-05-02
early_watch,-0.039049225063316206,-0.11035652926726569,0.030560337995925613,-0.11035652926726569,-0.1178451223859609,0,0,台產,2024-05-02,20,36.6,S2,radar_model,2832,2024-05-02
early_watch,-0.1127819548872181,-0.16040100250626566,0.39097744360902253,-0.16040100250626566,-0.39639639639639634,0,0,綠意,2024-05-02,1,27.6,S2,random_top_n,2596,2024-05-02
early_watch,-0.022292993630573243,-0.05095541401273884,0.09554140127388533,-0.05095541401273884,-0.13372093023255816,0,0,漢來美食,2024-05-02,2,12.6,S2,random_top_n,1268,2024-05-02
early_watch,0.5228519195612431,-0.027422303473491727,1.6782449725776964,-0.027422303473491727,-0.43139931740614335,0,0,訊聯基因,2024-05-02,3,27.6,S2,random_top_n,4160,2024-05-02
early_watch,-0.3990895295902883,-0.43930197268588767,0.03186646433990892,-0.43930197268588767,-0.45661764705882346,0,0,瑞築,2024-05-02,4,0.0,S2,random_top_n,6198,2024-05-02
early_watch,0.3999999999999999,-0.002962962962963056,0.6518518518518519,-0.002962962962963056,-0.2376681614349776,0,0,青雲,2024-05-02,5,11.0,S2,random_top_n,5386,2024-05-02
early_watch,-0.32997762863534685,-0.33668903803132,0.37583892617449655,-0.33668903803132,-0.5178861788617886,0,0,新潤,2024-05-02,6,36.6,S2,random_top_n,6186,2024-05-02
early_watch,-0.19432625195658804,-0.28936172377133196,0.08226954683344423,-0.28936172377133196,-0.34338143551402023,0,0,裕隆,2024-05-02,7,23.6,S2,random_top_n,2201,2024-05-02
early_watch,0.00877192982456143,-0.23391812865497075,0.00877192982456143,-0.23391812865497075,-0.2383720930232558,0,0,智易,2024-05-02,8,1.0,S2,random_top_n,3596,2024-05-02
early_watch,-0.18836140888208264,-0.36217457886676874,0.23430321592649306,-0.36217457886676874,-0.4832506203473945,0,0,駿吉-KY,2024-05-02,9,19.6,S2,random_top_n,1591,2024-05-02
early_watch,-0.1391509743762116,-0.1391509743762116,0.31132067153784293,-0.1391509743762116,-0.3435251618399081,0,0,國碩,2024-05-02,10,24.6,S2,random_top_n,2406,2024-05-02
early_watch,0.2695449863153181,0.011668660970019173,0.8273046046198069,0.011668660970019173,-0.3103448190183836,0,0,瀚荃,2024-05-02,11,0.0,S2,random_top_n,8103,2024-05-02
early_watch,0.2612035851472472,-0.02688860435339302,0.882202304737516,-0.02688860435339302,-0.4374149659863945,0,0,康全電訊,2024-05-02,12,22.6,S2,random_top_n,8089,2024-05-02
early_watch,0.48469387755102034,-0.0642857454261001,0.8367346938775511,-0.0642857454261001,-0.24444444444444446,0,0,所羅門,2024-05-02,13,8.0,S2,random_top_n,2359,2024-05-02
early_watch,0.006302585322999876,-0.10924363686837713,0.115546222191377,-0.10924363686837713,-0.13203678914461292,0,0,漢平,2024-05-02,14,22.6,S2,random_top_n,2488,2024-05-02
early_watch,0.32320441988950255,0.016574585635358963,0.6160220994475136,0.016574585635358963,-0.31965811965811974,0,0,富喬,2024-05-02,15,12.0,S2,random_top_n,1815,2024-05-02
early_watch,0.06543967280163598,-0.030674846625766916,0.4376278118609407,-0.030674846625766916,-0.27311522048364145,0,0,光明,2024-05-02,16,6.0,S2,random_top_n,4420,2024-05-02
early_watch,0.4482758620689655,-0.14655172413793105,0.4698275862068966,-0.14655172413793105,-0.3172413793103448,0,0,力旺,2024-05-02,17,16.6,S2,random_top_n,3529,2024-05-02
early_watch,0.4436248450706355,-0.1095890554126373,0.4436248450706355,-0.1095890554126373,-0.3059259485315393,0,0,京元電子,2024-05-02,18,13.0,S2,random_top_n,2449,2024-05-02
early_watch,-0.17013888888888895,-0.23611111111111116,-0.01041666666666674,-0.23611111111111116,-0.23611111111111116,0,0,榮剛,2024-05-02,19,34.6,S2,random_top_n,5009,2024-05-02
early_watch,-0.10167130919220058,-0.21866295264623947,0.06267409470752083,-0.21866295264623947,-0.2647444298820445,0,0,光聚晶電,2024-05-02,20,17.6,S2,random_top_n,6111,2024-05-02
early_watch,0.027428588867187464,-0.04799996512276783,0.3805714634486608,-0.04799996512276783,-0.3104304557337867,0,0,宏和,2024-05-02,1,25.6,S2,breakout_120d_only,1446,2024-05-02
early_watch,-0.012903192991851498,-0.09677419354838712,0.10107528522450426,-0.09677419354838712,-0.17968751222360857,0,0,第一保,2024-05-02,2,27.6,S2,breakout_120d_only,2852,2024-05-02
early_watch,0.1053254618447208,-0.04852069200143305,0.2497041239540958,-0.04852069200143305,-0.15151515370448654,0,0,潤泰新,2024-05-02,3,25.6,S2,breakout_120d_only,9945,2024-05-02
early_watch,-0.27459015453693636,-0.27459015453693636,0.060109312968824824,-0.27459015453693636,-0.3157216556926935,0,0,寒舍,2024-05-02,4,22.6,S2,breakout_120d_only,2739,2024-05-02
early_watch,-0.3607784431137725,-0.38323353293413176,0.10179640718562877,-0.38323353293413176,-0.4402173913043478,0,0,尼得科超眾,2024-05-02,5,0.0,S2,breakout_120d_only,6230,2024-05-02
early_watch,-0.04322766475561701,-0.16714700336847654,-0.005763710620809492,-0.16714700336847654,-0.16714700336847654,0,0,台榮,2024-05-02,6,29.6,S2,breakout_120d_only,1220,2024-05-02
early_watch,0.004259850905218299,-0.05111821086261992,0.5122470713525025,-0.05111821086261992,-0.3492957746478873,0,0,世界,2024-05-02,7,27.6,S2,breakout_120d_only,5347,2024-05-02
early_watch,-0.024965262974441793,-0.16227457969283698,0.11234394792710622,-0.16227457969283698,-0.24688274533403531,0,0,威健,2024-05-02,8,27.6,S2,breakout_120d_only,3033,2024-05-02
early_watch,-0.03927038184299492,-0.05150216337167157,0.41416309256348915,-0.05150216337167157,-0.32731415158467014,0,0,興富發,2024-05-02,9,27.6,S2,breakout_120d_only,2542,2024-05-02
early_watch,-0.14,-0.19333333333333336,-0.0033333333333332993,-0.19333333333333336,-0.19333333333333336,0,0,新至陞,2024-05-02,10,29.6,S2,breakout_120d_only,3679,2024-05-02
early_watch,-0.18181818181818177,-0.19955654101995568,0.3680709534368072,-0.19955654101995568,-0.4149108589951378,0,0,永信建,2024-05-02,11,4.6,S2,breakout_120d_only,5508,2024-05-02
early_watch,-0.17972356630233677,-0.21198157694657227,0.02304147384427413,-0.21198157694657227,-0.22972973901801108,0,0,六福,2024-05-02,12,34.6,S2,breakout_120d_only,2705,2024-05-02
early_watch,-0.3182692160973182,-0.32403843219463646,0.16538458604079032,-0.32403843219463646,-0.4199669569151965,0,0,隆大,2024-05-02,13,34.6,S2,breakout_120d_only,5519,2024-05-02
early_watch,-0.27586209416499674,-0.3007662937446931,0.06321837526491869,-0.3007662937446931,-0.3423423423423423,0,0,勤美,2024-05-02,14,31.6,S2,breakout_120d_only,1532,2024-05-02
early_watch,-0.03870970203030499,-0.051612915531281556,0.016129032258064502,-0.051612915531281556,-0.06666667877681676,0,0,華票,2024-05-02,15,36.6,S2,breakout_120d_only,2820,2024-05-02
early_watch,-0.17013888888888895,-0.23611111111111116,-0.01041666666666674,-0.23611111111111116,-0.23611111111111116,0,0,榮剛,2024-05-02,16,34.6,S2,breakout_120d_only,5009,2024-05-02
early_watch,-0.11149228276263912,-0.15951971455856662,0.03259007805734404,-0.15951971455856662,-0.17940197840843353,0,0,宏盛,2024-05-02,17,36.6,S2,breakout_120d_only,2534,2024-05-02
early_watch,-0.2464566929133858,-0.2937007874015748,0.11023622047244097,-0.2937007874015748,-0.3638297872340426,0,0,全心投控,2024-05-02,18,21.6,S2,breakout_120d_only,2718,2024-05-02
early_watch,-0.2535211689214699,-0.2655935726420048,0.12877258778543155,-0.2655935726420048,-0.3493760963855028,0,0,昇陽,2024-05-02,19,36.6,S2,breakout_120d_only,3266,2024-05-02
early_watch,-0.3457446808510638,-0.36170212765957444,0.1063829787234043,-0.36170212765957444,-0.42307692307692313,0,0,亞昕,2024-05-02,20,36.6,S2,breakout_120d_only,5213,2024-05-02
early_watch,-0.0503876156200711,-0.1356589120542756,0.06330751200619256,-0.1356589120542756,-0.18712030321789863,0,0,矽格,2024-05-02,1,12.6,S2,volume_expansion_only,6257,2024-05-02
early_watch,-0.05069708491761726,-0.16730038022813687,0.08238276299112801,-0.16730038022813687,-0.23067915690866514,0,0,類比科,2024-05-02,2,6.6,S2,volume_expansion_only,3438,2024-05-02
early_watch,-0.3182692160973182,-0.32403843219463646,0.16538458604079032,-0.32403843219463646,-0.4199669569151965,0,0,隆大,2024-05-02,3,34.6,S2,volume_expansion_only,5519,2024-05-02
early_watch,-0.02722323049001818,-0.06715063520871145,0.11433756805807627,-0.06715063520871145,-0.1628664495114006,0,0,福興,2024-05-02,4,25.6,S2,volume_expansion_only,9924,2024-05-02
early_watch,-0.17013888888888895,-0.23611111111111116,-0.01041666666666674,-0.23611111111111116,-0.23611111111111116,0,0,榮剛,2024-05-02,5,34.6,S2,volume_expansion_only,5009,2024-05-02
early_watch,-0.27586209416499674,-0.3007662937446931,0.06321837526491869,-0.3007662937446931,-0.3423423423423423,0,0,勤美,2024-05-02,6,31.6,S2,volume_expansion_only,1532,2024-05-02
early_watch,-0.03870970203030499,-0.051612915531281556,0.016129032258064502,-0.051612915531281556,-0.06666667877681676,0,0,華票,2024-05-02,7,36.6,S2,volume_expansion_only,2820,2024-05-02
early_watch,-0.027491408934707917,-0.19587628865979378,0.05154639175257736,-0.19587628865979378,-0.23529411764705888,0,0,智冠,2024-05-02,8,23.6,S2,volume_expansion_only,5478,2024-05-02
early_watch,-0.11149228276263912,-0.15951971455856662,0.03259007805734404,-0.15951971455856662,-0.17940197840843353,0,0,宏盛,2024-05-02,9,36.6,S2,volume_expansion_only,2534,2024-05-02
early_watch,-0.2006335861909727,-0.20591341740652458,0.06652590554148641,-0.20591341740652458,-0.2554455747698793,0,0,台郡,2024-05-02,10,27.6,S2,volume_expansion_only,6269,2024-05-02
early_watch,-0.1562021439509953,-0.16079632465543647,0.6967840735068913,-0.16079632465543647,-0.5054151624548737,0,0,鑫龍騰,2024-05-02,11,36.6,S2,volume_expansion_only,3188,2024-05-02
early_watch,-0.3457446808510638,-0.36170212765957444,0.1063829787234043,-0.36170212765957444,-0.42307692307692313,0,0,亞昕,2024-05-02,12,36.6,S2,volume_expansion_only,5213,2024-05-02
early_watch,-0.10891085262534272,-0.10891085262534272,0.05516268308659211,-0.10891085262534272,-0.15549596127867427,0,0,旺旺保,2024-05-02,13,25.6,S2,volume_expansion_only,2816,2024-05-02
early_watch,-0.02398522543839987,-0.0645756448474667,0.0959409721354667,-0.0645756448474667,-0.14646465554633203,0,0,鎰勝,2024-05-02,14,27.6,S2,volume_expansion_only,6115,2024-05-02
early_watch,-0.24727838258164847,-0.2962674961119751,0.055987558320373276,-0.2962674961119751,-0.333578792341679,0,0,滿心,2024-05-02,15,27.6,S2,volume_expansion_only,2916,2024-05-02
early_watch,-0.2464566929133858,-0.2937007874015748,0.11023622047244097,-0.2937007874015748,-0.3638297872340426,0,0,全心投控,2024-05-02,16,21.6,S2,volume_expansion_only,2718,2024-05-02
early_watch,-0.08531468531468533,-0.12307692307692308,0.06293706293706292,-0.12307692307692308,-0.17500000000000004,0,0,研華,2024-05-02,17,16.0,S2,volume_expansion_only,2395,2024-05-02
early_watch,-0.055555504365306096,-0.055555504365306096,0.3224637877295975,-0.055555504365306096,-0.28584472074194645,0,0,力鵬,2024-05-02,18,25.6,S2,volume_expansion_only,1447,2024-05-02
early_watch,-0.3670076479317218,-0.3823529268290303,0.03580566702081889,-0.3823529268290303,-0.40370371312270925,0,0,國建,2024-05-02,19,0.0,S2,volume_expansion_only,2501,2024-05-02
early_watch,-0.11455854121611819,-0.18615758395474657,-0.011933173789771434,-0.18615758395474657,-0.18615758395474657,0,0,信大,2024-05-02,20,36.6,S2,volume_expansion_only,1109,2024-05-02
early_watch,-0.1562021439509953,-0.16079632465543647,0.6967840735068913,-0.16079632465543647,-0.5054151624548737,0,0,鑫龍騰,2024-05-02,1,36.6,S2,ma_alignment_only,3188,2024-05-02
early_watch,-0.20341880341880336,-0.24615384615384617,0.40512820512820524,-0.24615384615384617,-0.46350364963503654,0,0,森寶,2024-05-02,2,36.6,S2,ma_alignment_only,3489,2024-05-02
early_watch,-0.33228180862250256,-0.33228180862250256,-0.00525762355415349,-0.33228180862250256,-0.33228180862250256,0,0,皇龍,2024-05-02,3,36.6,S2,ma_alignment_only,3512,2024-05-02
early_watch,0.3123287671232877,-0.050684931506849384,0.6575342465753424,-0.050684931506849384,-0.22479338842975205,0,0,亞泰,2024-05-02,4,36.6,S2,ma_alignment_only,4974,2024-05-02
early_watch,-0.3457446808510638,-0.36170212765957444,0.1063829787234043,-0.36170212765957444,-0.42307692307692313,0,0,亞昕,2024-05-02,5,36.6,S2,ma_alignment_only,5213,2024-05-02
early_watch,0.04682274247491636,-0.0434782608695653,0.29319955406911924,-0.0434782608695653,-0.21293103448275863,0,0,龍巖,2024-05-02,6,36.6,S2,ma_alignment_only,5530,2024-05-02
early_watch,-0.32997762863534685,-0.33668903803132,0.37583892617449655,-0.33668903803132,-0.5178861788617886,0,0,新潤,2024-05-02,7,36.6,S2,ma_alignment_only,6186,2024-05-02
early_watch,-0.07591623036649231,-0.13089005235602091,0.09947643979057585,-0.13089005235602091,-0.20952380952380945,0,0,久元,2024-05-02,8,36.6,S2,ma_alignment_only,6261,2024-05-02
early_watch,-0.11455854121611819,-0.18615758395474657,-0.011933173789771434,-0.18615758395474657,-0.18615758395474657,0,0,信大,2024-05-02,9,36.6,S2,ma_alignment_only,1109,2024-05-02
early_watch,0.5007974055678397,-0.07814994364043426,0.5023922775439849,-0.07814994364043426,-0.1487481894233672,0,0,三芳,2024-05-02,10,36.6,S2,ma_alignment_only,1307,2024-05-02
early_watch,0.985714322044736,-0.04761904761904767,1.3785714649018788,-0.04761904761904767,-0.20220224493594174,0,0,喬福,2024-05-02,11,36.6,S2,ma_alignment_only,1540,2024-05-02
early_watch,-0.07009345919338938,-0.10046727368483632,0.1822429760771238,-0.10046727368483632,-0.2391304118380464,0,0,三洋電,2024-05-02,12,36.6,S2,ma_alignment_only,1614,2024-05-02
early_watch,-0.19748853565875424,-0.21004568317789019,-0.023972585738588514,-0.21004568317789019,-0.21004568317789019,0,0,三陽工業,2024-05-02,13,36.6,S2,ma_alignment_only,2206,2024-05-02
early_watch,-0.12462462462462465,-0.14714714714714716,-0.006006006006005982,-0.14714714714714716,-0.14714714714714716,0,0,汎德永業,2024-05-02,14,36.6,S2,ma_alignment_only,2247,2024-05-02
early_watch,-0.034106410585477476,-0.045020503606632234,0.06684848147993172,-0.045020503606632234,-0.10485930010546518,0,0,敦吉,2024-05-02,15,36.6,S2,ma_alignment_only,2459,2024-05-02
early_watch,0.08858267849573265,-0.15157482044452486,0.1181102379943102,-0.15157482044452486,-0.15157482044452486,0,0,國產,2024-05-02,16,36.6,S2,ma_alignment_only,2504,2024-05-02
early_watch,-0.11149228276263912,-0.15951971455856662,0.03259007805734404,-0.15951971455856662,-0.17940197840843353,0,0,宏盛,2024-05-02,17,36.6,S2,ma_alignment_only,2534,2024-05-02
early_watch,0.016802165047044904,-0.10027097823518039,0.3143632358827815,-0.10027097823518039,-0.2309278939006174,0,0,潤弘,2024-05-02,18,36.6,S2,ma_alignment_only,2597,2024-05-02
early_watch,-0.03870970203030499,-0.051612915531281556,0.016129032258064502,-0.051612915531281556,-0.06666667877681676,0,0,華票,2024-05-02,19,36.6,S2,ma_alignment_only,2820,2024-05-02
early_watch,-0.039049225063316206,-0.11035652926726569,0.030560337995925613,-0.11035652926726569,-0.1178451223859609,0,0,台產,2024-05-02,20,36.6,S2,ma_alignment_only,2832,2024-05-02
early_watch,-0.013266985857088742,-0.13764509688350612,0.5754560730012868,-0.13764509688350612,-0.4526315789473684,0,0,三地開發,2024-06-03,1,36.6,S2,radar_model,1438,2024-06-03
early_watch,-0.16343039803897397,-0.281553364498217,-0.004854356646668778,-0.281553364498217,-0.281553364498217,0,0,正新,2024-06-03,2,36.6,S2,radar_model,2105,2024-06-03
early_watch,0.04806563103676931,-0.07151237849093983,0.09847589209800467,-0.07151237849093983,-0.13062570499668402,0,0,遠傳,2024-06-03,3,36.6,S2,radar_model,4904,2024-06-03
early_watch,-0.2742615945466249,-0.35021100747761114,0.04008433860797034,-0.35021100747761114,-0.37525355550295625,0,0,遠雄,2024-06-03,4,36.6,S2,radar_model,5522,2024-06-03
early_watch,-0.07134363981999714,-0.08323424645666322,0.009512521596584556,-0.08323424645666322,-0.09187282581355716,0,0,宏正,2024-06-03,5,36.6,S2,radar_model,6277,2024-06-03
early_watch,0.5856573160231189,-0.04183271428092694,0.6932270658998061,-0.04183271428092694,-0.32027028058026286,0,0,台灣虎航,2024-06-03,6,36.6,S2,radar_model,6757,2024-06-03
early_watch,0.628985529360564,-0.023188383682914426,0.9420289855072463,-0.023188383682914426,-0.2631579020244481,0,0,金寶,2024-06-03,7,34.6,S2,radar_model,2312,2024-06-03
early_watch,-0.4782157838082882,-0.5342323566890677,0.028008266654615754,-0.5342323566890677,-0.5469222783327887,0,0,三發地產,2024-06-03,8,34.6,S2,radar_model,9946,2024-06-03
early_watch,-0.08445297504798466,-0.0950095969289827,0.061420345489443307,-0.0950095969289827,-0.14737793851717906,0,0,寶雅,2024-06-03,9,33.2,S2,radar_model,5904,2024-06-03
early_watch,-0.08645532951123391,-0.12247838347424811,0.5129682664465942,-0.12247838347424811,-0.3990476335797991,0,0,益登,2024-06-03,10,31.6,S2,radar_model,3048,2024-06-03
early_watch,-0.3251028806584363,-0.3477366255144033,0.09876543209876543,-0.3477366255144033,-0.40636704119850187,0,0,典範,2024-06-03,11,30.2,S2,radar_model,3372,2024-06-03
early_watch,0.051401869158878455,-0.2691588785046729,0.0981308411214954,-0.2691588785046729,-0.33446808510638293,0,0,艾訊,2024-06-03,12,29.6,S2,radar_model,3088,2024-06-03
early_watch,-0.1692506459948322,-0.20284237726098198,0.18992248062015493,-0.20284237726098198,-0.33007600434310524,0,0,單井,2024-06-03,13,29.6,S2,radar_model,3490,2024-06-03
early_watch,-0.1911468812877264,-0.30181086519114686,0.01609657947686105,-0.30181086519114686,-0.3128712871287128,0,0,三一東林,2024-06-03,14,29.6,S2,radar_model,3609,2024-06-03
early_watch,-0.011842125340511878,-0.0368421454178659,0.19736842105263164,-0.0368421454178659,-0.1956044291401957,0,0,利華,2024-06-03,15,29.6,S2,radar_model,1423,2024-06-03
early_watch,-0.3633952383472384,-0.39257296670821684,-0.04111403728628715,-0.39257296670821684,-0.39257296670821684,0,0,精英,2024-06-03,16,29.6,S2,radar_model,2331,2024-06-03
early_watch,-0.06949353851401863,-0.29210839347509754,0.09187273595025447,-0.29210839347509754,-0.35167205552685044,0,0,友通,2024-06-03,17,29.6,S2,radar_model,2397,2024-06-03
early_watch,-0.1455026484394103,-0.1534391363525216,0.11640215911869589,-0.1534391363525216,-0.2417061748467364,0,0,三商,2024-06-03,18,29.6,S2,radar_model,2905,2024-06-03
early_watch,-0.3244274809160306,-0.34503814464307014,0.36641221374045796,-0.34503814464307014,-0.5206703740125262,0,0,十銓,2024-06-03,19,29.6,S2,radar_model,4967,2024-06-03
early_watch,1.6772486772486772,0.007936507936507908,1.873015873015873,0.007936507936507908,-0.38397790055248615,0,0,光聖,2024-06-03,20,29.6,S2,radar_model,6442,2024-06-03
early_watch,0.014925430495003944,-0.09328358474513909,0.10447765761639194,-0.09328358474513909,-0.17905409040896836,0,0,達欣工,2024-06-03,1,11.0,S2,random_top_n,2535,2024-06-03
early_watch,-0.3107692307692308,-0.316923076923077,0.0,-0.316923076923077,-0.316923076923077,0,0,特昇-KY,2024-06-03,2,24.6,S2,random_top_n,6616,2024-06-03
early_watch,-0.20329670329670335,-0.2994505494505495,0.13461538461538458,-0.2994505494505495,-0.38256658595641646,0,0,鼎基,2024-06-03,3,11.0,S2,random_top_n,6585,2024-06-03
early_watch,-0.006153814880098807,-0.10256410096524027,0.0755770203037418,-0.10256410096524027,-0.13580244763779292,0,0,燁輝,2024-06-03,4,17.0,S2,random_top_n,2023,2024-06-03
early_watch,0.15221515649099748,-0.018354458820358688,0.2670885708843598,-0.018354458820358688,-0.20113314447592068,0,0,華懋,2024-06-03,5,11.6,S2,random_top_n,5292,2024-06-03
early_watch,-0.201970375774003,-0.24039405636318778,0.08374388309512137,-0.24039405636318778,-0.29909090562300245,0,0,中石化,2024-06-03,6,12.0,S2,random_top_n,1314,2024-06-03
early_watch,0.505763688760807,-0.07636887608069165,0.5345821325648414,-0.07636887608069165,-0.21542227662178703,0,0,富世達,2024-06-03,7,9.0,S2,random_top_n,6805,2024-06-03
early_watch,-0.1887891924247702,-0.2748878222333162,0.08071749431233721,-0.2748878222333162,-0.3290455816780553,0,0,揚智,2024-06-03,8,3.0,S2,random_top_n,3041,2024-06-03
early_watch,0.058004640371229765,-0.25522041763341063,0.10904872389791187,-0.25522041763341063,-0.277027027027027,0,0,長榮,2024-06-03,9,22.6,S2,random_top_n,2603,2024-06-03
early_watch,0.3268482490272373,-0.0616934215976106,0.7120622568093384,-0.0616934215976106,-0.2659090909090909,0,0,汎銓,2024-06-03,10,14.6,S2,random_top_n,6830,2024-06-03
early_watch,-0.07692307692307698,-0.1161103047895502,0.005805515239477366,-0.1161103047895502,-0.12121212121212122,0,0,頎邦,2024-06-03,11,11.0,S2,random_top_n,6147,2024-06-03
early_watch,-0.1611215379976011,-0.17551407672029984,0.2523363786681243,-0.17551407672029984,-0.34164180061865534,0,0,潤隆,2024-06-03,12,16.6,S2,random_top_n,1808,2024-06-03
early_watch,-0.07384615384615378,-0.2138461538461538,0.1907692307692308,-0.2138461538461538,-0.3397932816537468,0,0,堡達,2024-06-03,13,8.6,S2,random_top_n,3537,2024-06-03
early_watch,-0.1629746835443039,-0.2215189873417721,0.1851265822784811,-0.2215189873417721,-0.3431241655540721,0,0,倍微,2024-06-03,14,24.2,S2,random_top_n,6270,2024-06-03
early_watch,-0.20441454938759096,-0.24088290987751815,0.055662219017518444,-0.24088290987751815,-0.2809091047807173,0,0,承業醫,2024-06-03,15,9.0,S2,random_top_n,4164,2024-06-03
early_watch,-0.2371458551941238,-0.2371458551941238,0.04197271773347322,-0.2371458551941238,-0.26787512588116813,0,0,晶碩,2024-06-03,16,4.0,S2,random_top_n,6491,2024-06-03
early_watch,-0.13749999999999996,-0.27833334604899085,-0.025000000000000022,-0.27833334604899085,-0.27833334604899085,0,0,建準,2024-06-03,17,23.6,S2,random_top_n,2421,2024-06-03
early_watch,-0.11830985915492953,-0.12957746478873233,0.03755868544600949,-0.12957746478873233,-0.16108597285067872,0,0,捷流閥業,2024-06-03,18,24.6,S2,random_top_n,4580,2024-06-03
early_watch,-0.22093023255813948,-0.2441860465116279,0.13953488372093004,-0.2441860465116279,-0.33673469387755095,0,0,力麒,2024-06-03,19,19.6,S2,random_top_n,5512,2024-06-03
early_watch,-0.36292682926829267,-0.3824390243902439,0.0536585365853659,-0.3824390243902439,-0.41388888888888886,0,0,智基,2024-06-03,20,1.0,S2,random_top_n,6294,2024-06-03
early_watch,-0.187279151943463,-0.3568904593639576,-0.008244994110718551,-0.3568904593639576,-0.3568904593639576,0,0,台林,2024-06-03,1,25.6,S2,breakout_120d_only,5353,2024-06-03
early_watch,0.3853211009174311,0.00366973876953125,2.0568808459360666,0.00366973876953125,-0.5468187440936307,1,0,翔耀,2024-06-03,2,25.6,S2,breakout_120d_only,2438,2024-06-03
early_watch,0.008010660372467227,-0.026702269148939584,0.4953270723406136,-0.026702269148939584,-0.33392858505249023,0,0,時碩工業,2024-06-03,3,24.6,S2,breakout_120d_only,4566,2024-06-03
early_watch,0.19402985074626855,-0.018656716417910446,0.5074626865671641,-0.018656716417910446,-0.2524752475247525,0,0,智崴,2024-06-03,4,27.6,S2,breakout_120d_only,5263,2024-06-03
early_watch,-0.4875415282392026,-0.536544850498339,0.07807308970099669,-0.536544850498339,-0.5701078582434516,0,0,聯上,2024-06-03,5,27.6,S2,breakout_120d_only,4113,2024-06-03
early_watch,-0.06949353851401863,-0.29210839347509754,0.09187273595025447,-0.29210839347509754,-0.35167205552685044,0,0,友通,2024-06-03,6,29.6,S2,breakout_120d_only,2397,2024-06-03
early_watch,-0.34565916398713825,-0.3536977491961415,0.32475884244373,-0.3536977491961415,-0.5121359223300971,0,0,慧智,2024-06-03,7,27.6,S2,breakout_120d_only,6615,2024-06-03
early_watch,-0.6551020408163266,-0.7612244897959184,-0.015306122448979664,-0.7612244897959184,-0.7612244897959184,0,0,樺晟,2024-06-03,8,14.6,S2,breakout_120d_only,3202,2024-06-03
early_watch,0.051401869158878455,-0.2691588785046729,0.0981308411214954,-0.2691588785046729,-0.33446808510638293,0,0,艾訊,2024-06-03,9,29.6,S2,breakout_120d_only,3088,2024-06-03
early_watch,-0.2887700069317335,-0.3493760963855028,-0.010695160257408465,-0.3493760963855028,-0.3493760963855028,0,0,昇陽,2024-06-03,10,27.6,S2,breakout_120d_only,3266,2024-06-03
early_watch,0.15488215488215484,-0.27609427609427606,0.265993265993266,-0.27609427609427606,-0.30645161290322576,0,0,鈞興-KY,2024-06-03,11,18.6,S2,breakout_120d_only,4571,2024-06-03
early_watch,-0.07472530826107482,-0.09890109890109888,0.09010985657408987,-0.09890109890109888,-0.17338707134453157,0,0,東泥,2024-06-03,12,27.6,S2,breakout_120d_only,1110,2024-06-03
early_watch,-0.04924242424242409,-0.2679924242424242,-0.024621212121212044,-0.2679924242424242,-0.2679924242424242,0,0,三顧,2024-06-03,13,14.6,S2,breakout_120d_only,3224,2024-06-03
early_watch,-0.21437271619975629,-0.22898903775883073,0.0024360535931791105,-0.22898903775883073,-0.23086269744835963,0,0,國眾,2024-06-03,14,27.6,S2,breakout_120d_only,5410,2024-06-03
early_watch,-0.18155336842953584,-0.24077672865784283,-0.014563106796116498,-0.24077672865784283,-0.24077672865784283,0,0,飛捷,2024-06-03,15,27.6,S2,breakout_120d_only,6206,2024-06-03
early_watch,-0.31850117420310575,-0.3606557669957937,0.2950819262058888,-0.3606557669957937,-0.5063291209095563,0,0,聯上發,2024-06-03,16,15.6,S2,breakout_120d_only,2537,2024-06-03
early_watch,-0.1692506459948322,-0.20284237726098198,0.18992248062015493,-0.20284237726098198,-0.33007600434310524,0,0,單井,2024-06-03,17,29.6,S2,breakout_120d_only,3490,2024-06-03
early_watch,-0.3142857036524118,-0.3240418118466899,0.16027874564459932,-0.3240418118466899,-0.41741741741741745,0,0,順德,2024-06-03,18,27.6,S2,breakout_120d_only,2351,2024-06-03
early_watch,-0.18864627488315366,-0.23930132337012144,0.0393013100436681,-0.23930132337012144,-0.2618644197108382,0,0,信錦,2024-06-03,19,23.6,S2,breakout_120d_only,1582,2024-06-03
early_watch,-0.30480769230769234,-0.32115384615384623,-0.019230769230769273,-0.32115384615384623,-0.32115384615384623,0,0,協易機,2024-06-03,20,18.6,S2,breakout_120d_only,4533,2024-06-03
early_watch,0.5494880546075085,-0.04778156996587035,1.0341296928327646,-0.04778156996587035,-0.25263157894736843,0,0,華景電,2024-06-03,1,25.6,S2,volume_expansion_only,6788,2024-06-03
early_watch,-0.27056276609474006,-0.3506493613726238,0.01731600051622273,-0.3506493613726238,-0.36170212765957444,0,0,大宇,2024-06-03,2,10.6,S2,volume_expansion_only,1445,2024-06-03
early_watch,-0.27037037037037037,-0.3740740740740741,0.02777777777777768,-0.3740740740740741,-0.390990990990991,0,0,台灣銘板,2024-06-03,3,12.0,S2,volume_expansion_only,6593,2024-06-03
early_watch,-0.12979354949350053,-0.14896757867559574,0.05604712760060515,-0.14896757867559574,-0.1941340503827751,0,0,信義,2024-06-03,4,22.6,S2,volume_expansion_only,9940,2024-06-03
early_watch,-0.2371458551941238,-0.2371458551941238,0.04197271773347322,-0.2371458551941238,-0.26787512588116813,0,0,晶碩,2024-06-03,5,4.0,S2,volume_expansion_only,6491,2024-06-03
early_watch,-0.10661764705882348,-0.13235294117647056,0.2977941176470589,-0.13235294117647056,-0.33144475920679883,0,0,奈米醫材,2024-06-03,6,27.6,S2,volume_expansion_only,6612,2024-06-03
early_watch,-0.057507964247145105,-0.10862618854330597,0.1182108898762686,-0.10862618854330597,-0.17000002179827012,0,0,長興,2024-06-03,7,6.6,S2,volume_expansion_only,1717,2024-06-03
early_watch,-0.15605382534420542,-0.1659192825112108,0.07623318385650224,-0.1659192825112108,-0.22499999999999998,0,0,和碩,2024-06-03,8,23.6,S2,volume_expansion_only,4938,2024-06-03
early_watch,-0.13022113022113024,-0.14742014742014742,0.04422604422604426,-0.14742014742014742,-0.18352941176470583,0,0,長聖,2024-06-03,9,19.6,S2,volume_expansion_only,6712,2024-06-03
early_watch,-0.09756097560975607,-0.17560975609756102,-0.004878048780487809,-0.17560975609756102,-0.17560975609756102,0,0,立端,2024-06-03,10,23.6,S2,volume_expansion_only,6245,2024-06-03
early_watch,-0.047272727272727244,-0.15727272727272723,0.056363636363636394,-0.15727272727272723,-0.20223752151462993,0,0,瑞昱,2024-06-03,11,9.6,S2,volume_expansion_only,2379,2024-06-03
early_watch,0.1243016999378248,-0.046089322523603427,0.2877094820269681,-0.046089322523603427,-0.20611556000704356,0,0,毅嘉,2024-06-03,12,25.6,S2,volume_expansion_only,2402,2024-06-03
early_watch,-0.08445297504798466,-0.0950095969289827,0.061420345489443307,-0.0950095969289827,-0.14737793851717906,0,0,寶雅,2024-06-03,13,33.2,S2,volume_expansion_only,5904,2024-06-03
early_watch,0.10169489744647242,-0.10275428411913268,0.2902542487604456,-0.10275428411913268,-0.3045977436285474,0,0,楠梓電,2024-06-03,14,27.6,S2,volume_expansion_only,2316,2024-06-03
early_watch,-0.08370050493482328,-0.1674009258454806,0.04845808093174053,-0.1674009258454806,-0.2058823435128586,0,0,日勝生,2024-06-03,15,24.6,S2,volume_expansion_only,2547,2024-06-03
early_watch,-0.04313094271653006,-0.3011181938273322,0.12300327101157849,-0.3011181938273322,-0.377667167840812,0,0,邁達特,2024-06-03,16,23.6,S2,volume_expansion_only,6112,2024-06-03
early_watch,0.9425675425327462,-0.06081084868958386,1.8378378012652292,-0.06081084868958386,-0.3214285714285714,0,0,大量,2024-06-03,17,6.6,S2,volume_expansion_only,3167,2024-06-03
early_watch,-0.013812154696132617,-0.13397790055248615,0.04972375690607733,-0.13397790055248615,-0.17500000000000004,0,0,研華,2024-06-03,18,22.6,S2,volume_expansion_only,2395,2024-06-03
early_watch,-0.3421052631578947,-0.3421052631578947,-0.03654970760233922,-0.3421052631578947,-0.3421052631578947,0,0,宜鼎,2024-06-03,19,12.6,S2,volume_expansion_only,5289,2024-06-03
early_watch,-0.214622641509434,-0.3903301886792452,-0.09316037735849048,-0.3903301886792452,-0.3903301886792452,0,0,振發,2024-06-03,20,14.6,S2,volume_expansion_only,5426,2024-06-03
early_watch,-0.013266985857088742,-0.13764509688350612,0.5754560730012868,-0.13764509688350612,-0.4526315789473684,0,0,三地開發,2024-06-03,1,36.6,S2,ma_alignment_only,1438,2024-06-03
early_watch,-0.16343039803897397,-0.281553364498217,-0.004854356646668778,-0.281553364498217,-0.281553364498217,0,0,正新,2024-06-03,2,36.6,S2,ma_alignment_only,2105,2024-06-03
early_watch,0.04806563103676931,-0.07151237849093983,0.09847589209800467,-0.07151237849093983,-0.13062570499668402,0,0,遠傳,2024-06-03,3,36.6,S2,ma_alignment_only,4904,2024-06-03
early_watch,-0.2742615945466249,-0.35021100747761114,0.04008433860797034,-0.35021100747761114,-0.37525355550295625,0,0,遠雄,2024-06-03,4,36.6,S2,ma_alignment_only,5522,2024-06-03
early_watch,-0.07134363981999714,-0.08323424645666322,0.009512521596584556,-0.08323424645666322,-0.09187282581355716,0,0,宏正,2024-06-03,5,36.6,S2,ma_alignment_only,6277,2024-06-03
early_watch,0.5856573160231189,-0.04183271428092694,0.6932270658998061,-0.04183271428092694,-0.32027028058026286,0,0,台灣虎航,2024-06-03,6,36.6,S2,ma_alignment_only,6757,2024-06-03
early_watch,-0.4782157838082882,-0.5342323566890677,0.028008266654615754,-0.5342323566890677,-0.5469222783327887,0,0,三發地產,2024-06-03,7,34.6,S2,ma_alignment_only,9946,2024-06-03
early_watch,0.051401869158878455,-0.2691588785046729,0.0981308411214954,-0.2691588785046729,-0.33446808510638293,0,0,艾訊,2024-06-03,8,29.6,S2,ma_alignment_only,3088,2024-06-03
early_watch,-0.1692506459948322,-0.20284237726098198,0.18992248062015493,-0.20284237726098198,-0.33007600434310524,0,0,單井,2024-06-03,9,29.6,S2,ma_alignment_only,3490,2024-06-03
early_watch,-0.1911468812877264,-0.30181086519114686,0.01609657947686105,-0.30181086519114686,-0.3128712871287128,0,0,三一東林,2024-06-03,10,29.6,S2,ma_alignment_only,3609,2024-06-03
early_watch,-0.011842125340511878,-0.0368421454178659,0.19736842105263164,-0.0368421454178659,-0.1956044291401957,0,0,利華,2024-06-03,11,29.6,S2,ma_alignment_only,1423,2024-06-03
early_watch,-0.3633952383472384,-0.39257296670821684,-0.04111403728628715,-0.39257296670821684,-0.39257296670821684,0,0,精英,2024-06-03,12,29.6,S2,ma_alignment_only,2331,2024-06-03
early_watch,-0.06949353851401863,-0.29210839347509754,0.09187273595025447,-0.29210839347509754,-0.35167205552685044,0,0,友通,2024-06-03,13,29.6,S2,ma_alignment_only,2397,2024-06-03
early_watch,-0.1455026484394103,-0.1534391363525216,0.11640215911869589,-0.1534391363525216,-0.2417061748467364,0,0,三商,2024-06-03,14,29.6,S2,ma_alignment_only,2905,2024-06-03
early_watch,-0.3244274809160306,-0.34503814464307014,0.36641221374045796,-0.34503814464307014,-0.5206703740125262,0,0,十銓,2024-06-03,15,29.6,S2,ma_alignment_only,4967,2024-06-03
early_watch,1.6772486772486772,0.007936507936507908,1.873015873015873,0.007936507936507908,-0.38397790055248615,0,0,光聖,2024-06-03,16,29.6,S2,ma_alignment_only,6442,2024-06-03
early_watch,-0.1991031390134529,-0.24753363228699543,0.049327354260089606,-0.24753363228699543,-0.2829059829059829,0,0,茂訊,2024-06-03,17,27.6,S2,ma_alignment_only,3213,2024-06-03
early_watch,2.3993993993993996,-0.08408408408408397,2.7897897897897903,-0.08408408408408397,-0.31123388581952116,1,0,錦明,2024-06-03,18,27.6,S2,ma_alignment_only,3230,2024-06-03
early_watch,-0.09001406469760886,-0.10407876230661028,0.9381153305203942,-0.10407876230661028,-0.5377358490566038,0,0,太普高,2024-06-03,19,27.6,S2,ma_alignment_only,3284,2024-06-03
early_watch,0.11711711711711703,-0.12612612612612617,0.30180180180180183,-0.12612612612612617,-0.27340823970037453,0,0,由田,2024-06-03,20,27.6,S2,ma_alignment_only,3455,2024-06-03
early_watch,-0.010600706713780883,-0.09187279151943462,0.4946996466431095,-0.09187279151943462,-0.3427895981087471,0,0,弘塑,2024-07-01,1,36.6,S2,radar_model,3131,2024-07-01
early_watch,-0.42185514612452346,-0.4282083862770013,-0.02287166454891998,-0.4282083862770013,-0.4282083862770013,0,0,德微,2024-07-01,2,36.6,S2,radar_model,3675,2024-07-01
early_watch,0.49282296650717683,-0.08133971291866027,1.0893141945773523,-0.08133971291866027,-0.3290076335877862,0,0,百德,2024-07-01,3,36.6,S2,radar_model,4563,2024-07-01
early_watch,-0.2816901408450704,-0.37887323943661966,0.0,-0.37887323943661966,-0.37887323943661966,0,0,世界,2024-07-01,4,36.6,S2,radar_model,5347,2024-07-01
early_watch,-0.31081081081081086,-0.34684684684684686,0.21171171171171177,-0.34684684684684686,-0.4609665427509294,0,0,醫揚,2024-07-01,5,36.6,S2,radar_model,6569,2024-07-01
early_watch,-0.3510204081632653,-0.3575510204081632,0.19999999999999996,-0.3575510204081632,-0.46462585034013604,0,0,康全電訊,2024-07-01,6,36.6,S2,radar_model,8089,2024-07-01
early_watch,0.0,-0.16901406407521768,0.042253498749047935,-0.16901406407521768,-0.19649804108985602,0,0,東和,2024-07-01,7,36.6,S2,radar_model,1414,2024-07-01
early_watch,-0.224375013150109,-0.27631945671387637,0.07870365433241688,-0.27631945671387637,-0.32912015234249703,0,0,聚陽,2024-07-01,8,36.6,S2,radar_model,1477,2024-07-01
early_watch,-0.1418439741895594,-0.20094563010187583,-0.0047281505093793585,-0.20094563010187583,-0.20094563010187583,0,0,精技,2024-07-01,9,36.6,S2,radar_model,2414,2024-07-01
early_watch,0.16715542521994142,-0.07917888563049857,0.46627565982404695,-0.07917888563049857,-0.3098901098901099,0,0,志聖,2024-07-01,10,36.6,S2,radar_model,2467,2024-07-01
early_watch,-0.11592177952434557,-0.27932961489138497,0.09078212483970005,-0.27932961489138497,-0.32549021602456085,0,0,普安,2024-07-01,11,36.6,S2,radar_model,2495,2024-07-01
early_watch,-0.09027940611617613,-0.1213278468863378,0.03939392001033193,-0.1213278468863378,-0.1546302742420046,0,0,國票金,2024-07-01,12,36.6,S2,radar_model,2889,2024-07-01
early_watch,-0.17111112806532114,-0.1777777777777778,0.1088889227973091,-0.1777777777777778,-0.2585170567417472,0,0,德淵,2024-07-01,13,36.6,S2,radar_model,4720,2024-07-01
early_watch,0.027777794947839718,-0.08333338484351926,0.084490686266675,-0.08333338484351926,-0.13062570499668402,0,0,遠傳,2024-07-01,14,36.6,S2,radar_model,4904,2024-07-01
early_watch,-0.1409090489231899,-0.19772729031596104,0.08522727887385728,-0.19772729031596104,-0.26073300468768246,0,0,保瑞,2024-07-01,15,36.6,S2,radar_model,6472,2024-07-01
early_watch,-0.010775862068965525,-0.18642241379310343,0.06465517241379315,-0.18642241379310343,-0.23582995951417007,0,0,千附,2024-07-01,16,34.6,S2,radar_model,8383,2024-07-01
early_watch,-0.6359446898630525,-0.6359446898630525,0.6543779649665473,-0.6359446898630525,-0.779944294564931,0,0,福懋油,2024-07-01,17,34.6,S2,radar_model,1225,2024-07-01
early_watch,-0.03331976589028718,-0.0417623478244572,0.08606552278857738,-0.0417623478244572,-0.11769812035357141,0,0,高雄銀,2024-07-01,18,34.6,S2,radar_model,2836,2024-07-01
early_watch,-0.09467455621301779,-0.19970414201183428,0.17603550295857984,-0.19970414201183428,-0.319496855345912,0,0,京鼎,2024-07-01,19,34.6,S2,radar_model,3413,2024-07-01
early_watch,-0.009009009009009028,-0.08880308880308885,0.30244530244530243,-0.08880308880308885,-0.23913043478260865,0,0,辛耘,2024-07-01,20,34.6,S2,radar_model,3583,2024-07-01
early_watch,-0.14963503649635035,-0.22992700729927007,0.018248175182481674,-0.22992700729927007,-0.23550724637681164,0,0,緯軟,2024-07-01,1,6.0,S2,random_top_n,4953,2024-07-01
early_watch,-0.23911112467447915,-0.23911112467447915,0.06222222222222218,-0.23911112467447915,-0.283682021137062,0,0,創見,2024-07-01,2,12.0,S2,random_top_n,2451,2024-07-01
early_watch,-0.20986622073578587,-0.2516722408026756,0.12374581939799345,-0.2516722408026756,-0.33407738095238093,0,0,漢磊,2024-07-01,3,9.0,S2,random_top_n,3707,2024-07-01
early_watch,-0.19304345172384507,-0.21739130434782605,0.02260868238366176,-0.21739130434782605,-0.23469386762105027,0,0,聯德,2024-07-01,4,10.0,S2,random_top_n,3308,2024-07-01
early_watch,-0.3403933512768387,-0.3403933512768387,0.012102920880868506,-0.3403933512768387,-0.3482810541154424,0,0,建通,2024-07-01,5,9.0,S2,random_top_n,2460,2024-07-01
early_watch,-0.4679054054054054,-0.49831081081081086,0.006756756756756799,-0.49831081081081086,-0.5016778523489933,0,0,軒郁,2024-07-01,6,25.6,S2,random_top_n,6703,2024-07-01
early_watch,-0.15258215962441313,-0.3004694835680751,0.04929577464788726,-0.3004694835680751,-0.33333333333333337,0,0,合世,2024-07-01,7,14.6,S2,random_top_n,1781,2024-07-01
early_watch,-0.14675767918088733,-0.20136518771331058,0.010238907849829282,-0.20136518771331058,-0.20945945945945943,0,0,智冠,2024-07-01,8,10.0,S2,random_top_n,5478,2024-07-01
early_watch,-0.04712041884816753,-0.20418848167539272,0.25130890052356025,-0.20418848167539272,-0.33333333333333337,0,0,信紘科,2024-07-01,9,27.6,S2,random_top_n,6667,2024-07-01
early_watch,-0.21700879765395897,-0.21700879765395897,0.16422287390029333,-0.21700879765395897,-0.32745591939546603,0,0,建錩,2024-07-01,10,9.6,S2,random_top_n,5014,2024-07-01
early_watch,-0.19685039370078738,-0.22572178477690286,0.04986876640419946,-0.22572178477690286,-0.26249999999999996,0,0,嘉基,2024-07-01,11,20.6,S2,random_top_n,6715,2024-07-01
early_watch,0.34304208777766654,-0.18608414469208634,0.37540454772411636,-0.18608414469208634,-0.32027028058026286,0,0,台灣虎航,2024-07-01,12,27.6,S2,random_top_n,6757,2024-07-01
early_watch,-0.25986842105263164,-0.25986842105263164,0.0317982456140351,-0.25986842105263164,-0.2826780021253985,0,0,廣錠,2024-07-01,13,22.6,S2,random_top_n,6441,2024-07-01
early_watch,-0.2530612556301818,-0.29591836734693877,0.22448979591836737,-0.29591836734693877,-0.42500000000000004,0,0,佳凌,2024-07-01,14,11.6,S2,random_top_n,4976,2024-07-01
early_watch,-0.33731343283582094,-0.33731343283582094,0.09104477611940287,-0.33731343283582094,-0.3926128590971272,0,0,光譜,2024-07-01,15,1.0,S2,random_top_n,5381,2024-07-01
early_watch,-0.427027027027027,-0.4774774774774775,0.03153153153153143,-0.4774774774774775,-0.4934497816593887,0,0,巨虹,2024-07-01,16,21.6,S2,random_top_n,8084,2024-07-01
early_watch,0.03359173126614978,-0.056847545219638196,0.3281653746770026,-0.056847545219638196,-0.28696498054474706,0,0,億豐,2024-07-01,17,22.6,S2,random_top_n,8464,2024-07-01
early_watch,-0.2994652351873125,-0.3190730516586182,0.1800356283214557,-0.3190730516586182,-0.4229606869497933,0,0,達能,2024-07-01,18,22.6,S2,random_top_n,3686,2024-07-01
early_watch,-0.06320907617504057,-0.22366288492706643,0.10534846029173428,-0.22366288492706643,-0.2976539589442815,0,0,廣達,2024-07-01,19,22.6,S2,random_top_n,2382,2024-07-01
early_watch,0.2004008016032064,-0.25651302605210424,0.3406813627254508,-0.25651302605210424,-0.36904761904761907,0,0,世芯-KY,2024-07-01,20,9.0,S2,random_top_n,3661,2024-07-01
early_watch,-0.2994652351873125,-0.3190730516586182,0.1800356283214557,-0.3190730516586182,-0.4229606869497933,0,0,達能,2024-07-01,1,22.6,S2,breakout_120d_only,3686,2024-07-01
early_watch,0.9128440366972477,-0.13211009174311927,1.0825688073394497,-0.13211009174311927,-0.2180616740088106,0,0,順達,2024-07-01,2,27.6,S2,breakout_120d_only,3211,2024-07-01
early_watch,-0.0019920774362256477,-0.24103589850443352,0.00398407888246699,-0.24103589850443352,-0.24404767220973445,0,0,和康生,2024-07-01,3,25.6,S2,breakout_120d_only,1783,2024-07-01
early_watch,-0.11836119683084911,-0.16540214375561857,0.11229137108552156,-0.16540214375561857,-0.24965896711949676,0,0,申豐,2024-07-01,4,27.6,S2,breakout_120d_only,6582,2024-07-01
early_watch,-0.19075144508670527,-0.26878612716763006,0.17919075144508656,-0.26878612716763006,-0.3137254901960784,0,0,智捷,2024-07-01,5,29.6,S2,breakout_120d_only,8176,2024-07-01
early_watch,0.10447761194029859,-0.005970172028043397,0.5880597242668493,-0.005970172028043397,-0.3045112881694695,0,0,金橋,2024-07-01,6,25.6,S2,breakout_120d_only,6133,2024-07-01
early_watch,0.09638552832523839,0.09236952528696207,0.6024097243835222,0.09236952528696207,-0.31829574629721025,0,0,錸德,2024-07-01,7,29.6,S2,breakout_120d_only,2349,2024-07-01
early_watch,-0.1897654847829372,-0.29211088096404314,0.20682295592015776,-0.29211088096404314,-0.4134275325445581,0,0,旭暉應材,2024-07-01,8,29.6,S2,breakout_120d_only,6698,2024-07-01
early_watch,-0.38979288563458336,-0.40384615167575255,0.05177514909767167,-0.40384615167575255,-0.43319268492348983,0,0,安普新,2024-07-01,9,27.6,S2,breakout_120d_only,6743,2024-07-01
early_watch,-0.24581941388770534,-0.24581941388770534,0.02006690264630917,-0.24581941388770534,-0.26065576271932633,0,0,國化,2024-07-01,10,29.6,S2,breakout_120d_only,1713,2024-07-01
early_watch,0.02752293577981657,-0.07339449541284404,0.08715596330275233,-0.07339449541284404,-0.1293103448275862,0,0,台灣大,2024-07-01,11,29.6,S2,breakout_120d_only,3045,2024-07-01
early_watch,-0.010775862068965525,-0.18642241379310343,0.06465517241379315,-0.18642241379310343,-0.23582995951417007,0,0,千附,2024-07-01,12,34.6,S2,breakout_120d_only,8383,2024-07-01
early_watch,-0.09809526715959827,-0.21238098144531248,0.00952380952380949,-0.21238098144531248,-0.21981134954488502,0,0,國精化,2024-07-01,13,34.6,S2,breakout_120d_only,4722,2024-07-01
early_watch,0.0,-0.16901406407521768,0.042253498749047935,-0.16901406407521768,-0.19649804108985602,0,0,東和,2024-07-01,14,36.6,S2,breakout_120d_only,1414,2024-07-01
early_watch,-0.009009009009009028,-0.08880308880308885,0.30244530244530243,-0.08880308880308885,-0.23913043478260865,0,0,辛耘,2024-07-01,15,34.6,S2,breakout_120d_only,3583,2024-07-01
early_watch,-0.03331976589028718,-0.0417623478244572,0.08606552278857738,-0.0417623478244572,-0.11769812035357141,0,0,高雄銀,2024-07-01,16,34.6,S2,breakout_120d_only,2836,2024-07-01
early_watch,-0.09467455621301779,-0.19970414201183428,0.17603550295857984,-0.19970414201183428,-0.319496855345912,0,0,京鼎,2024-07-01,17,34.6,S2,breakout_120d_only,3413,2024-07-01
early_watch,0.027777794947839718,-0.08333338484351926,0.084490686266675,-0.08333338484351926,-0.13062570499668402,0,0,遠傳,2024-07-01,18,36.6,S2,breakout_120d_only,4904,2024-07-01
early_watch,0.49282296650717683,-0.08133971291866027,1.0893141945773523,-0.08133971291866027,-0.3290076335877862,0,0,百德,2024-07-01,19,36.6,S2,breakout_120d_only,4563,2024-07-01
early_watch,-0.17111112806532114,-0.1777777777777778,0.1088889227973091,-0.1777777777777778,-0.2585170567417472,0,0,德淵,2024-07-01,20,36.6,S2,breakout_120d_only,4720,2024-07-01
early_watch,-0.09809526715959827,-0.21238098144531248,0.00952380952380949,-0.21238098144531248,-0.21981134954488502,0,0,國精化,2024-07-01,1,34.6,S2,volume_expansion_only,4722,2024-07-01
early_watch,-0.3459335624284078,-0.35166093928980524,-0.11798396334478811,-0.35166093928980524,-0.35166093928980524,0,0,皇龍,2024-07-01,2,22.6,S2,volume_expansion_only,3512,2024-07-01
early_watch,-0.010775862068965525,-0.18642241379310343,0.06465517241379315,-0.18642241379310343,-0.23582995951417007,0,0,千附,2024-07-01,3,34.6,S2,volume_expansion_only,8383,2024-07-01
early_watch,-0.09467455621301779,-0.19970414201183428,0.17603550295857984,-0.19970414201183428,-0.319496855345912,0,0,京鼎,2024-07-01,4,34.6,S2,volume_expansion_only,3413,2024-07-01
early_watch,-0.24253080284156725,-0.27152900436940375,-0.015817249591277616,-0.27152900436940375,-0.27152900436940375,0,0,聯電,2024-07-01,5,25.6,S2,volume_expansion_only,2303,2024-07-01
early_watch,-0.22741433021806856,-0.23987538940809972,0.012461059190031154,-0.23987538940809972,-0.24923076923076926,0,0,福邦證,2024-07-01,6,21.6,S2,volume_expansion_only,6026,2024-07-01
early_watch,-0.16083916083916083,-0.22797201730154615,0.025174867856752714,-0.22797201730154615,-0.24693044386420804,0,0,中宇,2024-07-01,7,7.6,S2,volume_expansion_only,1535,2024-07-01
early_watch,0.08096280087527363,-0.06564551422319476,0.3172866520787747,-0.06564551422319476,-0.21217712177121772,0,0,家登,2024-07-01,8,10.6,S2,volume_expansion_only,3680,2024-07-01
early_watch,-0.03331976589028718,-0.0417623478244572,0.08606552278857738,-0.0417623478244572,-0.11769812035357141,0,0,高雄銀,2024-07-01,9,34.6,S2,volume_expansion_only,2836,2024-07-01
early_watch,-0.07560137457044669,-0.09965635738831613,0.07903780068728516,-0.09965635738831613,-0.16560509554140124,0,0,豐泰,2024-07-01,10,12.0,S2,volume_expansion_only,9910,2024-07-01
early_watch,-0.009009009009009028,-0.08880308880308885,0.30244530244530243,-0.08880308880308885,-0.23913043478260865,0,0,辛耘,2024-07-01,11,34.6,S2,volume_expansion_only,3583,2024-07-01
early_watch,-0.31150442477876106,-0.36637168141592924,0.04955752212389375,-0.36637168141592924,-0.39629005059021927,0,0,環球晶,2024-07-01,12,23.6,S2,volume_expansion_only,6488,2024-07-01
early_watch,-0.28376328270031936,-0.3110773827819967,0.04248854867269958,-0.3110773827819967,-0.33915569806964097,0,0,銘異,2024-07-01,13,9.6,S2,volume_expansion_only,3060,2024-07-01
early_watch,-0.3387816050204815,-0.3573551554412545,-0.03714710084154593,-0.3573551554412545,-0.3573551554412545,0,0,宇瞻,2024-07-01,14,15.0,S2,volume_expansion_only,8271,2024-07-01
early_watch,0.15422077922077926,-0.1428571428571429,0.15422077922077926,-0.1428571428571429,-0.21216407355021216,0,0,昇達科,2024-07-01,15,25.6,S2,volume_expansion_only,3491,2024-07-01
early_watch,-0.21102151130304003,-0.35147850792426427,-0.012096794454578785,-0.35147850792426427,-0.35147850792426427,0,0,康霈*,2024-07-01,16,13.6,S2,volume_expansion_only,6919,2024-07-01
early_watch,-0.36856127886323276,-0.39431616341030185,-0.03730017761989335,-0.39431616341030185,-0.39431616341030185,0,0,高端疫苗,2024-07-01,17,25.6,S2,volume_expansion_only,6547,2024-07-01
early_watch,-0.17793594064494045,-0.17793594064494045,0.03558718812898798,-0.17793594064494045,-0.20618556430743806,0,0,云辰,2024-07-01,18,12.6,S2,volume_expansion_only,2390,2024-07-01
early_watch,-0.15598290598290598,-0.2136752136752137,0.0064102564102563875,-0.2136752136752137,-0.21868365180467086,0,0,鼎翰,2024-07-01,19,23.6,S2,volume_expansion_only,3611,2024-07-01
early_watch,-0.026732673267326756,-0.20000000000000007,0.054455445544554504,-0.20000000000000007,-0.20000000000000007,0,0,智擎,2024-07-01,20,25.6,S2,volume_expansion_only,4162,2024-07-01
early_watch,-0.010600706713780883,-0.09187279151943462,0.4946996466431095,-0.09187279151943462,-0.3427895981087471,0,0,弘塑,2024-07-01,1,36.6,S2,ma_alignment_only,3131,2024-07-01
early_watch,-0.42185514612452346,-0.4282083862770013,-0.02287166454891998,-0.4282083862770013,-0.4282083862770013,0,0,德微,2024-07-01,2,36.6,S2,ma_alignment_only,3675,2024-07-01
early_watch,0.49282296650717683,-0.08133971291866027,1.0893141945773523,-0.08133971291866027,-0.3290076335877862,0,0,百德,2024-07-01,3,36.6,S2,ma_alignment_only,4563,2024-07-01
early_watch,-0.2816901408450704,-0.37887323943661966,0.0,-0.37887323943661966,-0.37887323943661966,0,0,世界,2024-07-01,4,36.6,S2,ma_alignment_only,5347,2024-07-01
early_watch,-0.31081081081081086,-0.34684684684684686,0.21171171171171177,-0.34684684684684686,-0.4609665427509294,0,0,醫揚,2024-07-01,5,36.6,S2,ma_alignment_only,6569,2024-07-01
early_watch,-0.3510204081632653,-0.3575510204081632,0.19999999999999996,-0.3575510204081632,-0.46462585034013604,0,0,康全電訊,2024-07-01,6,36.6,S2,ma_alignment_only,8089,2024-07-01
early_watch,0.0,-0.16901406407521768,0.042253498749047935,-0.16901406407521768,-0.19649804108985602,0,0,東和,2024-07-01,7,36.6,S2,ma_alignment_only,1414,2024-07-01
early_watch,-0.224375013150109,-0.27631945671387637,0.07870365433241688,-0.27631945671387637,-0.32912015234249703,0,0,聚陽,2024-07-01,8,36.6,S2,ma_alignment_only,1477,2024-07-01
early_watch,-0.1418439741895594,-0.20094563010187583,-0.0047281505093793585,-0.20094563010187583,-0.20094563010187583,0,0,精技,2024-07-01,9,36.6,S2,ma_alignment_only,2414,2024-07-01
early_watch,0.16715542521994142,-0.07917888563049857,0.46627565982404695,-0.07917888563049857,-0.3098901098901099,0,0,志聖,2024-07-01,10,36.6,S2,ma_alignment_only,2467,2024-07-01
early_watch,-0.11592177952434557,-0.27932961489138497,0.09078212483970005,-0.27932961489138497,-0.32549021602456085,0,0,普安,2024-07-01,11,36.6,S2,ma_alignment_only,2495,2024-07-01
early_watch,-0.09027940611617613,-0.1213278468863378,0.03939392001033193,-0.1213278468863378,-0.1546302742420046,0,0,國票金,2024-07-01,12,36.6,S2,ma_alignment_only,2889,2024-07-01
early_watch,-0.17111112806532114,-0.1777777777777778,0.1088889227973091,-0.1777777777777778,-0.2585170567417472,0,0,德淵,2024-07-01,13,36.6,S2,ma_alignment_only,4720,2024-07-01
early_watch,0.027777794947839718,-0.08333338484351926,0.084490686266675,-0.08333338484351926,-0.13062570499668402,0,0,遠傳,2024-07-01,14,36.6,S2,ma_alignment_only,4904,2024-07-01
early_watch,-0.1409090489231899,-0.19772729031596104,0.08522727887385728,-0.19772729031596104,-0.26073300468768246,0,0,保瑞,2024-07-01,15,36.6,S2,ma_alignment_only,6472,2024-07-01
early_watch,-0.010775862068965525,-0.18642241379310343,0.06465517241379315,-0.18642241379310343,-0.23582995951417007,0,0,千附,2024-07-01,16,34.6,S2,ma_alignment_only,8383,2024-07-01
early_watch,-0.6359446898630525,-0.6359446898630525,0.6543779649665473,-0.6359446898630525,-0.779944294564931,0,0,福懋油,2024-07-01,17,34.6,S2,ma_alignment_only,1225,2024-07-01
early_watch,-0.03331976589028718,-0.0417623478244572,0.08606552278857738,-0.0417623478244572,-0.11769812035357141,0,0,高雄銀,2024-07-01,18,34.6,S2,ma_alignment_only,2836,2024-07-01
early_watch,-0.09467455621301779,-0.19970414201183428,0.17603550295857984,-0.19970414201183428,-0.319496855345912,0,0,京鼎,2024-07-01,19,34.6,S2,ma_alignment_only,3413,2024-07-01
early_watch,-0.009009009009009028,-0.08880308880308885,0.30244530244530243,-0.08880308880308885,-0.23913043478260865,0,0,辛耘,2024-07-01,20,34.6,S2,ma_alignment_only,3583,2024-07-01
early_watch,-0.4100106496272631,-0.5995740149094781,0.17997870074547384,-0.5995740149094781,-0.6606498194945848,0,0,郡都開發,2024-08-01,1,36.6,S2,radar_model,4402,2024-08-01
early_watch,-0.23684210526315785,-0.40087719298245617,-0.06666666666666665,-0.40087719298245617,-0.40087719298245617,0,0,坤悅,2024-08-01,2,36.6,S2,radar_model,5206,2024-08-01
early_watch,-0.17714285714285716,-0.2542857142857142,0.42000000000000015,-0.2542857142857142,-0.47484909456740443,0,0,南仁湖,2024-08-01,3,36.6,S2,radar_model,5905,2024-08-01
early_watch,-0.03853564433909973,-0.13487475518684888,0.03853564433909962,-0.13487475518684888,-0.16697587653460166,0,0,強盛新,2024-08-01,4,36.6,S2,radar_model,1463,2024-08-01
early_watch,-0.303743679987718,-0.38495137547321423,-0.027343661333596336,-0.38495137547321423,-0.38495137547321423,0,0,新美齊,2024-08-01,5,36.6,S2,radar_model,2442,2024-08-01
early_watch,0.021897810218978186,-0.21167883211678828,0.15328467153284664,-0.21167883211678828,-0.2354430186597607,0,0,皇翔,2024-08-01,6,36.6,S2,radar_model,2545,2024-08-01
early_watch,-0.013116187419205172,-0.11624996891354855,-0.0024471117552277155,-0.11624996891354855,-0.11624996891354855,0,0,華南金,2024-08-01,7,36.6,S2,radar_model,2880,2024-08-01
early_watch,-0.46452142607236113,-0.4917491747097399,-0.09900990348312089,-0.4917491747097399,-0.4917491747097399,0,0,隆大,2024-08-01,8,36.6,S2,radar_model,5519,2024-08-01
early_watch,-0.3959322137347723,-0.4569491628873146,-0.0847457627118644,-0.4569491628873146,-0.4569491628873146,0,0,長虹,2024-08-01,9,36.6,S2,radar_model,5534,2024-08-01
early_watch,-0.29428991787286685,-0.30453883048871244,-0.061493475695073574,-0.30453883048871244,-0.30453883048871244,0,0,潤泰材,2024-08-01,10,36.6,S2,radar_model,8463,2024-08-01
early_watch,0.15084748348947308,-0.12033895718849308,0.2016949411165916,-0.12033895718849308,-0.18758819133315863,0,0,慶豐富,2024-08-01,11,36.6,S2,radar_model,9935,2024-08-01
early_watch,0.2730061945537823,-0.10736190970774973,0.4815951379691814,-0.10736190970774973,-0.18737058757790803,0,0,峰源-KY,2024-08-01,12,36.6,S2,radar_model,6807,2024-08-01
early_watch,-0.016877637130801704,-0.08860759493670889,0.09704641350210963,-0.08860759493670889,-0.12307692307692308,0,0,華研,2024-08-01,13,34.6,S2,radar_model,8446,2024-08-01
early_watch,-0.3336363636363636,-0.4618181818181818,0.2527272727272729,-0.4618181818181818,-0.5703918722786647,0,0,太普高,2024-08-01,14,33.6,S2,radar_model,3284,2024-08-01
early_watch,-0.07624113475177297,-0.150709219858156,0.7056737588652484,-0.150709219858156,-0.45945945945945943,0,0,力麗店,2024-08-01,15,33.6,S2,radar_model,5364,2024-08-01
early_watch,-0.06185568209086656,-0.2309278939006174,-0.05896915477160747,-0.2309278939006174,-0.2309278939006174,0,0,潤弘,2024-08-01,16,33.6,S2,radar_model,2597,2024-08-01
early_watch,-0.0016051364365969878,-0.1091492776886035,0.0658105939004816,-0.1091492776886035,-0.16415662650602414,0,0,匯鑽科,2024-08-01,17,33.2,S2,radar_model,8431,2024-08-01
early_watch,-0.19528619528619529,-0.2154882154882155,0.08417508417508412,-0.2154882154882155,-0.27639751552795033,0,0,桂盟,2024-08-01,18,33.2,S2,radar_model,5306,2024-08-01
early_watch,0.21870499206103866,-0.13669064748201443,0.23309348126967167,-0.13669064748201443,-0.17076331250334342,0,0,名軒,2024-08-01,19,32.6,S2,radar_model,1442,2024-08-01
early_watch,-0.21287133574263561,-0.25247525687358374,0.04455443487811572,-0.25247525687358374,-0.2843601844324738,0,0,三商,2024-08-01,20,32.6,S2,radar_model,2905,2024-08-01
early_watch,-0.021111128065321227,-0.07555558946397567,0.03111114501953116,-0.07555558946397567,-0.08728454565888288,0,0,禾伸堂,2024-08-01,1,9.0,S2,random_top_n,3026,2024-08-01
early_watch,-0.10021786492374729,-0.15250544662309373,0.008714596949890963,-0.15250544662309373,-0.1598272138228941,0,0,松瑞藥,2024-08-01,2,11.0,S2,random_top_n,4167,2024-08-01
early_watch,-0.04424778761061943,-0.17079648718369744,0.23451327433628322,-0.17079648718369744,-0.2967742044865871,0,0,京元電子,2024-08-01,3,17.0,S2,random_top_n,2449,2024-08-01
early_watch,-0.1487684578731142,-0.1714285864618611,0.024630541871921263,-0.1714285864618611,-0.1913461685180664,0,0,創見,2024-08-01,4,11.0,S2,random_top_n,2451,2024-08-01
early_watch,-0.17957746478873238,-0.21830985915492962,-0.028169014084507005,-0.21830985915492962,-0.21830985915492962,0,0,華立,2024-08-01,5,12.0,S2,random_top_n,3010,2024-08-01
early_watch,0.07089552238805963,-0.15298507462686572,0.4981343283582089,-0.15298507462686572,-0.38978829389788294,0,0,松上,2024-08-01,6,14.6,S2,random_top_n,6156,2024-08-01
early_watch,-0.008038585110402674,-0.15755625589798494,0.43086814965167575,-0.15755625589798494,-0.3617977613813421,0,0,怡利電,2024-08-01,7,27.6,S2,random_top_n,2497,2024-08-01
early_watch,-0.46439314783930485,-0.4924774320666293,-0.015045135866741388,-0.4924774320666293,-0.4924774320666293,0,0,台化,2024-08-01,8,6.0,S2,random_top_n,1326,2024-08-01
early_watch,-0.17053210496963955,-0.17326062822492827,-0.038199221489536694,-0.17326062822492827,-0.17326062822492827,0,0,生達,2024-08-01,9,14.0,S2,random_top_n,1720,2024-08-01
early_watch,-0.12432432432432439,-0.23513513513513506,0.014864864864864824,-0.23513513513513506,-0.24633821571238346,0,0,皇龍,2024-08-01,10,9.0,S2,random_top_n,3512,2024-08-01
early_watch,-0.28864735078498915,-0.39009664083668283,0.15700482513115088,-0.39009664083668283,-0.4728601420532691,0,0,慧友,2024-08-01,11,0.0,S2,random_top_n,5484,2024-08-01
early_watch,-0.07624113475177297,-0.150709219858156,0.7056737588652484,-0.150709219858156,-0.45945945945945943,0,0,力麗店,2024-08-01,12,33.6,S2,random_top_n,5364,2024-08-01
early_watch,-0.6472934472934473,-0.6894586894586894,0.3048433048433048,-0.6894586894586894,-0.7620087336244541,0,0,易威,2024-08-01,13,12.6,S2,random_top_n,1799,2024-08-01
early_watch,-0.3042292240562606,-0.34515691675883353,-0.031377939372441266,-0.34515691675883353,-0.34515691675883353,0,0,華榮,2024-08-01,14,11.0,S2,random_top_n,1608,2024-08-01
early_watch,-0.06043956043956056,-0.17948717948717952,0.023809523809523725,-0.17948717948717952,-0.19141323792486575,0,0,欣技,2024-08-01,15,3.0,S2,random_top_n,6160,2024-08-01
early_watch,0.2925926491066262,-0.12962962962962965,0.3777778060347945,-0.12962962962962965,-0.18279572593943838,0,0,泰福-KY,2024-08-01,16,3.0,S2,random_top_n,6541,2024-08-01
early_watch,-0.42699386503067494,-0.46503067484662575,-0.08895705521472397,-0.46503067484662575,-0.46503067484662575,0,0,富裔,2024-08-01,17,24.6,S2,random_top_n,6264,2024-08-01
early_watch,-0.1536772802908114,-0.19868275276934044,0.10867180781228236,-0.19868275276934044,-0.27722772277227725,0,0,大眾控,2024-08-01,18,1.0,S2,random_top_n,3701,2024-08-01
early_watch,-0.2666666666666667,-0.39621212121212124,-0.030303030303030276,-0.39621212121212124,-0.39621212121212124,0,0,世德,2024-08-01,19,9.0,S2,random_top_n,2066,2024-08-01
early_watch,0.3676767676767678,-0.1636363636363637,0.6787878787878787,-0.1636363636363637,-0.2707581227436823,0,0,健椿,2024-08-01,20,13.0,S2,random_top_n,4561,2024-08-01
early_watch,-0.2650862639497473,-0.3706896594248259,0.047413725773590265,-0.3706896594248259,-0.3991769201703145,0,0,寶徠,2024-08-01,1,27.6,S2,breakout_120d_only,1805,2024-08-01
early_watch,-0.2094972111685388,-0.2262569454397051,-0.03631282862472174,-0.2262569454397051,-0.2262569454397051,0,0,信義,2024-08-01,2,14.6,S2,breakout_120d_only,9940,2024-08-01
early_watch,-0.07113539065370966,-0.13953484488584766,-0.05335159517492449,-0.13953484488584766,-0.13953484488584766,0,0,中聯資源,2024-08-01,3,27.6,S2,breakout_120d_only,9930,2024-08-01
early_watch,1.6577380952380953,-0.1071428571428571,1.8869047619047619,-0.1071428571428571,-0.23402061855670098,0,0,台灣精銳,2024-08-01,4,27.6,S2,breakout_120d_only,4583,2024-08-01
early_watch,-0.002024291497975783,-0.165991902834008,0.23481781376518218,-0.165991902834008,-0.3016393442622951,0,0,御嵿,2024-08-01,5,16.6,S2,breakout_120d_only,3522,2024-08-01
early_watch,0.25360230547550433,-0.17002881844380413,0.8876080691642649,-0.17002881844380413,-0.38854961832061075,0,0,百德,2024-08-01,6,14.6,S2,breakout_120d_only,4563,2024-08-01
early_watch,-0.5333333333333333,-0.5829787234042554,0.21843971631205683,-0.5829787234042554,-0.6577415599534342,0,0,福裕,2024-08-01,7,18.6,S2,breakout_120d_only,4513,2024-08-01
early_watch,-0.3546391909884423,-0.39587630439050414,-0.05979384589441039,-0.39587630439050414,-0.39587630439050414,0,0,台火,2024-08-01,8,25.6,S2,breakout_120d_only,9902,2024-08-01
early_watch,-0.4431578786749589,-0.4694736681486431,-0.029473716334292743,-0.4694736681486431,-0.4694736681486431,0,0,三地開發,2024-08-01,9,25.6,S2,breakout_120d_only,1438,2024-08-01
early_watch,-0.46452142607236113,-0.4917491747097399,-0.09900990348312089,-0.4917491747097399,-0.4917491747097399,0,0,隆大,2024-08-01,10,36.6,S2,breakout_120d_only,5519,2024-08-01
early_watch,-0.07624113475177297,-0.150709219858156,0.7056737588652484,-0.150709219858156,-0.45945945945945943,0,0,力麗店,2024-08-01,11,33.6,S2,breakout_120d_only,5364,2024-08-01
early_watch,0.021897810218978186,-0.21167883211678828,0.15328467153284664,-0.21167883211678828,-0.2354430186597607,0,0,皇翔,2024-08-01,12,36.6,S2,breakout_120d_only,2545,2024-08-01
early_watch,0.04912836767036444,-0.1077654516640254,0.8383518225039619,-0.1077654516640254,-0.4672413793103448,0,0,精湛,2024-08-01,13,18.6,S2,breakout_120d_only,2070,2024-08-01
early_watch,-0.23684210526315785,-0.40087719298245617,-0.06666666666666665,-0.40087719298245617,-0.40087719298245617,0,0,坤悅,2024-08-01,14,36.6,S2,breakout_120d_only,5206,2024-08-01
early_watch,0.15084748348947308,-0.12033895718849308,0.2016949411165916,-0.12033895718849308,-0.18758819133315863,0,0,慶豐富,2024-08-01,15,36.6,S2,breakout_120d_only,9935,2024-08-01
early_watch,0.2730061945537823,-0.10736190970774973,0.4815951379691814,-0.10736190970774973,-0.18737058757790803,0,0,峰源-KY,2024-08-01,16,36.6,S2,breakout_120d_only,6807,2024-08-01
early_watch,-0.29428991787286685,-0.30453883048871244,-0.061493475695073574,-0.30453883048871244,-0.30453883048871244,0,0,潤泰材,2024-08-01,17,36.6,S2,breakout_120d_only,8463,2024-08-01
early_watch,-0.016877637130801704,-0.08860759493670889,0.09704641350210963,-0.08860759493670889,-0.12307692307692308,0,0,華研,2024-08-01,18,34.6,S2,breakout_120d_only,8446,2024-08-01
early_watch,-0.3959322137347723,-0.4569491628873146,-0.0847457627118644,-0.4569491628873146,-0.4569491628873146,0,0,長虹,2024-08-01,19,36.6,S2,breakout_120d_only,5534,2024-08-01
early_watch,-0.3807785888077859,-0.46350364963503654,-0.07055961070559602,-0.46350364963503654,-0.46350364963503654,0,0,森寶,2024-08-01,20,25.6,S2,breakout_120d_only,3489,2024-08-01
early_watch,0.0012515453343102667,-0.03379229694710595,0.12891107916971944,-0.03379229694710595,-0.13858093595249954,0,0,統一,2024-08-01,1,14.0,S2,volume_expansion_only,1216,2024-08-01
early_watch,-0.0398550857342832,-0.08695650671590571,-0.018115941778598432,-0.08695650671590571,-0.08695650671590571,0,0,大成,2024-08-01,2,12.0,S2,volume_expansion_only,1210,2024-08-01
early_watch,-0.09523809523809523,-0.10034013605442171,0.2738095238095237,-0.10034013605442171,-0.28971962616822433,0,0,中砂,2024-08-01,3,14.0,S2,volume_expansion_only,1560,2024-08-01
early_watch,-0.29336734122904284,-0.3265306350838284,-0.007653041612799449,-0.3265306350838284,-0.3265306350838284,0,0,成霖,2024-08-01,4,23.6,S2,volume_expansion_only,9934,2024-08-01
early_watch,-0.2222222628213837,-0.24827584090140276,-0.04214560786944266,-0.24827584090140276,-0.24827584090140276,0,0,太子,2024-08-01,5,23.6,S2,volume_expansion_only,2511,2024-08-01
early_watch,-0.14680854310380653,-0.2851064154442321,-0.034042520725980685,-0.2851064154442321,-0.2851064154442321,0,0,中華,2024-08-01,6,12.0,S2,volume_expansion_only,2204,2024-08-01
early_watch,-0.25602973397193773,-0.25602973397193773,0.0389610095486328,-0.25602973397193773,-0.28392859867640907,0,0,聯電,2024-08-01,7,24.6,S2,volume_expansion_only,2303,2024-08-01
early_watch,-0.4431578786749589,-0.4694736681486431,-0.029473716334292743,-0.4694736681486431,-0.4694736681486431,0,0,三地開發,2024-08-01,8,25.6,S2,volume_expansion_only,1438,2024-08-01
early_watch,0.4363852556480381,-0.07728894173602852,0.4982164090368608,-0.07728894173602852,-0.17100000000000004,0,0,台光電,2024-08-01,9,14.0,S2,volume_expansion_only,2383,2024-08-01
early_watch,-0.3546391909884423,-0.39587630439050414,-0.05979384589441039,-0.39587630439050414,-0.39587630439050414,0,0,台火,2024-08-01,10,25.6,S2,volume_expansion_only,9902,2024-08-01
early_watch,0.021897810218978186,-0.21167883211678828,0.15328467153284664,-0.21167883211678828,-0.2354430186597607,0,0,皇翔,2024-08-01,11,36.6,S2,volume_expansion_only,2545,2024-08-01
early_watch,-0.2490842490842491,-0.2551892551892553,0.3492063492063491,-0.2551892551892553,-0.44796380090497734,0,0,鑫科,2024-08-01,12,25.6,S2,volume_expansion_only,3663,2024-08-01
early_watch,0.06737588652482263,-0.14184397163120566,0.0851063829787233,-0.14184397163120566,-0.14184397163120566,0,0,新至陞,2024-08-01,13,10.6,S2,volume_expansion_only,3679,2024-08-01
early_watch,-0.1487603416518427,-0.1867768725315796,-0.033057897487107635,-0.1867768725315796,-0.1867768725315796,0,0,鄉林,2024-08-01,14,23.6,S2,volume_expansion_only,5531,2024-08-01
early_watch,0.645422943221321,-0.19814600231749702,0.645422943221321,-0.19814600231749702,-0.3929824561403509,0,0,擎亞,2024-08-01,15,27.6,S2,volume_expansion_only,8096,2024-08-01
early_watch,0.03571428571428581,-0.1114285605294364,0.22714287894112717,-0.1114285605294364,-0.25145515821223485,0,0,全科,2024-08-01,16,14.0,S2,volume_expansion_only,3209,2024-08-01
early_watch,-0.0016051364365969878,-0.1091492776886035,0.0658105939004816,-0.1091492776886035,-0.16415662650602414,0,0,匯鑽科,2024-08-01,17,33.2,S2,volume_expansion_only,8431,2024-08-01
early_watch,-0.09577469086982837,-0.17746476724114213,-0.028169014084507005,-0.17746476724114213,-0.17746476724114213,0,0,堤維西,2024-08-01,18,27.6,S2,volume_expansion_only,1522,2024-08-01
early_watch,-0.46452142607236113,-0.4917491747097399,-0.09900990348312089,-0.4917491747097399,-0.4917491747097399,0,0,隆大,2024-08-01,19,36.6,S2,volume_expansion_only,5519,2024-08-01
early_watch,-0.24429967426710097,-0.28013029315960913,-0.04234527687296419,-0.28013029315960913,-0.28013029315960913,0,0,力成,2024-08-01,20,14.0,S2,volume_expansion_only,6239,2024-08-01
early_watch,-0.4100106496272631,-0.5995740149094781,0.17997870074547384,-0.5995740149094781,-0.6606498194945848,0,0,郡都開發,2024-08-01,1,36.6,S2,ma_alignment_only,4402,2024-08-01
early_watch,-0.23684210526315785,-0.40087719298245617,-0.06666666666666665,-0.40087719298245617,-0.40087719298245617,0,0,坤悅,2024-08-01,2,36.6,S2,ma_alignment_only,5206,2024-08-01
early_watch,-0.17714285714285716,-0.2542857142857142,0.42000000000000015,-0.2542857142857142,-0.47484909456740443,0,0,南仁湖,2024-08-01,3,36.6,S2,ma_alignment_only,5905,2024-08-01
early_watch,-0.03853564433909973,-0.13487475518684888,0.03853564433909962,-0.13487475518684888,-0.16697587653460166,0,0,強盛新,2024-08-01,4,36.6,S2,ma_alignment_only,1463,2024-08-01
early_watch,-0.303743679987718,-0.38495137547321423,-0.027343661333596336,-0.38495137547321423,-0.38495137547321423,0,0,新美齊,2024-08-01,5,36.6,S2,ma_alignment_only,2442,2024-08-01
early_watch,0.021897810218978186,-0.21167883211678828,0.15328467153284664,-0.21167883211678828,-0.2354430186597607,0,0,皇翔,2024-08-01,6,36.6,S2,ma_alignment_only,2545,2024-08-01
early_watch,-0.013116187419205172,-0.11624996891354855,-0.0024471117552277155,-0.11624996891354855,-0.11624996891354855,0,0,華南金,2024-08-01,7,36.6,S2,ma_alignment_only,2880,2024-08-01
early_watch,-0.46452142607236113,-0.4917491747097399,-0.09900990348312089,-0.4917491747097399,-0.4917491747097399,0,0,隆大,2024-08-01,8,36.6,S2,ma_alignment_only,5519,2024-08-01
early_watch,-0.3959322137347723,-0.4569491628873146,-0.0847457627118644,-0.4569491628873146,-0.4569491628873146,0,0,長虹,2024-08-01,9,36.6,S2,ma_alignment_only,5534,2024-08-01
early_watch,-0.29428991787286685,-0.30453883048871244,-0.061493475695073574,-0.30453883048871244,-0.30453883048871244,0,0,潤泰材,2024-08-01,10,36.6,S2,ma_alignment_only,8463,2024-08-01
early_watch,0.15084748348947308,-0.12033895718849308,0.2016949411165916,-0.12033895718849308,-0.18758819133315863,0,0,慶豐富,2024-08-01,11,36.6,S2,ma_alignment_only,9935,2024-08-01
early_watch,0.2730061945537823,-0.10736190970774973,0.4815951379691814,-0.10736190970774973,-0.18737058757790803,0,0,峰源-KY,2024-08-01,12,36.6,S2,ma_alignment_only,6807,2024-08-01
early_watch,-0.3336363636363636,-0.4618181818181818,0.2527272727272729,-0.4618181818181818,-0.5703918722786647,0,0,太普高,2024-08-01,13,33.6,S2,ma_alignment_only,3284,2024-08-01
early_watch,-0.07624113475177297,-0.150709219858156,0.7056737588652484,-0.150709219858156,-0.45945945945945943,0,0,力麗店,2024-08-01,14,33.6,S2,ma_alignment_only,5364,2024-08-01
early_watch,-0.06185568209086656,-0.2309278939006174,-0.05896915477160747,-0.2309278939006174,-0.2309278939006174,0,0,潤弘,2024-08-01,15,33.6,S2,ma_alignment_only,2597,2024-08-01
early_watch,0.21870499206103866,-0.13669064748201443,0.23309348126967167,-0.13669064748201443,-0.17076331250334342,0,0,名軒,2024-08-01,16,32.6,S2,ma_alignment_only,1442,2024-08-01
early_watch,-0.21287133574263561,-0.25247525687358374,0.04455443487811572,-0.25247525687358374,-0.2843601844324738,0,0,三商,2024-08-01,17,32.6,S2,ma_alignment_only,2905,2024-08-01
early_watch,-0.07344668794236586,-0.08105694539995545,-0.0068565801034112805,-0.08105694539995545,-0.08105694539995545,0,0,合庫金,2024-08-01,18,32.6,S2,ma_alignment_only,5880,2024-08-01
early_watch,-0.3755186721991701,-0.4273858921161826,0.012448132780082943,-0.4273858921161826,-0.43442622950819676,0,0,巨大,2024-08-01,19,32.6,S2,ma_alignment_only,9921,2024-08-01
early_watch,-0.14206554314202546,-0.19183885439636805,0.0020150485468655166,-0.19183885439636805,-0.19346406346328127,0,0,富華新,2024-08-01,20,29.6,S2,ma_alignment_only,3056,2024-08-01
early_watch,0.0045045045045044585,-0.09009009009009006,0.06306306306306309,-0.09009009009009006,-0.14406779661016944,0,0,伸興,2024-09-02,1,36.6,S2,radar_model,1558,2024-09-02
early_watch,0.09696968155677865,-0.05959597500887781,0.22626264167554444,-0.05959597500887781,-0.1233521549017137,0,0,漢平,2024-09-02,2,36.6,S2,radar_model,2488,2024-09-02
early_watch,-0.12352943420410156,-0.16470589357263898,0.3088235294117647,-0.16470589357263898,-0.3617977613813421,0,0,怡利電,2024-09-02,3,36.6,S2,radar_model,2497,2024-09-02
early_watch,-0.1073059553608996,-0.3584474687001036,0.050228328795904664,-0.3584474687001036,-0.3891304264897886,0,0,光麗-KY,2024-09-02,4,36.6,S2,radar_model,6431,2024-09-02
early_watch,0.1258032934769573,-0.04066733398357547,0.3787793040042582,-0.04066733398357547,-0.18347824760105302,0,0,材料*-KY,2024-09-02,5,35.2,S2,radar_model,4763,2024-09-02
early_watch,-0.30456852791878175,-0.4010152284263959,0.20050761421319807,-0.4010152284263959,-0.5010570824524313,0,0,正基,2024-09-02,6,34.6,S2,radar_model,6546,2024-09-02
early_watch,-0.17228464419475653,-0.19288389513108617,0.13295880149812733,-0.19288389513108617,-0.28760330578512394,0,0,永道-KY,2024-09-02,7,34.6,S2,radar_model,6863,2024-09-02
early_watch,-0.23814432989690715,-0.2865979381443299,0.035051546391752675,-0.2865979381443299,-0.31075697211155384,0,0,晟楠,2024-09-02,8,33.2,S2,radar_model,3631,2024-09-02
early_watch,0.005319156370426459,-0.04494679708046945,0.05335106938689371,-0.04494679708046945,-0.06468714838442591,0,0,富邦金,2024-09-02,9,32.6,S2,radar_model,2881,2024-09-02
early_watch,-0.24468089855326935,-0.25797877053392637,0.007092157807799149,-0.25797877053392637,-0.2632042423195132,0,0,國產,2024-09-02,10,29.6,S2,radar_model,2504,2024-09-02
early_watch,-0.22433034393328166,-0.23102675558885089,0.07142858967489163,-0.23102675558885089,-0.2822916507720947,0,0,巨鎧精密-創,2024-09-02,11,29.2,S2,radar_model,2254,2024-09-02
early_watch,-0.07008086253369272,-0.22911051212938005,0.5579514824797844,-0.22911051212938005,-0.5051903114186851,0,0,華義*,2024-09-02,12,27.6,S2,radar_model,3086,2024-09-02
early_watch,-0.40374331550802134,-0.4278074866310161,0.048128342245989275,-0.4278074866310161,-0.45408163265306123,0,0,弘塑,2024-09-02,13,27.6,S2,radar_model,3131,2024-09-02
early_watch,-0.23943661971830987,-0.2873239436619718,0.016901408450704203,-0.2873239436619718,-0.2991689750692521,0,0,旭軟,2024-09-02,14,27.6,S2,radar_model,3390,2024-09-02
early_watch,0.04661487236404005,-0.10987791342952269,0.1875693673695895,-0.10987791342952269,-0.2076190476190476,0,0,湧德,2024-09-02,15,27.6,S2,radar_model,3689,2024-09-02
early_watch,-0.1875,-0.3698529411764706,0.4411764705882353,-0.3698529411764706,-0.5627551020408164,0,0,新復興,2024-09-02,16,27.6,S2,radar_model,4909,2024-09-02
early_watch,-0.06592039800995042,-0.23134328358208966,0.18159203980099492,-0.23134328358208966,-0.3494736842105264,0,0,久威,2024-09-02,17,27.6,S2,radar_model,6114,2024-09-02
early_watch,0.05490196078431375,0.0039215686274509665,0.7254901960784315,0.0039215686274509665,-0.40340909090909094,0,0,萬旭,2024-09-02,18,27.6,S2,radar_model,6134,2024-09-02
early_watch,-0.4877470355731226,-0.5067193675889328,-0.031620553359683834,-0.5067193675889328,-0.5067193675889328,0,0,康全電訊,2024-09-02,19,27.6,S2,radar_model,8089,2024-09-02
early_watch,-0.42300884955752216,-0.5386430678466076,-0.36283185840707965,-0.5386430678466076,-0.5386430678466076,0,0,智通*,2024-09-02,20,27.6,S2,radar_model,8932,2024-08-28
early_watch,-0.1607142857142857,-0.20798319327731085,-0.028361344537815136,-0.20798319327731085,-0.20798319327731085,0,0,佳邦,2024-09-02,1,22.6,S2,random_top_n,6284,2024-09-02
early_watch,-0.15217387473425403,-0.2717391360684921,-0.004076024844875015,-0.2717391360684921,-0.2717391360684921,0,0,福懋科,2024-09-02,2,17.6,S2,random_top_n,8131,2024-09-02
early_watch,-0.1415929203539822,-0.24146649810366616,0.0025284450063212116,-0.24146649810366616,-0.2433795712484237,0,0,亞昕,2024-09-02,3,11.0,S2,random_top_n,5213,2024-09-02
early_watch,0.2182985947891969,-0.04012841140634904,0.33226325869078965,-0.04012841140634904,-0.22289156626506024,0,0,陽明,2024-09-02,4,14.0,S2,random_top_n,2609,2024-09-02
early_watch,0.21553884711779459,-0.16165413533834583,0.6390977443609023,-0.16165413533834583,-0.3134556574923547,0,0,光聖,2024-09-02,5,12.0,S2,random_top_n,6442,2024-09-02
early_watch,0.19262295081967218,-0.09426229508196726,0.22131147540983598,-0.09426229508196726,-0.12765957446808507,0,0,啟碁,2024-09-02,6,0.0,S2,random_top_n,6285,2024-09-02
early_watch,0.15187967630257293,-0.039097721415354836,0.19248124889861362,-0.039097721415354836,-0.09207157582125758,0,0,仁寶,2024-09-02,7,17.6,S2,random_top_n,2324,2024-09-02
early_watch,0.3940298735205807,-0.0328357753468983,0.6059701264794193,-0.0328357753468983,-0.225840343374055,0,0,三芳,2024-09-02,8,24.6,S2,random_top_n,1307,2024-09-02
early_watch,0.26834865074327974,-0.057339451548005904,0.3165138425394405,-0.057339451548005904,-0.12543555002682916,0,0,群益證,2024-09-02,9,6.0,S2,random_top_n,6005,2024-09-02
early_watch,0.3843648208469057,-0.06297502714440828,0.6395222584147666,-0.06297502714440828,-0.1556291390728477,0,0,艾訊,2024-09-02,10,22.6,S2,random_top_n,3088,2024-09-02
early_watch,-0.6584126984126983,-0.7028571428571428,0.053968253968254,-0.7028571428571428,-0.7180722891566265,0,0,樺晟,2024-09-02,11,17.6,S2,random_top_n,3202,2024-09-02
early_watch,-0.3760869565217392,-0.43260869565217386,-0.0021739130434782483,-0.43260869565217386,-0.43260869565217386,0,0,南仁湖,2024-09-02,12,17.6,S2,random_top_n,5905,2024-09-02
early_watch,-0.09722220750502575,-0.1314102096461469,0.0844017270797619,-0.1314102096461469,-0.1990147482585437,0,0,日友,2024-09-02,13,12.0,S2,random_top_n,8341,2024-09-02
early_watch,0.6737968641691663,-0.09982172239638065,0.8716578049184165,-0.09982172239638065,-0.17580872388555302,0,0,事欣科,2024-09-02,14,19.6,S2,random_top_n,4916,2024-09-02
early_watch,-0.1807780637976245,-0.1967963876126918,0.21739130055248523,-0.1967963876126918,-0.3402256020535117,0,0,金橋,2024-09-02,15,11.6,S2,random_top_n,6133,2024-09-02
early_watch,-0.02840909090909094,-0.19886363636363635,0.07765151515151514,-0.19886363636363635,-0.2565905096660809,0,0,捷波,2024-09-02,16,19.6,S2,random_top_n,6161,2024-09-02
early_watch,-0.3500000105963813,-0.4243055449591743,-0.00694444444444442,-0.4243055449591743,-0.4243055449591743,0,0,台勝科,2024-09-02,17,19.6,S2,random_top_n,3532,2024-09-02
early_watch,-0.037542700685589625,-0.1763368004244027,0.12286687957884901,-0.1763368004244027,-0.18924972466577517,0,0,皇普,2024-09-02,18,9.0,S2,random_top_n,2528,2024-09-02
early_watch,-0.20225992785696567,-0.23389831439957642,0.011299369885315658,-0.23389831439957642,-0.2424580609722896,0,0,力鵬,2024-09-02,19,11.0,S2,random_top_n,1447,2024-09-02
early_watch,0.052064590151876367,-0.04488330279635111,0.6229802565106506,-0.04488330279635111,-0.3606194882583704,0,0,光鋐,2024-09-02,20,25.6,S2,random_top_n,4956,2024-09-02
early_watch,-0.06592039800995042,-0.23134328358208966,0.18159203980099492,-0.23134328358208966,-0.3494736842105264,0,0,久威,2024-09-02,1,27.6,S2,breakout_120d_only,6114,2024-09-02
early_watch,0.7282321899736148,-0.01055408970976257,1.79155672823219,-0.01055408970976257,-0.4584120982986768,0,0,聯亞,2024-09-02,2,2.6,S2,breakout_120d_only,3081,2024-09-02
early_watch,0.25602409638554224,-0.0993975903614458,0.7018072289156627,-0.0993975903614458,-0.26371681415929205,0,0,宇隆,2024-09-02,3,11.6,S2,breakout_120d_only,2233,2024-09-02
early_watch,-0.2637244305445474,-0.2777180046070373,0.06135626323595211,-0.2777180046070373,-0.3194726215768411,0,0,健和興,2024-09-02,4,14.6,S2,breakout_120d_only,3003,2024-09-02
early_watch,-0.30456852791878175,-0.4010152284263959,0.20050761421319807,-0.4010152284263959,-0.5010570824524313,0,0,正基,2024-09-02,5,34.6,S2,breakout_120d_only,6546,2024-09-02
early_watch,-0.1073059553608996,-0.3584474687001036,0.050228328795904664,-0.3584474687001036,-0.3891304264897886,0,0,光麗-KY,2024-09-02,6,36.6,S2,breakout_120d_only,6431,2024-09-02
early_watch,-0.17228464419475653,-0.19288389513108617,0.13295880149812733,-0.19288389513108617,-0.28760330578512394,0,0,永道-KY,2024-09-02,7,34.6,S2,breakout_120d_only,6863,2024-09-02
early_watch,-0.12352943420410156,-0.16470589357263898,0.3088235294117647,-0.16470589357263898,-0.3617977613813421,0,0,怡利電,2024-09-02,8,36.6,S2,breakout_120d_only,2497,2024-09-02
early_watch,0.0045045045045044585,-0.09009009009009006,0.06306306306306309,-0.09009009009009006,-0.14406779661016944,0,0,伸興,2024-09-02,9,36.6,S2,breakout_120d_only,1558,2024-09-02
early_watch,0.09696968155677865,-0.05959597500887781,0.22626264167554444,-0.05959597500887781,-0.1233521549017137,0,0,漢平,2024-09-02,10,36.6,S2,breakout_120d_only,2488,2024-09-02
early_watch,0.005319156370426459,-0.04494679708046945,0.05335106938689371,-0.04494679708046945,-0.06468714838442591,0,0,富邦金,2024-09-02,11,32.6,S2,breakout_120d_only,2881,2024-09-02
early_watch,-0.24468089855326935,-0.25797877053392637,0.007092157807799149,-0.25797877053392637,-0.2632042423195132,0,0,國產,2024-09-02,12,29.6,S2,breakout_120d_only,2504,2024-09-02
early_watch,-0.019607843137254943,-0.2666666666666667,0.2921568627450981,-0.2666666666666667,-0.31123388581952116,0,0,錦明,2024-09-02,13,0.0,S2,breakout_120d_only,3230,2024-09-02
early_watch,0.10679611650485432,-0.17281556360929917,0.28640776699029136,-0.17281556360929917,-0.23773584905660372,0,0,一詮,2024-09-02,1,22.6,S2,volume_expansion_only,2486,2024-09-02
early_watch,-0.02127659574468077,-0.10030395136778103,0.15197568389057747,-0.10030395136778103,-0.20316622691292874,0,0,華容,2024-09-02,2,10.6,S2,volume_expansion_only,5328,2024-09-02
early_watch,-0.30456852791878175,-0.4010152284263959,0.20050761421319807,-0.4010152284263959,-0.5010570824524313,0,0,正基,2024-09-02,3,34.6,S2,volume_expansion_only,6546,2024-09-02
early_watch,0.03577235772357734,-0.042276422764227606,0.2829268292682927,-0.042276422764227606,-0.24207858048162234,0,0,碩天,2024-09-02,4,20.6,S2,volume_expansion_only,3617,2024-09-02
early_watch,-0.09956709956709953,-0.1298701298701299,0.04329004329004338,-0.1298701298701299,-0.1659751037344398,0,0,台星科,2024-09-02,5,7.6,S2,volume_expansion_only,3265,2024-09-02
early_watch,-0.13,-0.15666666666666662,0.16666666666666674,-0.15666666666666662,-0.27714285714285714,0,0,全新,2024-09-02,6,11.6,S2,volume_expansion_only,2455,2024-09-02
early_watch,-0.06060604770050726,-0.12440190019377084,0.1897926246631796,-0.12440190019377084,-0.26407503151727485,0,0,洋華,2024-09-02,7,11.6,S2,volume_expansion_only,3622,2024-09-02
early_watch,0.010356731875719172,-0.1852704257767549,0.2819332566168009,-0.1852704257767549,-0.36445242369838415,0,0,矽力*-KY,2024-09-02,8,17.0,S2,volume_expansion_only,6415,2024-09-02
early_watch,-0.14591696265910037,-0.16465864160138166,0.03614461867456198,-0.16465864160138166,-0.19379848783349518,0,0,佳世達,2024-09-02,9,23.6,S2,volume_expansion_only,2352,2024-09-02
early_watch,0.20512820512820507,-0.08653846153846156,0.7596153846153846,-0.08653846153846156,-0.3224043715846995,0,0,鈞興-KY,2024-09-02,10,22.6,S2,volume_expansion_only,4571,2024-09-02
early_watch,-0.30402930402930406,-0.3141025641025641,0.020146520146520075,-0.3141025641025641,-0.32764811490125667,0,0,光頡,2024-09-02,11,25.6,S2,volume_expansion_only,3624,2024-09-02
early_watch,-0.23943661971830987,-0.2873239436619718,0.016901408450704203,-0.2873239436619718,-0.2991689750692521,0,0,旭軟,2024-09-02,12,27.6,S2,volume_expansion_only,3390,2024-09-02
early_watch,-0.14055636896046841,-0.17862371888726203,0.026354319180087904,-0.17862371888726203,-0.19971469329529234,0,0,光洋科,2024-09-02,13,25.6,S2,volume_expansion_only,1785,2024-09-02
early_watch,-0.13802816901408443,-0.1732394366197183,0.05633802816901401,-0.1732394366197183,-0.21733333333333327,0,0,伍豐,2024-09-02,14,25.6,S2,volume_expansion_only,8076,2024-09-02
early_watch,-0.23814432989690715,-0.2865979381443299,0.035051546391752675,-0.2865979381443299,-0.31075697211155384,0,0,晟楠,2024-09-02,15,33.2,S2,volume_expansion_only,3631,2024-09-02
early_watch,-0.09179413538323167,-0.1293463540249088,0.07649513050455758,-0.1293463540249088,-0.1912145059429926,0,0,明泰,2024-09-02,16,25.6,S2,volume_expansion_only,3380,2024-09-02
early_watch,-0.2958333333333333,-0.3319444444444444,0.1875,-0.3319444444444444,-0.4374269005847953,0,0,德晉,2024-09-02,17,22.6,S2,volume_expansion_only,3466,2024-09-02
early_watch,-0.35341365461847385,-0.4136546184738955,-0.009036144578313143,-0.4136546184738955,-0.4136546184738955,0,0,蜜望實,2024-09-02,18,4.6,S2,volume_expansion_only,8043,2024-09-02
early_watch,-0.1085271365982533,-0.2534884199451425,0.02325577061571993,-0.2534884199451425,-0.2704545613208106,0,0,中工,2024-09-02,19,14.0,S2,volume_expansion_only,2515,2024-09-02
early_watch,0.001206254189149547,-0.1145958965638183,0.06996375531492238,-0.1145958965638183,-0.1319052688927297,0,0,億光,2024-09-02,20,25.6,S2,volume_expansion_only,2393,2024-09-02
early_watch,0.0045045045045044585,-0.09009009009009006,0.06306306306306309,-0.09009009009009006,-0.14406779661016944,0,0,伸興,2024-09-02,1,36.6,S2,ma_alignment_only,1558,2024-09-02
early_watch,0.09696968155677865,-0.05959597500887781,0.22626264167554444,-0.05959597500887781,-0.1233521549017137,0,0,漢平,2024-09-02,2,36.6,S2,ma_alignment_only,2488,2024-09-02
early_watch,-0.12352943420410156,-0.16470589357263898,0.3088235294117647,-0.16470589357263898,-0.3617977613813421,0,0,怡利電,2024-09-02,3,36.6,S2,ma_alignment_only,2497,2024-09-02
early_watch,-0.1073059553608996,-0.3584474687001036,0.050228328795904664,-0.3584474687001036,-0.3891304264897886,0,0,光麗-KY,2024-09-02,4,36.6,S2,ma_alignment_only,6431,2024-09-02
early_watch,0.1258032934769573,-0.04066733398357547,0.3787793040042582,-0.04066733398357547,-0.18347824760105302,0,0,材料*-KY,2024-09-02,5,35.2,S2,ma_alignment_only,4763,2024-09-02
early_watch,-0.30456852791878175,-0.4010152284263959,0.20050761421319807,-0.4010152284263959,-0.5010570824524313,0,0,正基,2024-09-02,6,34.6,S2,ma_alignment_only,6546,2024-09-02
early_watch,0.005319156370426459,-0.04494679708046945,0.05335106938689371,-0.04494679708046945,-0.06468714838442591,0,0,富邦金,2024-09-02,7,32.6,S2,ma_alignment_only,2881,2024-09-02
early_watch,-0.24468089855326935,-0.25797877053392637,0.007092157807799149,-0.25797877053392637,-0.2632042423195132,0,0,國產,2024-09-02,8,29.6,S2,ma_alignment_only,2504,2024-09-02
early_watch,-0.07008086253369272,-0.22911051212938005,0.5579514824797844,-0.22911051212938005,-0.5051903114186851,0,0,華義*,2024-09-02,9,27.6,S2,ma_alignment_only,3086,2024-09-02
early_watch,-0.40374331550802134,-0.4278074866310161,0.048128342245989275,-0.4278074866310161,-0.45408163265306123,0,0,弘塑,2024-09-02,10,27.6,S2,ma_alignment_only,3131,2024-09-02
early_watch,-0.23943661971830987,-0.2873239436619718,0.016901408450704203,-0.2873239436619718,-0.2991689750692521,0,0,旭軟,2024-09-02,11,27.6,S2,ma_alignment_only,3390,2024-09-02
early_watch,0.04661487236404005,-0.10987791342952269,0.1875693673695895,-0.10987791342952269,-0.2076190476190476,0,0,湧德,2024-09-02,12,27.6,S2,ma_alignment_only,3689,2024-09-02
early_watch,-0.1875,-0.3698529411764706,0.4411764705882353,-0.3698529411764706,-0.5627551020408164,0,0,新復興,2024-09-02,13,27.6,S2,ma_alignment_only,4909,2024-09-02
early_watch,-0.06592039800995042,-0.23134328358208966,0.18159203980099492,-0.23134328358208966,-0.3494736842105264,0,0,久威,2024-09-02,14,27.6,S2,ma_alignment_only,6114,2024-09-02
early_watch,0.05490196078431375,0.0039215686274509665,0.7254901960784315,0.0039215686274509665,-0.40340909090909094,0,0,萬旭,2024-09-02,15,27.6,S2,ma_alignment_only,6134,2024-09-02
early_watch,-0.4877470355731226,-0.5067193675889328,-0.031620553359683834,-0.5067193675889328,-0.5067193675889328,0,0,康全電訊,2024-09-02,16,27.6,S2,ma_alignment_only,8089,2024-09-02
early_watch,-0.42300884955752216,-0.5386430678466076,-0.36283185840707965,-0.5386430678466076,-0.5386430678466076,0,0,智通*,2024-09-02,17,27.6,S2,ma_alignment_only,8932,2024-08-28
early_watch,-0.0803030267168996,-0.17727271706604775,-0.013636372187906032,-0.17727271706604775,-0.17727271706604775,0,0,大山,2024-09-02,18,27.6,S2,ma_alignment_only,1615,2024-09-02
early_watch,-0.0714285714285714,-0.09999999999999998,0.01857147216796884,-0.09999999999999998,-0.11640957498603066,0,0,臺鹽,2024-09-02,19,27.6,S2,ma_alignment_only,1737,2024-09-02
early_watch,-0.4040944706186156,-0.41015746966597333,0.055118129904534685,-0.41015746966597333,-0.44097014958183445,0,0,潤隆,2024-09-02,20,27.6,S2,ma_alignment_only,1808,2024-09-02
early_watch,-0.2793103448275862,-0.346551724137931,0.17241379310344818,-0.346551724137931,-0.4426470588235294,0,0,陸海,2024-10-01,1,36.6,S2,radar_model,5603,2024-10-01
early_watch,0.11803873961347744,-0.07854446411250993,0.5931340040283346,-0.07854446411250993,-0.37946426187546833,0,0,皇昌,2024-10-01,2,36.6,S2,radar_model,2543,2024-10-01
early_watch,-0.07317073170731703,-0.16158536585365857,0.4601313893387957,-0.16158536585365857,-0.42579507551987616,0,0,迅得,2024-10-01,3,36.6,S2,radar_model,6438,2024-10-01
early_watch,-0.1143790849673203,-0.2287581699346405,0.12091503267973858,-0.2287581699346405,-0.3119533527696793,0,0,數泓科,2024-10-01,4,34.6,S2,radar_model,6855,2024-10-01
early_watch,-0.38276836158192085,-0.4597457627118644,0.2076271186440679,-0.4597457627118644,-0.5526315789473684,0,0,創威,2024-10-01,5,33.6,S2,radar_model,6530,2024-10-01
early_watch,-0.205533607475878,-0.23913047608282034,0.3833991775723662,-0.23913047608282034,-0.45000001716613836,0,0,百和興業-KY,2024-10-01,6,31.6,S2,radar_model,8404,2024-10-01
early_watch,-0.25711384816497174,-0.3821138384731597,-0.044715461967972825,-0.3821138384731597,-0.3821138384731597,0,0,致伸,2024-10-01,7,31.2,S2,radar_model,4915,2024-10-01
early_watch,0.5074626865671641,-0.02487562189054726,1.6616915422885574,-0.02487562189054726,-0.5588785046728972,0,0,錼創科技-KY創,2024-10-01,8,30.6,S2,radar_model,6854,2024-10-01
early_watch,0.02287166454891998,-0.09275730622617528,0.7509529860228716,-0.09275730622617528,-0.46516690856313503,0,0,立碁,2024-10-01,9,29.6,S2,radar_model,8111,2024-10-01
early_watch,-0.2579787234042553,-0.36170212765957444,0.4601063829787233,-0.36170212765957444,-0.5628415300546448,0,0,鈞興-KY,2024-10-01,10,29.6,S2,radar_model,4571,2024-10-01
early_watch,-0.3296482412060301,-0.40804020100502514,0.5859296482412062,-0.40804020100502514,-0.6267427122940431,0,0,川寶,2024-10-01,11,27.6,S2,radar_model,1595,2024-10-01
early_watch,-0.1122715404699739,-0.1723237597911227,0.866840731070496,-0.1723237597911227,-0.5566433566433566,0,0,上詮,2024-10-01,12,27.6,S2,radar_model,3363,2024-10-01
early_watch,-0.380588876772083,-0.44820065430752454,0.3849509269356597,-0.44820065430752454,-0.6015748031496062,0,0,晉倫,2024-10-01,13,27.6,S2,radar_model,6151,2024-10-01
early_watch,-0.22118380062305298,-0.35046728971962615,0.2507788161993769,-0.35046728971962615,-0.48069738480697377,0,0,松上,2024-10-01,14,27.6,S2,radar_model,6156,2024-10-01
early_watch,-0.5170278637770898,-0.5975232198142415,0.19814241486068118,-0.5975232198142415,-0.6640826873385013,0,0,順藥,2024-10-01,15,27.6,S2,radar_model,6535,2024-10-01
early_watch,-0.11889862100844939,-0.18898621008449334,0.34668330937728964,-0.18898621008449334,-0.3977694798263136,0,0,三芳,2024-10-01,16,27.6,S2,radar_model,1307,2024-10-01
early_watch,-0.16410260322766423,-0.22692308670435202,-0.020512800950270416,-0.22692308670435202,-0.22692308670435202,0,0,遠東新,2024-10-01,17,27.6,S2,radar_model,1402,2024-10-01
early_watch,0.17559529148262065,-0.04613093176936789,0.2901785846064697,-0.04613093176936789,-0.20530560610041837,0,0,名軒,2024-10-01,18,27.6,S2,radar_model,1442,2024-10-01
early_watch,0.19801980198019797,-0.08580858085808585,0.43234323432343236,-0.08580858085808585,-0.27188940092165903,0,0,喬山,2024-10-01,19,27.6,S2,radar_model,1736,2024-10-01
early_watch,0.04177545691906004,-0.10704960835509136,0.7676240208877285,-0.10704960835509136,-0.49483013293943867,0,0,聯鈞,2024-10-01,20,27.6,S2,radar_model,3450,2024-10-01
early_watch,-0.10212765957446812,-0.28510638297872337,0.09787234042553195,-0.28510638297872337,-0.2914728563885356,0,0,來頡,2024-10-01,1,19.6,S2,random_top_n,6799,2024-10-01
early_watch,-0.15064102564102566,-0.22435897435897434,0.03846153846153855,-0.22435897435897434,-0.25308641975308643,0,0,泰博,2024-10-01,2,14.0,S2,random_top_n,4736,2024-10-01
early_watch,-0.30980392156862746,-0.4225490196078432,0.007843137254901933,-0.4225490196078432,-0.42704280155642027,0,0,億豐,2024-10-01,3,22.6,S2,random_top_n,8464,2024-10-01
early_watch,-0.4793432125908931,-0.5280720496085207,-0.018008522777096303,-0.5280720496085207,-0.5280720496085207,0,0,京城,2024-10-01,4,11.0,S2,random_top_n,2524,2024-10-01
early_watch,-0.27058825773351336,-0.37647056579589844,0.023529389325310124,-0.37647056579589844,-0.3908045624218768,0,0,友達,2024-10-01,5,18.6,S2,random_top_n,2409,2024-10-01
early_watch,-0.042553152868718414,-0.14285711776262355,0.13373858082262102,-0.14285711776262355,-0.24396779227937326,0,0,凱基金,2024-10-01,6,22.6,S2,random_top_n,2883,2024-10-01
early_watch,-0.3269961977186312,-0.3901140916483484,0.09885931558935357,-0.3901140916483484,-0.44498272008136897,0,0,東科-KY,2024-10-01,7,13.0,S2,random_top_n,5225,2024-10-01
early_watch,-0.11020408163265305,-0.20653063715720665,0.24489795918367352,-0.20653063715720665,-0.36262297083119877,0,0,晶睿,2024-10-01,8,9.6,S2,random_top_n,3454,2024-10-01
early_watch,-0.3671140734781355,-0.502013443300388,0.03087252418466857,-0.502013443300388,-0.5169271223971398,0,0,華孚,2024-10-01,9,14.6,S2,random_top_n,6235,2024-10-01
early_watch,-0.2969613197081904,-0.3743094159898829,0.004143583094484482,-0.3743094159898829,-0.37689131858820724,0,0,昇貿,2024-10-01,10,20.6,S2,random_top_n,3305,2024-10-01
early_watch,-0.02423469387755106,-0.14158163265306134,0.042091836734693855,-0.14158163265306134,-0.17625458996328036,0,0,寬魚國際,2024-10-01,11,11.0,S2,random_top_n,6101,2024-10-01
early_watch,-0.2727272727272727,-0.39839572192513373,0.17647058823529416,-0.39839572192513373,-0.48863636363636365,0,0,鴻海,2024-10-01,12,17.6,S2,random_top_n,2317,2024-10-01
early_watch,-0.437400937266909,-0.5293185185238922,0.03169572184411784,-0.5293185185238922,-0.5437787794304487,0,0,柏騰,2024-10-01,13,11.0,S2,random_top_n,3518,2024-10-01
early_watch,-0.2757352941176471,-0.3621323529411765,0.06433823529411775,-0.3621323529411765,-0.40069084628670126,0,0,原相,2024-10-01,14,24.6,S2,random_top_n,3227,2024-10-01
early_watch,-0.27608980916434445,-0.3289299698150099,0.4134742974053003,-0.3289299698150099,-0.5252336519900884,0,0,聯策,2024-10-01,15,24.6,S2,random_top_n,6658,2024-10-01
early_watch,-0.03321678321678323,-0.22902097902097907,0.2395104895104896,-0.22902097902097907,-0.3779971791255289,0,0,華碩,2024-10-01,16,24.6,S2,random_top_n,2357,2024-10-01
early_watch,-0.20862673650159613,-0.33890845525645474,0.2940141018882818,-0.33890845525645474,-0.489115656638632,0,0,虹冠電,2024-10-01,17,20.6,S2,random_top_n,3257,2024-10-01
early_watch,-0.36600001017252604,-0.44866668701171875,-0.05666666666666664,-0.44866668701171875,-0.44866668701171875,0,0,桂盟,2024-10-01,18,14.0,S2,random_top_n,5306,2024-10-01
early_watch,-0.102112676056338,-0.24295774647887325,0.130281690140845,-0.24295774647887325,-0.3302180685358256,0,0,聯陽,2024-10-01,19,14.6,S2,random_top_n,3014,2024-10-01
early_watch,-0.45898673100120624,-0.517490952955368,0.16525934861278624,-0.517490952955368,-0.5859213250517599,0,0,台灣銘板,2024-10-01,20,8.0,S2,random_top_n,6593,2024-10-01
early_watch,-0.23247865909150378,-0.42649571388596286,0.19658121608801316,-0.42649571388596286,-0.520714282989502,0,0,大洋-KY,2024-10-01,1,7.6,S2,breakout_120d_only,5907,2024-10-01
early_watch,-0.2458149663508422,-0.3480176346558681,0.23788543775498194,-0.3480176346558681,-0.4733096089032589,0,0,金麗-KY,2024-10-01,2,12.6,S2,breakout_120d_only,8429,2024-10-01
early_watch,-0.17577197149643708,-0.2446555819477435,0.14014251781472686,-0.2446555819477435,-0.3375,0,0,精華,2024-10-01,3,25.6,S2,breakout_120d_only,1565,2024-10-01
early_watch,-0.07522127142676172,-0.2185840907378055,0.41592917964008325,-0.2185840907378055,-0.4481250047683716,0,0,淘帝-KY,2024-10-01,4,12.6,S2,breakout_120d_only,2929,2024-10-01
early_watch,-0.4881974248927039,-0.5504291845493563,-0.05257510729613735,-0.5504291845493563,-0.5504291845493563,0,0,奇鈦科,2024-10-01,5,3.6,S2,breakout_120d_only,3430,2024-10-01
early_watch,-0.3296482412060301,-0.40804020100502514,0.5859296482412062,-0.40804020100502514,-0.6267427122940431,0,0,川寶,2024-10-01,6,27.6,S2,breakout_120d_only,1595,2024-10-01
early_watch,-0.28750001467191255,-0.38942307692307687,0.138461553133451,-0.38942307692307687,-0.46368243934422004,0,0,宏達電,2024-10-01,7,25.6,S2,breakout_120d_only,2498,2024-10-01
early_watch,0.4635678391959801,-0.08668341708542704,1.3304020100502516,-0.08668341708542704,-0.5196765498652292,0,0,IET-KY,2024-10-01,8,9.6,S2,breakout_120d_only,4971,2024-10-01
early_watch,0.02287166454891998,-0.09275730622617528,0.7509529860228716,-0.09275730622617528,-0.46516690856313503,0,0,立碁,2024-10-01,9,29.6,S2,breakout_120d_only,8111,2024-10-01
early_watch,-0.07317073170731703,-0.16158536585365857,0.4601313893387957,-0.16158536585365857,-0.42579507551987616,0,0,迅得,2024-10-01,10,36.6,S2,breakout_120d_only,6438,2024-10-01
early_watch,-0.2793103448275862,-0.346551724137931,0.17241379310344818,-0.346551724137931,-0.4426470588235294,0,0,陸海,2024-10-01,11,36.6,S2,breakout_120d_only,5603,2024-10-01
early_watch,-0.5452930728241563,-0.5879218472468917,0.05861456483126126,-0.5879218472468917,-0.610738255033557,0,0,臺龍,2024-10-01,12,11.6,S2,breakout_120d_only,6246,2024-10-01
early_watch,-0.205533607475878,-0.23913047608282034,0.3833991775723662,-0.23913047608282034,-0.45000001716613836,0,0,百和興業-KY,2024-10-01,13,31.6,S2,breakout_120d_only,8404,2024-10-01
early_watch,0.11803873961347744,-0.07854446411250993,0.5931340040283346,-0.07854446411250993,-0.37946426187546833,0,0,皇昌,2024-10-01,14,36.6,S2,breakout_120d_only,2543,2024-10-01
early_watch,-0.25230769230769234,-0.34923076923076923,0.6276923076923078,-0.34923076923076923,-0.6001890359168243,0,0,聯亞,2024-10-01,15,23.6,S2,breakout_120d_only,3081,2024-10-01
early_watch,-0.36275695284159615,-0.4836759371221282,0.31559854897218864,-0.4836759371221282,-0.6075367647058822,0,0,聯光通,2024-10-01,16,23.6,S2,breakout_120d_only,4903,2024-10-01
early_watch,-0.1143790849673203,-0.2287581699346405,0.12091503267973858,-0.2287581699346405,-0.3119533527696793,0,0,數泓科,2024-10-01,17,34.6,S2,breakout_120d_only,6855,2024-10-01
early_watch,-0.38276836158192085,-0.4597457627118644,0.2076271186440679,-0.4597457627118644,-0.5526315789473684,0,0,創威,2024-10-01,18,33.6,S2,breakout_120d_only,6530,2024-10-01
early_watch,0.5074626865671641,-0.02487562189054726,1.6616915422885574,-0.02487562189054726,-0.5588785046728972,0,0,錼創科技-KY創,2024-10-01,19,30.6,S2,breakout_120d_only,6854,2024-10-01
early_watch,-0.45120000000000005,-0.5448,0.04800000000000004,-0.5448,-0.5656488549618321,0,0,百德,2024-10-01,20,19.6,S2,breakout_120d_only,4563,2024-10-01
early_watch,-0.25711384816497174,-0.3821138384731597,-0.044715461967972825,-0.3821138384731597,-0.3821138384731597,0,0,致伸,2024-10-01,1,31.2,S2,volume_expansion_only,4915,2024-10-01
early_watch,-0.25354969966415963,-0.31845843825363007,0.17647060644170054,-0.31845843825363007,-0.42068968148067076,0,0,艾笛森,2024-10-01,2,4.6,S2,volume_expansion_only,3591,2024-10-01
early_watch,-0.2509615237896259,-0.35961539928729713,0.040384586040790316,-0.35961539928729713,-0.3844731945234766,0,0,圓裕,2024-10-01,3,23.6,S2,volume_expansion_only,6835,2024-10-01
early_watch,-0.3696497944739139,-0.47392995889478273,-0.003891065311325992,-0.47392995889478273,-0.47392995889478273,0,0,聯合再生,2024-10-01,4,8.6,S2,volume_expansion_only,3576,2024-10-01
early_watch,-0.2793103448275862,-0.346551724137931,0.17241379310344818,-0.346551724137931,-0.4426470588235294,0,0,陸海,2024-10-01,5,36.6,S2,volume_expansion_only,5603,2024-10-01
early_watch,-0.40920398009950254,-0.4266169154228856,-0.07089552238805974,-0.4266169154228856,-0.4266169154228856,0,0,浩鼎,2024-10-01,6,24.6,S2,volume_expansion_only,4174,2024-10-01
early_watch,0.11803873961347744,-0.07854446411250993,0.5931340040283346,-0.07854446411250993,-0.37946426187546833,0,0,皇昌,2024-10-01,7,36.6,S2,volume_expansion_only,2543,2024-10-01
early_watch,-0.3943298969072164,-0.46262886597938135,0.03608247422680422,-0.46262886597938135,-0.48134328358208955,0,0,鈺創,2024-10-01,8,19.6,S2,volume_expansion_only,5351,2024-10-01
early_watch,-0.4382470119521913,-0.5577689243027888,-0.015936254980079667,-0.5577689243027888,-0.5577689243027888,0,0,上緯投控,2024-10-01,9,23.6,S2,volume_expansion_only,3708,2024-10-01
early_watch,-0.4237804878048781,-0.4859755911478182,0.06707317073170738,-0.4859755911478182,-0.5182856968470981,0,0,全新,2024-10-01,10,23.6,S2,volume_expansion_only,2455,2024-10-01
early_watch,-0.4018058690744921,-0.4875846501128668,-0.038374717832957095,-0.4875846501128668,-0.4875846501128668,0,0,美利達,2024-10-01,11,16.0,S2,volume_expansion_only,9914,2024-10-01
early_watch,-0.2880978857631319,-0.3993326129546546,0.3147941538893808,-0.3993326129546546,-0.5431472027248745,0,0,錸寶,2024-10-01,12,10.6,S2,volume_expansion_only,8104,2024-10-01
early_watch,-0.2674556032440366,-0.359763331667206,0.0023668277898483137,-0.359763331667206,-0.36127508354952953,0,0,宏碁,2024-10-01,13,19.6,S2,volume_expansion_only,2353,2024-10-01
early_watch,-0.07317073170731703,-0.16158536585365857,0.4601313893387957,-0.16158536585365857,-0.42579507551987616,0,0,迅得,2024-10-01,14,36.6,S2,volume_expansion_only,6438,2024-10-01
early_watch,-0.4826087122378142,-0.5461956521739131,0.04130438099736744,-0.5461956521739131,-0.5641962560539403,0,0,麗臺,2024-10-01,15,19.6,S2,volume_expansion_only,2465,2024-10-01
early_watch,-0.2028985507246377,-0.3130434561466825,0.1492754065472146,-0.3130434561466825,-0.40226986504727247,0,0,仁寶,2024-10-01,16,25.6,S2,volume_expansion_only,2324,2024-10-01
early_watch,-0.5452930728241563,-0.5879218472468917,0.05861456483126126,-0.5879218472468917,-0.610738255033557,0,0,臺龍,2024-10-01,17,11.6,S2,volume_expansion_only,6246,2024-10-01
early_watch,-0.22847301951779553,-0.32376578645235354,0.3639494833524686,-0.32376578645235354,-0.5042087542087542,0,0,光環,2024-10-01,18,23.6,S2,volume_expansion_only,3234,2024-10-01
early_watch,-0.380588876772083,-0.44820065430752454,0.3849509269356597,-0.44820065430752454,-0.6015748031496062,0,0,晉倫,2024-10-01,19,27.6,S2,volume_expansion_only,6151,2024-10-01
early_watch,-0.3046757714606343,-0.382352958099091,0.23831062888532362,-0.382352958099091,-0.5012180082336131,0,0,澤米,2024-10-01,20,23.6,S2,volume_expansion_only,6742,2024-10-01
early_watch,-0.2793103448275862,-0.346551724137931,0.17241379310344818,-0.346551724137931,-0.4426470588235294,0,0,陸海,2024-10-01,1,36.6,S2,ma_alignment_only,5603,2024-10-01
early_watch,0.11803873961347744,-0.07854446411250993,0.5931340040283346,-0.07854446411250993,-0.37946426187546833,0,0,皇昌,2024-10-01,2,36.6,S2,ma_alignment_only,2543,2024-10-01
early_watch,-0.07317073170731703,-0.16158536585365857,0.4601313893387957,-0.16158536585365857,-0.42579507551987616,0,0,迅得,2024-10-01,3,36.6,S2,ma_alignment_only,6438,2024-10-01
early_watch,-0.38276836158192085,-0.4597457627118644,0.2076271186440679,-0.4597457627118644,-0.5526315789473684,0,0,創威,2024-10-01,4,33.6,S2,ma_alignment_only,6530,2024-10-01
early_watch,0.02287166454891998,-0.09275730622617528,0.7509529860228716,-0.09275730622617528,-0.46516690856313503,0,0,立碁,2024-10-01,5,29.6,S2,ma_alignment_only,8111,2024-10-01
early_watch,-0.2579787234042553,-0.36170212765957444,0.4601063829787233,-0.36170212765957444,-0.5628415300546448,0,0,鈞興-KY,2024-10-01,6,29.6,S2,ma_alignment_only,4571,2024-10-01
early_watch,-0.3296482412060301,-0.40804020100502514,0.5859296482412062,-0.40804020100502514,-0.6267427122940431,0,0,川寶,2024-10-01,7,27.6,S2,ma_alignment_only,1595,2024-10-01
early_watch,-0.1122715404699739,-0.1723237597911227,0.866840731070496,-0.1723237597911227,-0.5566433566433566,0,0,上詮,2024-10-01,8,27.6,S2,ma_alignment_only,3363,2024-10-01
early_watch,-0.380588876772083,-0.44820065430752454,0.3849509269356597,-0.44820065430752454,-0.6015748031496062,0,0,晉倫,2024-10-01,9,27.6,S2,ma_alignment_only,6151,2024-10-01
early_watch,-0.22118380062305298,-0.35046728971962615,0.2507788161993769,-0.35046728971962615,-0.48069738480697377,0,0,松上,2024-10-01,10,27.6,S2,ma_alignment_only,6156,2024-10-01
early_watch,-0.5170278637770898,-0.5975232198142415,0.19814241486068118,-0.5975232198142415,-0.6640826873385013,0,0,順藥,2024-10-01,11,27.6,S2,ma_alignment_only,6535,2024-10-01
early_watch,-0.11889862100844939,-0.18898621008449334,0.34668330937728964,-0.18898621008449334,-0.3977694798263136,0,0,三芳,2024-10-01,12,27.6,S2,ma_alignment_only,1307,2024-10-01
early_watch,-0.16410260322766423,-0.22692308670435202,-0.020512800950270416,-0.22692308670435202,-0.22692308670435202,0,0,遠東新,2024-10-01,13,27.6,S2,ma_alignment_only,1402,2024-10-01
early_watch,0.17559529148262065,-0.04613093176936789,0.2901785846064697,-0.04613093176936789,-0.20530560610041837,0,0,名軒,2024-10-01,14,27.6,S2,ma_alignment_only,1442,2024-10-01
early_watch,0.19801980198019797,-0.08580858085808585,0.43234323432343236,-0.08580858085808585,-0.27188940092165903,0,0,喬山,2024-10-01,15,27.6,S2,ma_alignment_only,1736,2024-10-01
early_watch,0.04177545691906004,-0.10704960835509136,0.7676240208877285,-0.10704960835509136,-0.49483013293943867,0,0,聯鈞,2024-10-01,16,27.6,S2,ma_alignment_only,3450,2024-10-01
early_watch,-0.32740740740740737,-0.43999999999999995,0.16666666666666674,-0.43999999999999995,-0.52,0,0,健策,2024-10-01,17,27.6,S2,ma_alignment_only,3653,2024-10-01
early_watch,-0.4022988505747126,-0.4666666666666667,0.02298850574712641,-0.4666666666666667,-0.4786516853932584,0,0,旭隼,2024-10-01,18,27.6,S2,ma_alignment_only,6409,2024-10-01
early_watch,-0.31107956038649387,-0.3806818532795938,0.007102272573335178,-0.3806818532795938,-0.38504940005950716,0,0,慶豐富,2024-10-01,19,27.6,S2,ma_alignment_only,9935,2024-10-01
early_watch,-0.33105802047781574,-0.37428896473265083,0.05233219567690561,-0.37428896473265083,-0.4054054054054054,0,0,廣閎科,2024-10-01,20,27.6,S2,ma_alignment_only,6693,2024-10-01
early_watch,0.3931888544891642,-0.018575851393188847,0.5046439628482973,-0.018575851393188847,-0.23340471092077086,0,0,智易,2024-11-01,1,33.2,S2,radar_model,3596,2024-11-01
early_watch,-0.09999999999999998,-0.2614815040870949,0.2148148148148148,-0.2614815040870949,-0.3920731893399867,0,0,精誠,2024-11-01,2,33.2,S2,radar_model,6214,2024-11-01
early_watch,-0.06737588652482274,-0.35815602836879434,0.08333333333333326,-0.35815602836879434,-0.4075286415711947,0,0,技嘉,2024-11-01,3,31.2,S2,radar_model,2376,2024-11-01
early_watch,-0.2941666666666667,-0.5700000000000001,0.016666666666666607,-0.5700000000000001,-0.5770491803278688,0,0,倚強科,2024-11-01,4,27.6,S2,radar_model,3219,2024-11-01
early_watch,0.3831615120274914,-0.15979381443298968,0.5618556701030928,-0.15979381443298968,-0.4620462046204621,0,0,精測,2024-11-01,5,27.6,S2,radar_model,6510,2024-11-01
early_watch,-0.5933609958506224,-0.640387275242047,0.051175656984785656,-0.640387275242047,-0.6578947368421053,0,0,順藥,2024-11-01,6,27.6,S2,radar_model,6535,2024-11-01
early_watch,-0.14583333333333337,-0.23833333333333329,0.08333333333333326,-0.23833333333333329,-0.29692307692307685,0,0,華研,2024-11-01,7,27.6,S2,radar_model,8446,2024-11-01
early_watch,-0.11399547006844668,-0.1591421977082711,0.018058673833819983,-0.1591421977082711,-0.17405762172310302,0,0,統一,2024-11-01,8,27.6,S2,radar_model,1216,2024-11-01
early_watch,0.2025862424467184,-0.025862062728645885,0.5344827261889586,-0.025862062728645885,-0.3370786246680313,0,0,聯華食,2024-11-01,9,27.6,S2,radar_model,1231,2024-11-01
early_watch,-0.2796709713725568,-0.3501762605333386,-0.03407757435813352,-0.3501762605333386,-0.3501762605333386,0,0,豐興,2024-11-01,10,27.6,S2,radar_model,2015,2024-11-01
early_watch,-0.23435580949841828,-0.4134969418765577,0.1938650681197278,-0.4134969418765577,-0.5087358916974156,0,0,鴻準,2024-11-01,11,27.6,S2,radar_model,2354,2024-11-01
early_watch,-0.07294114056755518,-0.20705880557789524,0.043529375861672825,-0.20705880557789524,-0.24013524413977327,0,0,億光,2024-11-01,12,27.6,S2,radar_model,2393,2024-11-01
early_watch,-0.40884719334921327,-0.5120643127290927,-0.042895402328356314,-0.5120643127290927,-0.5120643127290927,0,0,美隆電,2024-11-01,13,27.6,S2,radar_model,2477,2024-11-01
early_watch,-0.15573770491803274,-0.3114754098360656,0.042622950819672045,-0.3114754098360656,-0.339622641509434,0,0,崇越,2024-11-01,14,27.6,S2,radar_model,5434,2024-11-01
early_watch,-0.3925781266007107,-0.5156250221189108,-0.0429687642608767,-0.5156250221189108,-0.5156250221189108,0,0,金橋,2024-11-01,15,27.6,S2,radar_model,6133,2024-11-01
early_watch,-0.5685714285714285,-0.6485714285714286,0.09142857142857141,-0.6485714285714286,-0.6780104712041886,0,0,惠特,2024-11-01,16,27.6,S2,radar_model,6706,2024-11-01
early_watch,-0.09961685823754785,-0.2996168465449892,0.27203065134099624,-0.2996168465449892,-0.4493975811694042,0,0,志強-KY,2024-11-01,17,27.6,S2,radar_model,6768,2024-11-01
early_watch,0.19411760218003216,-0.15000001121969786,0.23529411764705888,-0.15000001121969786,-0.16893734697685248,0,0,統一實,2024-11-01,18,27.6,S2,radar_model,9907,2024-11-01
early_watch,-0.014156995074965484,-0.3050192777231293,0.24324327243498667,-0.3050192777231293,-0.4409937799898985,0,0,峰源-KY,2024-11-01,19,27.6,S2,radar_model,6807,2024-11-01
early_watch,0.45510839350339327,-0.02786376593772877,0.671826664876239,-0.02786376593772877,-0.20951420990131675,0,0,台灣虎航,2024-11-01,20,27.6,S2,radar_model,6757,2024-11-01
early_watch,-0.19138756330184503,-0.26794256124437255,0.20813399334289695,-0.26794256124437255,-0.3940593983867381,0,0,中鴻,2024-11-01,1,10.0,S2,random_top_n,2014,2024-11-01
early_watch,-0.17379684963137176,-0.1818182519181093,0.045454498721260395,-0.1818182519181093,-0.21739133641622532,0,0,富邦媒,2024-11-01,2,9.0,S2,random_top_n,8454,2024-11-01
early_watch,-0.06206896551724139,-0.2857142857142857,0.1576354679802956,-0.2857142857142857,-0.3829787234042553,0,0,亞信,2024-11-01,3,9.0,S2,random_top_n,3169,2024-11-01
early_watch,0.2021276595744681,-0.24202127659574468,0.30053191489361697,-0.24202127659574468,-0.4171779141104295,0,0,金像電,2024-11-01,4,11.0,S2,random_top_n,2368,2024-11-01
early_watch,-0.3737795894427903,-0.5034867504970811,-0.006973500994162274,-0.5034867504970811,-0.5034867504970811,0,0,台亞,2024-11-01,5,9.0,S2,random_top_n,2340,2024-11-01
early_watch,0.08045977011494254,-0.3034482641695103,0.33333333333333326,-0.3034482641695103,-0.47758619812713277,0,0,昇陽半導體,2024-11-01,6,17.0,S2,random_top_n,8028,2024-11-01
early_watch,0.2052117263843649,-0.055374592833876246,0.28664495114006505,-0.055374592833876246,-0.08563535911602205,0,0,八方雲集,2024-11-01,7,4.0,S2,random_top_n,2753,2024-11-01
early_watch,0.2906249761581421,-0.078125,0.3687499761581421,-0.078125,-0.26249999999999996,0,0,亞航,2024-11-01,8,0.0,S2,random_top_n,2630,2024-11-01
early_watch,-0.28923075749323923,-0.42092308631310094,-0.006153869628906294,-0.42092308631310094,-0.42092308631310094,0,0,華夏,2024-11-01,9,9.0,S2,random_top_n,1305,2024-11-01
early_watch,0.10273972602739723,-0.16027398305396512,0.40410958904109595,-0.16027398305396512,-0.4019512269555069,0,0,立隆電,2024-11-01,10,11.0,S2,random_top_n,2472,2024-11-01
early_watch,-0.19251823693321723,-0.37226273713860525,0.0656934733382939,-0.37226273713860525,-0.41095889337202895,0,0,凌通,2024-11-01,11,10.0,S2,random_top_n,4952,2024-11-01
early_watch,-0.047375160051216336,-0.2816901408450704,0.12035851472471193,-0.2816901408450704,-0.3588571428571429,0,0,台達電,2024-11-01,12,20.0,S2,random_top_n,2308,2024-11-01
early_watch,-0.03822439620772988,-0.250308256707776,0.10850805446766909,-0.250308256707776,-0.3236930121791104,0,0,致伸,2024-11-01,13,11.0,S2,random_top_n,4915,2024-11-01
early_watch,-0.26679841897233203,-0.4920948616600791,-0.04940711462450598,-0.4920948616600791,-0.4920948616600791,0,0,旭品,2024-11-01,14,23.6,S2,random_top_n,3325,2024-11-01
early_watch,0.10698360507807037,-0.2511144243616419,0.6121841765230958,-0.2511144243616419,-0.5354838569043419,0,0,統新,2024-11-01,15,4.0,S2,random_top_n,6426,2024-11-01
early_watch,-0.09170305676855894,-0.2200873095916348,0.09606986899563319,-0.2200873095916348,-0.2884461908226469,0,0,龍德造船,2024-11-01,16,9.0,S2,random_top_n,6753,2024-11-01
early_watch,-0.27121954196836895,-0.4185366002524772,0.014634146341463428,-0.4185366002524772,-0.42692309159498953,0,0,新唐,2024-11-01,17,25.6,S2,random_top_n,4919,2024-11-01
early_watch,-0.18928568608420127,-0.34142854085649643,0.003571472304209511,-0.34142854085649643,-0.3437722401261395,0,0,裕融,2024-11-01,18,11.0,S2,random_top_n,9941,2024-11-01
early_watch,-0.08425925925925926,-0.3768518518518519,-0.00462962962962965,-0.3768518518518519,-0.3768518518518519,0,0,山富,2024-11-01,19,17.6,S2,random_top_n,2743,2024-11-01
early_watch,0.26146012100038063,-0.17317488113235235,0.3089982423896145,-0.17317488113235235,-0.36835276618992685,0,0,精成科,2024-11-01,20,14.0,S2,random_top_n,6191,2024-11-01
early_watch,-0.14042549944938498,-0.3106382654068318,0.14468083483107552,-0.3106382654068318,-0.3977694798263136,0,0,三芳,2024-11-01,1,9.6,S2,breakout_120d_only,1307,2024-11-01
early_watch,-0.12761904761904763,-0.27142857142857146,0.14761904761904754,-0.27142857142857146,-0.36514522821576767,0,0,智擎,2024-11-01,2,14.6,S2,breakout_120d_only,4162,2024-11-01
early_watch,-0.23435580949841828,-0.4134969418765577,0.1938650681197278,-0.4134969418765577,-0.5087358916974156,0,0,鴻準,2024-11-01,3,27.6,S2,breakout_120d_only,2354,2024-11-01
early_watch,-0.09961685823754785,-0.2996168465449892,0.27203065134099624,-0.2996168465449892,-0.4493975811694042,0,0,志強-KY,2024-11-01,4,27.6,S2,breakout_120d_only,6768,2024-11-01
early_watch,0.2632293080054273,0.09633649932157384,0.9877883310719131,0.09633649932157384,-0.44095563139931737,0,0,環宇-KY,2024-11-01,5,23.6,S2,breakout_120d_only,4991,2024-11-01
early_watch,0.4877789585547292,-0.011689691817215686,1.0456960680127527,-0.011689691817215686,-0.4545454545454546,0,0,合騏*,2024-11-01,6,24.6,S2,breakout_120d_only,8937,2024-11-01
early_watch,-0.06737588652482274,-0.35815602836879434,0.08333333333333326,-0.35815602836879434,-0.4075286415711947,0,0,技嘉,2024-11-01,1,31.2,S2,volume_expansion_only,2376,2024-11-01
early_watch,-0.20582521308973,-0.30097087378640774,0.031067931536332027,-0.30097087378640774,-0.32203387882308465,0,0,國建,2024-11-01,2,20.6,S2,volume_expansion_only,2501,2024-11-01
early_watch,0.004754406640451014,-0.16640253968161844,0.04595882085588743,-0.16640253968161844,-0.20303032614968042,0,0,榮運,2024-11-01,3,23.6,S2,volume_expansion_only,2607,2024-11-01
early_watch,-0.3086734693877551,-0.4770408163265306,0.09948979591836737,-0.4770408163265306,-0.5243619489559165,0,0,同協,2024-11-01,4,25.6,S2,volume_expansion_only,5460,2024-11-01
early_watch,0.008583724012374061,-0.14377676325382227,0.01180264098212902,-0.14377676325382227,-0.15376457614790828,0,0,聯電,2024-11-01,5,12.0,S2,volume_expansion_only,2303,2024-11-01
early_watch,-0.23943659607036483,-0.3794014001148036,0.0,-0.3794014001148036,-0.3794014001148036,0,0,國產,2024-11-01,6,25.6,S2,volume_expansion_only,2504,2024-11-01
early_watch,-0.05220228384991843,-0.3523654159869495,0.18270799347471445,-0.3523654159869495,-0.4524137931034483,0,0,雙鴻,2024-11-01,7,1.0,S2,volume_expansion_only,3324,2024-11-01
early_watch,-0.07052631578947366,-0.2136842105263158,0.07894736842105265,-0.2136842105263158,-0.27121951219512197,0,0,世界,2024-11-01,8,12.0,S2,volume_expansion_only,5347,2024-11-01
early_watch,-0.10031847133757965,-0.26433121019108285,0.24044585987261136,-0.26433121019108285,-0.4069319640564827,0,0,聚陽,2024-11-01,9,12.0,S2,volume_expansion_only,1477,2024-11-01
early_watch,0.10614529989712684,-0.03538169488373344,0.11731842894007305,-0.03538169488373344,-0.13666661165578664,0,0,玉山金,2024-11-01,10,14.0,S2,volume_expansion_only,2884,2024-11-01
early_watch,-0.45338345864661656,-0.46917293233082713,-0.045112781954887216,-0.46917293233082713,-0.46917293233082713,0,0,耀勝,2024-11-01,11,0.0,S2,volume_expansion_only,3207,2024-11-01
early_watch,0.8831775700934579,-0.014018691588784993,1.1214953271028039,-0.014018691588784993,-0.4361233480176211,0,0,順達,2024-11-01,12,25.6,S2,volume_expansion_only,3211,2024-11-01
early_watch,0.01980198019801982,-0.291089124018603,0.10891089108910901,-0.291089124018603,-0.36071429933820454,0,0,光寶科,2024-11-01,13,17.0,S2,volume_expansion_only,2301,2024-11-01
early_watch,-0.025423728813559365,-0.2771186440677966,0.2584745762711864,-0.2771186440677966,-0.42558922558922563,0,0,創意,2024-11-01,14,20.0,S2,volume_expansion_only,3443,2024-11-01
early_watch,-0.4036697247706422,-0.49311926605504586,-0.0986238532110092,-0.49311926605504586,-0.49311926605504586,0,0,永信建,2024-11-01,15,14.0,S2,volume_expansion_only,5508,2024-11-01
early_watch,-0.3642658799725004,-0.5387811545070809,0.016620562719648957,-0.5387811545070809,-0.5463215457111421,0,0,訊舟,2024-11-01,16,19.6,S2,volume_expansion_only,3047,2024-11-01
early_watch,0.010989003367908312,-0.16043960521353928,0.07472525757779347,-0.16043960521353928,-0.21881393512733227,0,0,永豐金,2024-11-01,17,14.0,S2,volume_expansion_only,2890,2024-11-01
early_watch,-0.023157894736842155,-0.26315789473684215,0.05263157894736836,-0.26315789473684215,-0.30000000000000004,0,0,榮剛,2024-11-01,18,20.6,S2,volume_expansion_only,5009,2024-11-01
early_watch,-0.30909087838046245,-0.37326205242828703,-0.04491976308305756,-0.37326205242828703,-0.37326205242828703,0,0,潤隆,2024-11-01,19,14.0,S2,volume_expansion_only,1808,2024-11-01
early_watch,-0.05213270142180093,-0.2530805687203792,0.13744075829383884,-0.2530805687203792,-0.3433333333333334,0,0,大中,2024-11-01,20,25.6,S2,volume_expansion_only,6435,2024-11-01
early_watch,-0.2941666666666667,-0.5700000000000001,0.016666666666666607,-0.5700000000000001,-0.5770491803278688,0,0,倚強科,2024-11-01,1,27.6,S2,ma_alignment_only,3219,2024-11-01
early_watch,0.3831615120274914,-0.15979381443298968,0.5618556701030928,-0.15979381443298968,-0.4620462046204621,0,0,精測,2024-11-01,2,27.6,S2,ma_alignment_only,6510,2024-11-01
early_watch,-0.5933609958506224,-0.640387275242047,0.051175656984785656,-0.640387275242047,-0.6578947368421053,0,0,順藥,2024-11-01,3,27.6,S2,ma_alignment_only,6535,2024-11-01
early_watch,-0.14583333333333337,-0.23833333333333329,0.08333333333333326,-0.23833333333333329,-0.29692307692307685,0,0,華研,2024-11-01,4,27.6,S2,ma_alignment_only,8446,2024-11-01
early_watch,-0.11399547006844668,-0.1591421977082711,0.018058673833819983,-0.1591421977082711,-0.17405762172310302,0,0,統一,2024-11-01,5,27.6,S2,ma_alignment_only,1216,2024-11-01
early_watch,0.2025862424467184,-0.025862062728645885,0.5344827261889586,-0.025862062728645885,-0.3370786246680313,0,0,聯華食,2024-11-01,6,27.6,S2,ma_alignment_only,1231,2024-11-01
early_watch,-0.2796709713725568,-0.3501762605333386,-0.03407757435813352,-0.3501762605333386,-0.3501762605333386,0,0,豐興,2024-11-01,7,27.6,S2,ma_alignment_only,2015,2024-11-01
early_watch,-0.07294114056755518,-0.20705880557789524,0.043529375861672825,-0.20705880557789524,-0.24013524413977327,0,0,億光,2024-11-01,8,27.6,S2,ma_alignment_only,2393,2024-11-01
early_watch,-0.40884719334921327,-0.5120643127290927,-0.042895402328356314,-0.5120643127290927,-0.5120643127290927,0,0,美隆電,2024-11-01,9,27.6,S2,ma_alignment_only,2477,2024-11-01
early_watch,-0.15573770491803274,-0.3114754098360656,0.042622950819672045,-0.3114754098360656,-0.339622641509434,0,0,崇越,2024-11-01,10,27.6,S2,ma_alignment_only,5434,2024-11-01
early_watch,-0.3925781266007107,-0.5156250221189108,-0.0429687642608767,-0.5156250221189108,-0.5156250221189108,0,0,金橋,2024-11-01,11,27.6,S2,ma_alignment_only,6133,2024-11-01
early_watch,-0.5685714285714285,-0.6485714285714286,0.09142857142857141,-0.6485714285714286,-0.6780104712041886,0,0,惠特,2024-11-01,12,27.6,S2,ma_alignment_only,6706,2024-11-01
early_watch,-0.09961685823754785,-0.2996168465449892,0.27203065134099624,-0.2996168465449892,-0.4493975811694042,0,0,志強-KY,2024-11-01,13,27.6,S2,ma_alignment_only,6768,2024-11-01
early_watch,0.19411760218003216,-0.15000001121969786,0.23529411764705888,-0.15000001121969786,-0.16893734697685248,0,0,統一實,2024-11-01,14,27.6,S2,ma_alignment_only,9907,2024-11-01
early_watch,-0.014156995074965484,-0.3050192777231293,0.24324327243498667,-0.3050192777231293,-0.4409937799898985,0,0,峰源-KY,2024-11-01,15,27.6,S2,ma_alignment_only,6807,2024-11-01
early_watch,0.45510839350339327,-0.02786376593772877,0.671826664876239,-0.02786376593772877,-0.20951420990131675,0,0,台灣虎航,2024-11-01,16,27.6,S2,ma_alignment_only,6757,2024-11-01
early_watch,0.8831775700934579,-0.014018691588784993,1.1214953271028039,-0.014018691588784993,-0.4361233480176211,0,0,順達,2024-11-01,17,25.6,S2,ma_alignment_only,3211,2024-11-01
early_watch,0.761806981519507,-0.05030800821355241,0.8973305954825461,-0.05030800821355241,-0.3917748917748918,0,0,信立,2024-11-01,18,25.6,S2,ma_alignment_only,4303,2024-11-01
early_watch,-0.3086734693877551,-0.4770408163265306,0.09948979591836737,-0.4770408163265306,-0.5243619489559165,0,0,同協,2024-11-01,19,25.6,S2,ma_alignment_only,5460,2024-11-01
early_watch,-0.23943659607036483,-0.3794014001148036,0.0,-0.3794014001148036,-0.3794014001148036,0,0,國產,2024-11-01,20,25.6,S2,ma_alignment_only,2504,2024-11-01
early_watch,0.424731182795699,-0.1469534050179211,0.6559139784946237,-0.1469534050179211,-0.3917748917748918,0,0,信立,2024-12-02,1,36.6,S2,radar_model,4303,2024-12-02
early_watch,-0.04123711340206182,-0.365979381443299,0.29123711340206193,-0.365979381443299,-0.5089820359281437,0,0,華星光,2024-12-02,2,36.6,S2,radar_model,4979,2024-12-02
early_watch,-0.3717105058834491,-0.419078945098161,0.052631592156154205,-0.419078945098161,-0.4481250047683716,0,0,淘帝-KY,2024-12-02,3,36.6,S2,radar_model,2929,2024-12-02
early_watch,-0.06995884773662553,-0.16049382716049387,0.40740740740740744,-0.16049382716049387,-0.4035087719298246,0,0,零壹,2024-12-02,4,36.6,S2,radar_model,3029,2024-12-02
early_watch,-0.28125,-0.453125,0.04947916666666674,-0.453125,-0.4789081885856079,0,0,嘉澤,2024-12-02,5,36.6,S2,radar_model,3533,2024-12-02
early_watch,-0.40590405332693325,-0.4538745393946667,0.03690036848426659,-0.4538745393946667,-0.4733096089032589,0,0,金麗-KY,2024-12-02,6,36.6,S2,radar_model,8429,2024-12-02
early_watch,0.1321022727272727,-0.3821022727272727,0.14346590909090917,-0.3821022727272727,-0.44015444015444016,0,0,智邦,2024-12-02,7,34.6,S2,radar_model,2345,2024-12-02
early_watch,-0.4179486983861679,-0.4564102368477063,-0.020512800950270416,-0.4564102368477063,-0.4564102368477063,0,0,兆勁,2024-12-02,8,33.6,S2,radar_model,2444,2024-12-02
early_watch,0.11553783165163689,-0.0358565579622343,0.227091584420807,-0.0358565579622343,-0.17857143299477896,0,0,第一保,2024-12-02,9,33.2,S2,radar_model,2852,2024-12-02
early_watch,-0.37788020620459606,-0.42626731006719665,0.009216536799961261,-0.42626731006719665,-0.43150684812200624,0,0,憶聲,2024-12-02,10,33.2,S2,radar_model,3024,2024-12-02
early_watch,0.2789115646258504,-0.07256235827664403,0.34013605442176864,-0.07256235827664403,-0.2058252427184466,0,0,漢唐,2024-12-02,11,32.6,S2,radar_model,2404,2024-12-02
early_watch,-0.08045977011494254,-0.22988505747126442,0.09655174167676894,-0.22988505747126442,-0.2976939315684908,0,0,長榮航,2024-12-02,12,32.6,S2,radar_model,2618,2024-12-02
early_watch,-0.057812500000000044,-0.18281250000000004,0.16718750000000004,-0.18281250000000004,-0.29228687415426247,0,0,復盛應用,2024-12-02,13,32.6,S2,radar_model,6670,2024-12-02
early_watch,0.4481605351170568,-0.19397993311036787,0.47157190635451496,-0.19397993311036787,-0.41219512195121955,0,0,川湖,2024-12-02,14,29.6,S2,radar_model,2059,2024-12-02
early_watch,0.13594039354462306,-0.06145249888595927,0.22346361293879946,-0.06145249888595927,-0.09246577713676929,0,0,大成,2024-12-02,15,29.2,S2,radar_model,1210,2024-12-02
early_watch,0.01134214743706452,-0.05293006992803262,0.07183362471227484,-0.05293006992803262,-0.11640210921149197,0,0,華南金,2024-12-02,16,29.2,S2,radar_model,2880,2024-12-02
early_watch,0.10621768007496568,-0.11917094963630914,0.11398968134231491,-0.11917094963630914,-0.1717417629254352,0,0,中信金,2024-12-02,17,29.2,S2,radar_model,2891,2024-12-02
early_watch,-0.461472602739726,-0.461472602739726,0.1284246575342467,-0.461472602739726,-0.5227617602427921,0,0,錦明,2024-12-02,18,27.6,S2,radar_model,3230,2024-12-02
early_watch,-0.3770642201834862,-0.4596330275229358,0.0899082568807339,-0.4596330275229358,-0.5042087542087542,0,0,光環,2024-12-02,19,27.6,S2,radar_model,3234,2024-12-02
early_watch,-0.9092331768388107,-0.918622848200313,-0.8539906103286385,-0.918622848200313,-0.918622848200313,0,0,尚凡*,2024-12-02,20,27.6,S2,radar_model,5278,2024-11-27
early_watch,-0.42121684867394693,-0.4867394695787831,0.023400936037441422,-0.4867394695787831,-0.4984756097560975,0,0,熒茂,2024-12-02,1,22.6,S2,random_top_n,4729,2024-12-02
early_watch,-0.07960199004975133,-0.22512437810945285,0.05472636815920384,-0.22512437810945285,-0.2653301886792453,0,0,天良,2024-12-02,2,12.6,S2,random_top_n,4127,2024-12-02
early_watch,-0.010606014367305905,-0.31666668978604406,0.2166667129054214,-0.31666668978604406,-0.34447679544152565,0,0,盛達,2024-12-02,3,11.0,S2,random_top_n,3027,2024-12-02
early_watch,0.1362126245847175,-0.2674418604651163,0.1777408637873754,-0.2674418604651163,-0.3779971791255289,0,0,華碩,2024-12-02,4,15.0,S2,random_top_n,2357,2024-12-02
early_watch,-0.07547169811320753,-0.2886792308879349,0.004716981132075526,-0.2886792308879349,-0.2920187650152215,0,0,晶技,2024-12-02,5,1.0,S2,random_top_n,3042,2024-12-02
early_watch,-0.16289592760181004,-0.2624434389140272,-0.012443438914027216,-0.2624434389140272,-0.2624434389140272,0,0,橘子,2024-12-02,6,14.6,S2,random_top_n,6180,2024-12-02
early_watch,-0.25667659733086656,-0.3219584610040034,0.02818993298018513,-0.3219584610040034,-0.3405483585793253,0,0,台化,2024-12-02,7,11.0,S2,random_top_n,1326,2024-12-02
early_watch,-0.3038793103448276,-0.36530172413793105,0.3318965517241379,-0.36530172413793105,-0.5234627831715211,0,0,川寶,2024-12-02,8,13.0,S2,random_top_n,1595,2024-12-02
early_watch,0.1255230548658508,-0.012552263349342008,0.48953974542784584,-0.012552263349342008,-0.3370786246680313,0,0,聯華食,2024-12-02,9,27.6,S2,random_top_n,1231,2024-12-02
early_watch,-0.1759581881533101,-0.36062717770034847,0.20209059233449467,-0.36062717770034847,-0.46811594202898554,0,0,力旺,2024-12-02,10,12.0,S2,random_top_n,3529,2024-12-02
early_watch,-0.03439151490209502,-0.22354494778153655,0.00793648791311119,-0.22354494778153655,-0.2296587517869505,0,0,聯強,2024-12-02,11,10.0,S2,random_top_n,2347,2024-12-02
early_watch,-0.44075829383886256,-0.4483412322274881,0.10426540284360186,-0.4483412322274881,-0.5004291845493563,0,0,京晨科,2024-12-02,12,0.0,S2,random_top_n,6419,2024-12-02
early_watch,-0.1622641509433962,-0.37509431659050707,0.08301886792452828,-0.37509431659050707,-0.4229964944128376,0,0,三福化,2024-12-02,13,22.6,S2,random_top_n,4755,2024-12-02
early_watch,-0.2651162790697674,-0.4162790697674418,0.0604651162790697,-0.4162790697674418,-0.44956140350877194,0,0,加百裕,2024-12-02,14,3.6,S2,random_top_n,3323,2024-12-02
early_watch,-0.098314606741573,-0.2415730337078652,0.30149812734082393,-0.2415730337078652,-0.41726618705035967,0,0,崧騰,2024-12-02,15,12.0,S2,random_top_n,3484,2024-12-02
early_watch,,,,,,0,0,金利,2024-12-02,16,22.6,S2,random_top_n,5383,2024-05-22
early_watch,-0.004830917874396157,-0.24154589371980673,0.09661835748792269,-0.24154589371980673,-0.3083700440528634,0,0,台積電,2024-12-02,17,12.0,S2,random_top_n,2330,2024-12-02
early_watch,-0.3795122100085747,-0.4331707465939405,0.07317073170731714,-0.4331707465939405,-0.4718181956898082,0,0,威盛,2024-12-02,18,9.0,S2,random_top_n,2388,2024-12-02
early_watch,-0.11099899091826437,-0.17255297679112003,0.08980827447023221,-0.17255297679112003,-0.2407407407407407,0,0,生泰,2024-12-02,19,14.6,S2,random_top_n,1777,2024-12-02
early_watch,-0.4140625,-0.5199652777777778,0.0625,-0.5199652777777778,-0.548202614379085,0,0,博磊,2024-12-02,20,13.0,S2,random_top_n,3581,2024-12-02
early_watch,0.8818181818181818,-0.07272727272727275,1.0545454545454547,-0.07272727272727275,-0.3913043478260869,0,0,高技,2024-12-02,1,25.6,S2,breakout_120d_only,5439,2024-12-02
early_watch,0.19975641693889168,-0.1619975112003882,0.5542022027484221,-0.1619975112003882,-0.39420059579832023,0,0,興能高,2024-12-02,2,2.6,S2,breakout_120d_only,6558,2024-12-02
early_watch,-0.2651162790697674,-0.4162790697674418,0.0604651162790697,-0.4162790697674418,-0.44956140350877194,0,0,加百裕,2024-12-02,3,3.6,S2,breakout_120d_only,3323,2024-12-02
early_watch,-0.4529411764705882,-0.5294117647058824,0.03088235294117636,-0.5294117647058824,-0.5435092724679029,0,0,富堡,2024-12-02,4,11.6,S2,breakout_120d_only,8929,2024-12-02
early_watch,-0.15480767763577974,-0.299038446866549,0.05576926011305594,-0.299038446866549,-0.33606557832685025,0,0,遠見,2024-12-02,5,27.6,S2,breakout_120d_only,3040,2024-12-02
early_watch,-0.09951456310679607,-0.3786407766990292,0.10194174757281549,-0.3786407766990292,-0.4361233480176211,0,0,順達,2024-12-02,6,1.6,S2,breakout_120d_only,3211,2024-12-02
early_watch,0.424731182795699,-0.1469534050179211,0.6559139784946237,-0.1469534050179211,-0.3917748917748918,0,0,信立,2024-12-02,7,36.6,S2,breakout_120d_only,4303,2024-12-02
early_watch,-0.40590405332693325,-0.4538745393946667,0.03690036848426659,-0.4538745393946667,-0.4733096089032589,0,0,金麗-KY,2024-12-02,8,36.6,S2,breakout_120d_only,8429,2024-12-02
early_watch,-0.04123711340206182,-0.365979381443299,0.29123711340206193,-0.365979381443299,-0.5089820359281437,0,0,華星光,2024-12-02,9,36.6,S2,breakout_120d_only,4979,2024-12-02
early_watch,-0.3717105058834491,-0.419078945098161,0.052631592156154205,-0.419078945098161,-0.4481250047683716,0,0,淘帝-KY,2024-12-02,10,36.6,S2,breakout_120d_only,2929,2024-12-02
early_watch,-0.2471910112359551,-0.3539325842696629,0.2050561797752808,-0.3539325842696629,-0.4638694638694638,0,0,西勝,2024-12-02,11,23.6,S2,breakout_120d_only,3625,2024-12-02
early_watch,-0.28125,-0.453125,0.04947916666666674,-0.453125,-0.4789081885856079,0,0,嘉澤,2024-12-02,12,36.6,S2,breakout_120d_only,3533,2024-12-02
early_watch,-0.06995884773662553,-0.16049382716049387,0.40740740740740744,-0.16049382716049387,-0.4035087719298246,0,0,零壹,2024-12-02,13,36.6,S2,breakout_120d_only,3029,2024-12-02
early_watch,-0.1351351351351351,-0.594054054054054,0.18378378378378368,-0.594054054054054,-0.6570776255707762,0,0,富世達,2024-12-02,14,23.6,S2,breakout_120d_only,6805,2024-12-02
early_watch,0.1321022727272727,-0.3821022727272727,0.14346590909090917,-0.3821022727272727,-0.44015444015444016,0,0,智邦,2024-12-02,15,34.6,S2,breakout_120d_only,2345,2024-12-02
early_watch,-0.06760563380281692,-0.3042253521126761,0.375586854460094,-0.3042253521126761,-0.4941979522184301,0,0,環宇-KY,2024-12-02,16,9.6,S2,breakout_120d_only,4991,2024-12-02
early_watch,0.025826446280991844,-0.3398760330578512,0.28099173553719003,-0.3398760330578512,-0.48467741935483866,0,0,AES-KY,2024-12-02,17,11.6,S2,breakout_120d_only,6781,2024-12-02
early_watch,-0.23348017621145378,-0.3568281938325991,0.10572687224669597,-0.3568281938325991,-0.4183266932270916,0,0,神準,2024-12-02,18,23.6,S2,breakout_120d_only,3558,2024-12-02
early_watch,-0.4179486983861679,-0.4564102368477063,-0.020512800950270416,-0.4564102368477063,-0.4564102368477063,0,0,兆勁,2024-12-02,19,33.6,S2,breakout_120d_only,2444,2024-12-02
early_watch,-0.08045977011494254,-0.22988505747126442,0.09655174167676894,-0.22988505747126442,-0.2976939315684908,0,0,長榮航,2024-12-02,20,32.6,S2,breakout_120d_only,2618,2024-12-02
early_watch,-0.4953846153846154,-0.6,-0.09999999999999998,-0.6,-0.6,0,0,順藥,2024-12-02,1,15.0,S2,volume_expansion_only,6535,2024-12-02
early_watch,-0.25037039297598385,-0.38148148148148153,-0.0133333559389468,-0.38148148148148153,-0.38148148148148153,0,0,至上,2024-12-02,2,18.6,S2,volume_expansion_only,8112,2024-12-02
early_watch,-0.3049535203338132,-0.3800309569186032,0.040247655348825795,-0.3800309569186032,-0.4040178414307477,0,0,堤維西,2024-12-02,3,8.6,S2,volume_expansion_only,1522,2024-12-02
early_watch,0.1321022727272727,-0.3821022727272727,0.14346590909090917,-0.3821022727272727,-0.44015444015444016,0,0,智邦,2024-12-02,4,34.6,S2,volume_expansion_only,2345,2024-12-02
early_watch,-0.28125,-0.453125,0.04947916666666674,-0.453125,-0.4789081885856079,0,0,嘉澤,2024-12-02,5,36.6,S2,volume_expansion_only,3533,2024-12-02
early_watch,-0.40590405332693325,-0.4538745393946667,0.03690036848426659,-0.4538745393946667,-0.4733096089032589,0,0,金麗-KY,2024-12-02,6,36.6,S2,volume_expansion_only,8429,2024-12-02
early_watch,-0.027906976744186074,-0.3004651162790697,0.2790697674418605,-0.3004651162790697,-0.4530909090909091,0,0,正淩,2024-12-02,7,19.6,S2,volume_expansion_only,8147,2024-12-02
early_watch,-0.4392523364485982,-0.4532710280373832,0.053738317757009435,-0.4532710280373832,-0.48115299334811534,0,0,立積,2024-12-02,8,17.2,S2,volume_expansion_only,4968,2024-12-02
early_watch,-0.4658823574290556,-0.47372548720415897,0.035294102687461804,-0.47372548720415897,-0.4916666564315255,0,0,大洋-KY,2024-12-02,9,27.6,S2,volume_expansion_only,5907,2024-12-02
early_watch,-0.04123711340206182,-0.365979381443299,0.29123711340206193,-0.365979381443299,-0.5089820359281437,0,0,華星光,2024-12-02,10,36.6,S2,volume_expansion_only,4979,2024-12-02
early_watch,-0.2072072072072072,-0.3819819957286388,0.09009009009009006,-0.3819819957286388,-0.4330578638502389,0,0,耀登,2024-12-02,11,22.6,S2,volume_expansion_only,3138,2024-12-02
early_watch,-0.049079754601227044,-0.16871165644171782,0.10122699386503053,-0.16871165644171782,-0.245125348189415,0,0,亞昕,2024-12-02,12,9.6,S2,volume_expansion_only,5213,2024-12-02
early_watch,-0.051442893740430984,-0.23086572667161764,0.28607282214282037,-0.23086572667161764,-0.4019512269555069,0,0,立隆電,2024-12-02,13,10.6,S2,volume_expansion_only,2472,2024-12-02
early_watch,-0.043735215070865974,-0.26359334899889875,0.06973998433443462,-0.26359334899889875,-0.3116022007354665,0,0,保瑞,2024-12-02,14,25.6,S2,volume_expansion_only,6472,2024-12-02
early_watch,-0.0551558559947235,-0.2709832359152369,0.07793764845415563,-0.2709832359152369,-0.3236930121791104,0,0,致伸,2024-12-02,15,22.6,S2,volume_expansion_only,4915,2024-12-02
early_watch,-0.17317073170731712,-0.224390243902439,0.03658536585365857,-0.224390243902439,-0.2517647058823529,0,0,耕興,2024-12-02,16,14.0,S2,volume_expansion_only,6146,2024-12-02
early_watch,0.06930690919075744,-0.15594066370819903,0.1509900555378354,-0.15594066370819903,-0.26666669948126676,0,0,旺宏,2024-12-02,17,14.0,S2,volume_expansion_only,2337,2024-12-02
early_watch,-0.26875001811262333,-0.43671874860301574,0.07812500096343733,-0.43671874860301574,-0.47753623105519016,0,0,百達-KY,2024-12-02,18,27.6,S2,volume_expansion_only,2236,2024-12-02
early_watch,0.424731182795699,-0.1469534050179211,0.6559139784946237,-0.1469534050179211,-0.3917748917748918,0,0,信立,2024-12-02,19,36.6,S2,volume_expansion_only,4303,2024-12-02
early_watch,-0.1705882502537147,-0.30196081423291976,0.1607843286850874,-0.30196081423291976,-0.39864868217353977,0,0,華新,2024-12-02,20,14.0,S2,volume_expansion_only,1605,2024-12-02
early_watch,0.424731182795699,-0.1469534050179211,0.6559139784946237,-0.1469534050179211,-0.3917748917748918,0,0,信立,2024-12-02,1,36.6,S2,ma_alignment_only,4303,2024-12-02
early_watch,-0.04123711340206182,-0.365979381443299,0.29123711340206193,-0.365979381443299,-0.5089820359281437,0,0,華星光,2024-12-02,2,36.6,S2,ma_alignment_only,4979,2024-12-02
early_watch,-0.3717105058834491,-0.419078945098161,0.052631592156154205,-0.419078945098161,-0.4481250047683716,0,0,淘帝-KY,2024-12-02,3,36.6,S2,ma_alignment_only,2929,2024-12-02
early_watch,-0.06995884773662553,-0.16049382716049387,0.40740740740740744,-0.16049382716049387,-0.4035087719298246,0,0,零壹,2024-12-02,4,36.6,S2,ma_alignment_only,3029,2024-12-02
early_watch,-0.28125,-0.453125,0.04947916666666674,-0.453125,-0.4789081885856079,0,0,嘉澤,2024-12-02,5,36.6,S2,ma_alignment_only,3533,2024-12-02
early_watch,-0.40590405332693325,-0.4538745393946667,0.03690036848426659,-0.4538745393946667,-0.4733096089032589,0,0,金麗-KY,2024-12-02,6,36.6,S2,ma_alignment_only,8429,2024-12-02
early_watch,0.1321022727272727,-0.3821022727272727,0.14346590909090917,-0.3821022727272727,-0.44015444015444016,0,0,智邦,2024-12-02,7,34.6,S2,ma_alignment_only,2345,2024-12-02
early_watch,-0.4179486983861679,-0.4564102368477063,-0.020512800950270416,-0.4564102368477063,-0.4564102368477063,0,0,兆勁,2024-12-02,8,33.6,S2,ma_alignment_only,2444,2024-12-02
early_watch,0.2789115646258504,-0.07256235827664403,0.34013605442176864,-0.07256235827664403,-0.2058252427184466,0,0,漢唐,2024-12-02,9,32.6,S2,ma_alignment_only,2404,2024-12-02
early_watch,-0.08045977011494254,-0.22988505747126442,0.09655174167676894,-0.22988505747126442,-0.2976939315684908,0,0,長榮航,2024-12-02,10,32.6,S2,ma_alignment_only,2618,2024-12-02
early_watch,-0.057812500000000044,-0.18281250000000004,0.16718750000000004,-0.18281250000000004,-0.29228687415426247,0,0,復盛應用,2024-12-02,11,32.6,S2,ma_alignment_only,6670,2024-12-02
early_watch,0.4481605351170568,-0.19397993311036787,0.47157190635451496,-0.19397993311036787,-0.41219512195121955,0,0,川湖,2024-12-02,12,29.6,S2,ma_alignment_only,2059,2024-12-02
early_watch,-0.461472602739726,-0.461472602739726,0.1284246575342467,-0.461472602739726,-0.5227617602427921,0,0,錦明,2024-12-02,13,27.6,S2,ma_alignment_only,3230,2024-12-02
early_watch,-0.3770642201834862,-0.4596330275229358,0.0899082568807339,-0.4596330275229358,-0.5042087542087542,0,0,光環,2024-12-02,14,27.6,S2,ma_alignment_only,3234,2024-12-02
early_watch,-0.9092331768388107,-0.918622848200313,-0.8539906103286385,-0.918622848200313,-0.918622848200313,0,0,尚凡*,2024-12-02,15,27.6,S2,ma_alignment_only,5278,2024-11-27
early_watch,-0.23308270676691734,-0.24812030075187974,0.27819548872180455,-0.24812030075187974,-0.4117647058823529,0,0,新華,2024-12-02,16,27.6,S2,ma_alignment_only,5481,2024-12-02
early_watch,-0.22476190476190472,-0.38095238095238093,0.10666666666666669,-0.38095238095238093,-0.44061962134251287,0,0,安碁,2024-12-02,17,27.6,S2,ma_alignment_only,6174,2024-12-02
early_watch,0.1255230548658508,-0.012552263349342008,0.48953974542784584,-0.012552263349342008,-0.3370786246680313,0,0,聯華食,2024-12-02,18,27.6,S2,ma_alignment_only,1231,2024-12-02
early_watch,-0.26875001811262333,-0.43671874860301574,0.07812500096343733,-0.43671874860301574,-0.47753623105519016,0,0,百達-KY,2024-12-02,19,27.6,S2,ma_alignment_only,2236,2024-12-02
early_watch,-0.3832658339541011,-0.5074223920160084,-0.0364372065295675,-0.5074223920160084,-0.5074223920160084,0,0,仲琦,2024-12-02,20,27.6,S2,ma_alignment_only,2419,2024-12-02
early_watch,0.5396825396825398,-0.20317460317460323,0.7724867724867726,-0.20317460317460323,-0.24397590361445787,0,0,寬宏藝術,2025-01-02,1,36.6,S2,radar_model,6596,2025-01-02
early_watch,0.1594202898550725,-0.285024154589372,0.21980676328502424,-0.285024154589372,-0.2985781990521327,0,0,健鼎,2025-01-02,2,33.2,S2,radar_model,3044,2025-01-02
early_watch,0.45886069359525017,-0.2294303769771917,0.5237342071082416,-0.2294303769771917,-0.36835276618992685,0,0,精成科,2025-01-02,3,33.2,S2,radar_model,6191,2025-01-02
early_watch,-0.45606060606060606,-0.46212121212121215,0.030303030303030276,-0.46212121212121215,-0.4779411764705882,0,0,新華,2025-01-02,4,29.6,S2,radar_model,5481,2025-01-02
early_watch,0.0547945205479452,-0.2465753424657534,0.6109589041095891,-0.2465753424657534,-0.3520408163265306,0,0,大綜,2025-01-02,5,27.6,S2,radar_model,3147,2025-01-02
early_watch,-0.27387387387387396,-0.34954954954954953,0.1711711711711712,-0.34954954954954953,-0.44461538461538463,0,0,磐儀,2025-01-02,6,27.6,S2,radar_model,3594,2025-01-02
early_watch,-0.0738461538461539,-0.12615384615384617,-0.01025641025641022,-0.12615384615384617,-0.12615384615384617,0,0,太醫,2025-01-02,7,27.6,S2,radar_model,4126,2025-01-02
early_watch,-0.06733167082294267,-0.2743142144638404,0.009975062344139696,-0.2743142144638404,-0.28148148148148144,0,0,新普,2025-01-02,8,27.6,S2,radar_model,6121,2025-01-02
early_watch,0.029940119760478945,-0.28742514970059885,0.22455089820359286,-0.28742514970059885,-0.3602150537634409,0,0,意德士,2025-01-02,9,27.6,S2,radar_model,7556,2025-01-02
early_watch,0.014134232026735027,-0.1660777601021457,0.25795044620525953,-0.1660777601021457,-0.3370786246680313,0,0,聯華食,2025-01-02,10,27.6,S2,radar_model,1231,2025-01-02
early_watch,-0.32576985413290116,-0.419773095623987,0.17828200972447328,-0.419773095623987,-0.5075653370013755,0,0,上銀,2025-01-02,11,27.6,S2,radar_model,2049,2025-01-02
early_watch,-0.7705426533236007,-0.8144702890319669,-0.007751965012431028,-0.8144702890319669,-0.8144702890319669,0,0,台揚,2025-01-02,12,27.6,S2,radar_model,2314,2025-01-02
early_watch,-0.17702444409226936,-0.3107344722060862,-0.013182617106539785,-0.3107344722060862,-0.3107344722060862,0,0,華航,2025-01-02,13,27.6,S2,radar_model,2610,2025-01-02
early_watch,-0.0339257227310471,-0.3901454108330251,0.12762522344326777,-0.3901454108330251,-0.45916907808717755,0,0,海華,2025-01-02,14,27.6,S2,radar_model,3694,2025-01-02
early_watch,0.2262996941896025,-0.33944954128440363,0.308868501529052,-0.33944954128440363,-0.3932584269662921,0,0,jpp-KY,2025-01-02,15,27.6,S2,radar_model,5284,2025-01-02
early_watch,-0.10354503827524786,-0.3234859850694999,0.020679508267815727,-0.3234859850694999,-0.3371925178760521,0,0,鳳凰,2025-01-02,16,27.6,S2,radar_model,5706,2025-01-02
early_watch,-0.21538463005652797,-0.2461538314819336,0.10384618318997907,-0.2461538314819336,-0.317073175594498,0,0,群益證,2025-01-02,17,27.6,S2,radar_model,6005,2025-01-02
early_watch,-0.25709515859766274,-0.5058430717863105,0.05008347245409017,-0.5058430717863105,-0.5294117647058824,0,0,光聖,2025-01-02,18,27.6,S2,radar_model,6442,2025-01-02
early_watch,-0.09999999999999998,-0.2897435897435897,0.03076923076923066,-0.2897435897435897,-0.31094527363184077,0,0,瑞鼎,2025-01-02,19,27.6,S2,radar_model,3592,2025-01-02
early_watch,-0.3277591973244147,-0.39799331103678925,0.1705685618729098,-0.39799331103678925,-0.48571428571428577,0,0,虎門科技,2025-01-02,20,27.6,S2,radar_model,6791,2025-01-02
early_watch,-0.14685990338164256,-0.3256038647342996,-0.033816425120772986,-0.3256038647342996,-0.3256038647342996,0,0,倍力,2025-01-02,1,25.6,S2,random_top_n,6874,2025-01-02
early_watch,-0.2540250514369944,-0.3488371997802625,0.0715563486728743,-0.3488371997802625,-0.3923205242298228,0,0,美隆電,2025-01-02,2,9.0,S2,random_top_n,2477,2025-01-02
early_watch,-0.24187256176853067,-0.33810143042912877,0.023407022106632036,-0.33810143042912877,-0.35324015247776375,0,0,東典光電,2025-01-02,3,11.0,S2,random_top_n,6588,2025-01-02
early_watch,-0.04728948810192801,-0.12572081061307772,0.10611308998233193,-0.12572081061307772,-0.20959330713563173,0,0,興農,2025-01-02,4,9.0,S2,random_top_n,1712,2025-01-02
early_watch,-0.2859303804459422,-0.39939483087155503,0.35098343590310055,-0.39939483087155503,-0.555431137668276,0,0,泰鼎-KY,2025-01-02,5,0.0,S2,random_top_n,4927,2025-01-02
early_watch,-0.19035532994923854,-0.2157360406091371,0.015228426395939021,-0.2157360406091371,-0.22750000000000004,0,0,精華,2025-01-02,6,0.0,S2,random_top_n,1565,2025-01-02
early_watch,-0.1086556169429097,-0.31491712707182307,0.03867403314917128,-0.31491712707182307,-0.34042553191489355,0,0,高僑,2025-01-02,7,17.0,S2,random_top_n,6234,2025-01-02
early_watch,0.08554572271386429,-0.3392330383480826,0.15634218289085555,-0.3392330383480826,-0.3392330383480826,0,0,南俊國際,2025-01-02,8,13.0,S2,random_top_n,6584,2025-01-02
early_watch,0.3514986376021798,-0.21525885558583102,0.3732970027247957,-0.21525885558583102,-0.36703296703296706,0,0,聖暉*,2025-01-02,9,9.6,S2,random_top_n,5536,2025-01-02
early_watch,0.19056967892840726,-0.04223971436986673,0.6011787339252483,-0.04223971436986673,-0.35828221795017734,0,0,華安,2025-01-02,10,11.0,S2,random_top_n,6657,2025-01-02
early_watch,-0.15181513498174426,-0.36468645264997457,0.12541251923243246,-0.36468645264997457,-0.43548384570723486,0,0,永崴投控,2025-01-02,11,12.0,S2,random_top_n,3712,2025-01-02
early_watch,0.042183622828784184,-0.36724565756823824,0.1662531017369726,-0.36724565756823824,-0.375,0,0,東哥遊艇,2025-01-02,12,11.0,S2,random_top_n,8478,2025-01-02
early_watch,-0.14953269362085142,-0.29672891476492314,0.04049853936304304,-0.29672891476492314,-0.3241018044430942,0,0,新巨,2025-01-02,13,14.6,S2,random_top_n,2420,2025-01-02
early_watch,-0.28400952395954515,-0.2923627268899234,0.22434372699596272,-0.2923627268899234,-0.42202728081408303,0,0,福懋油,2025-01-02,14,1.0,S2,random_top_n,1225,2025-01-02
early_watch,-0.10707634857182924,-0.17039108744657028,0.03351953838896038,-0.17039108744657028,-0.1972973110439541,0,0,東元,2025-01-02,15,24.6,S2,random_top_n,1504,2025-01-02
early_watch,-0.16894409937888188,-0.2248447204968944,0.11801242236024834,-0.2248447204968944,-0.30666666666666664,0,0,訊聯,2025-01-02,16,0.0,S2,random_top_n,1784,2025-01-02
early_watch,0.06451613201023987,-0.21105990570697153,0.12442396228278851,-0.21105990570697153,-0.2983606533150235,0,0,中工,2025-01-02,17,11.0,S2,random_top_n,2515,2025-01-02
early_watch,-0.21897810523844952,-0.3737226245869355,0.029197122465218994,-0.3737226245869355,-0.39148938357605134,0,0,錸德,2025-01-02,18,9.0,S2,random_top_n,2349,2025-01-02
early_watch,-0.17101826024901112,-0.35378588791064647,0.032637076368149165,-0.35378588791064647,-0.3742098488637169,0,0,精聯,2025-01-02,19,16.6,S2,random_top_n,3652,2025-01-02
early_watch,-0.1370499419279907,-0.28919860627177696,0.006968641114982743,-0.28919860627177696,-0.2941176470588235,0,0,晟德,2025-01-02,20,14.6,S2,random_top_n,4123,2025-01-02
early_watch,-0.25990338164251214,-0.3159420289855073,0.14492753623188404,-0.3159420289855073,-0.4025316455696203,0,0,立端,2025-01-02,1,7.6,S2,breakout_120d_only,6245,2025-01-02
early_watch,-0.35421685521382407,-0.5084337288117313,-0.02008032128514059,-0.5084337288117313,-0.5084337288117313,0,0,直得,2025-01-02,2,9.6,S2,breakout_120d_only,1597,2025-01-02
early_watch,-0.20383693045563545,-0.43405275779376495,0.2829736211031175,-0.43405275779376495,-0.5588785046728972,0,0,錼創科技-KY創,2025-01-02,3,11.6,S2,breakout_120d_only,6854,2025-01-02
early_watch,0.5396825396825398,-0.20317460317460323,0.7724867724867726,-0.20317460317460323,-0.24397590361445787,0,0,寬宏藝術,2025-01-02,4,36.6,S2,breakout_120d_only,6596,2025-01-02
early_watch,-0.45606060606060606,-0.46212121212121215,0.030303030303030276,-0.46212121212121215,-0.4779411764705882,0,0,新華,2025-01-02,5,29.6,S2,breakout_120d_only,5481,2025-01-02
early_watch,-0.9062347188264058,-0.9449877750611247,0.6992665036674817,-0.9449877750611247,-0.9676258992805755,0,0,世紀*,2025-01-02,6,0.0,S2,breakout_120d_only,5314,2025-01-02
early_watch,-0.2552381243024554,-0.3285714285714286,-0.09904763357979907,-0.3285714285714286,-0.3285714285714286,0,0,國產,2025-01-02,1,22.6,S2,volume_expansion_only,2504,2025-01-02
early_watch,-0.2998760842627014,-0.47211895910780666,-0.055762081784386575,-0.47211895910780666,-0.47211895910780666,0,0,中探針,2025-01-02,2,17.6,S2,volume_expansion_only,6217,2025-01-02
early_watch,0.016490005897728643,-0.08009426300993716,0.2720847827909618,-0.08009426300993716,-0.2509259117974175,0,0,台灣虎航,2025-01-02,3,22.6,S2,volume_expansion_only,6757,2025-01-02
early_watch,-0.14155251141552516,-0.17503805175038056,0.09284627092846254,-0.17503805175038056,-0.245125348189415,0,0,亞昕,2025-01-02,4,23.6,S2,volume_expansion_only,5213,2025-01-02
early_watch,0.13017751479289963,-0.24556213017751471,0.13017751479289963,-0.24556213017751471,-0.3271767810026385,0,0,永捷,2025-01-02,5,0.0,S2,volume_expansion_only,4714,2025-01-02
early_watch,0.12618296226277725,-0.12618296226277725,0.4085173643932316,-0.12618296226277725,-0.3796192650321708,0,0,騰輝電子-KY,2025-01-02,6,0.0,S2,volume_expansion_only,6672,2025-01-02
early_watch,-0.19645736868511343,-0.20933980398537577,0.1787439817545673,-0.20933980398537577,-0.32923500925305094,0,0,三商壽,2025-01-02,7,12.0,S2,volume_expansion_only,2867,2025-01-02
early_watch,-0.24865830560759794,-0.3291592526164465,0.08407867929937463,-0.3291592526164465,-0.3811881368083829,0,0,百和興業-KY,2025-01-02,8,19.6,S2,volume_expansion_only,8404,2025-01-02
early_watch,-0.28093645484949825,-0.32107023411371227,0.02006688963210701,-0.32107023411371227,-0.33442622950819667,0,0,南仁湖,2025-01-02,9,19.6,S2,volume_expansion_only,5905,2025-01-02
early_watch,0.1594202898550725,-0.285024154589372,0.21980676328502424,-0.285024154589372,-0.2985781990521327,0,0,健鼎,2025-01-02,10,33.2,S2,volume_expansion_only,3044,2025-01-02
early_watch,0.22516551771256288,0.0,0.22516551771256288,0.0,-0.11714291078839822,0,0,聯邦銀,2025-01-02,11,1.0,S2,volume_expansion_only,2838,2025-01-02
early_watch,0.625,-0.10307017543859653,0.625,-0.10307017543859653,-0.2058252427184466,0,0,漢唐,2025-01-02,12,20.0,S2,volume_expansion_only,2404,2025-01-02
early_watch,-0.09792280201761039,-0.1632047462478491,0.10682487492830228,-0.1632047462478491,-0.24396779227937326,0,0,凱基金,2025-01-02,13,16.0,S2,volume_expansion_only,2883,2025-01-02
early_watch,-0.24786328050730722,-0.33943837037626323,-0.010989029415274465,-0.33943837037626323,-0.33943837037626323,0,0,宏碁,2025-01-02,14,25.6,S2,volume_expansion_only,2353,2025-01-02
early_watch,0.05882349009367549,-0.06758449840742364,0.06758449840742364,-0.06758449840742364,-0.10885165837578403,0,0,統一,2025-01-02,15,14.0,S2,volume_expansion_only,1216,2025-01-02
early_watch,-0.4221183800623053,-0.43146417445482865,0.010903426791277315,-0.43146417445482865,-0.43759630200308175,0,0,福華,2025-01-02,16,14.0,S2,volume_expansion_only,8085,2025-01-02
early_watch,-0.0023419739351656643,-0.2564402943159493,0.19906322829336798,-0.2564402943159493,-0.37988282174046606,0,0,鴻華先進-創,2025-01-02,17,23.6,S2,volume_expansion_only,2258,2025-01-02
early_watch,-0.25757575757575757,-0.3136363636363636,0.1803030303030304,-0.3136363636363636,-0.41848523748395383,0,0,聚陽,2025-01-02,18,22.6,S2,volume_expansion_only,1477,2025-01-02
early_watch,0.11290322580645151,-0.005376344086021501,0.13440860215053774,-0.005376344086021501,-0.09134615384615385,0,0,全家,2025-01-02,19,14.0,S2,volume_expansion_only,5903,2025-01-02
early_watch,-0.20990566037735847,-0.3325471698113207,0.10377358490566047,-0.3325471698113207,-0.39529914529914534,0,0,裕慶-KY,2025-01-02,20,17.0,S2,volume_expansion_only,6957,2025-01-02
early_watch,0.5396825396825398,-0.20317460317460323,0.7724867724867726,-0.20317460317460323,-0.24397590361445787,0,0,寬宏藝術,2025-01-02,1,36.6,S2,ma_alignment_only,6596,2025-01-02
early_watch,-0.45606060606060606,-0.46212121212121215,0.030303030303030276,-0.46212121212121215,-0.4779411764705882,0,0,新華,2025-01-02,2,29.6,S2,ma_alignment_only,5481,2025-01-02
early_watch,0.0547945205479452,-0.2465753424657534,0.6109589041095891,-0.2465753424657534,-0.3520408163265306,0,0,大綜,2025-01-02,3,27.6,S2,ma_alignment_only,3147,2025-01-02
early_watch,-0.27387387387387396,-0.34954954954954953,0.1711711711711712,-0.34954954954954953,-0.44461538461538463,0,0,磐儀,2025-01-02,4,27.6,S2,ma_alignment_only,3594,2025-01-02
early_watch,-0.0738461538461539,-0.12615384615384617,-0.01025641025641022,-0.12615384615384617,-0.12615384615384617,0,0,太醫,2025-01-02,5,27.6,S2,ma_alignment_only,4126,2025-01-02
early_watch,-0.06733167082294267,-0.2743142144638404,0.009975062344139696,-0.2743142144638404,-0.28148148148148144,0,0,新普,2025-01-02,6,27.6,S2,ma_alignment_only,6121,2025-01-02
early_watch,0.029940119760478945,-0.28742514970059885,0.22455089820359286,-0.28742514970059885,-0.3602150537634409,0,0,意德士,2025-01-02,7,27.6,S2,ma_alignment_only,7556,2025-01-02
early_watch,0.014134232026735027,-0.1660777601021457,0.25795044620525953,-0.1660777601021457,-0.3370786246680313,0,0,聯華食,2025-01-02,8,27.6,S2,ma_alignment_only,1231,2025-01-02
early_watch,-0.32576985413290116,-0.419773095623987,0.17828200972447328,-0.419773095623987,-0.5075653370013755,0,0,上銀,2025-01-02,9,27.6,S2,ma_alignment_only,2049,2025-01-02
early_watch,-0.7705426533236007,-0.8144702890319669,-0.007751965012431028,-0.8144702890319669,-0.8144702890319669,0,0,台揚,2025-01-02,10,27.6,S2,ma_alignment_only,2314,2025-01-02
early_watch,-0.17702444409226936,-0.3107344722060862,-0.013182617106539785,-0.3107344722060862,-0.3107344722060862,0,0,華航,2025-01-02,11,27.6,S2,ma_alignment_only,2610,2025-01-02
early_watch,-0.0339257227310471,-0.3901454108330251,0.12762522344326777,-0.3901454108330251,-0.45916907808717755,0,0,海華,2025-01-02,12,27.6,S2,ma_alignment_only,3694,2025-01-02
early_watch,0.2262996941896025,-0.33944954128440363,0.308868501529052,-0.33944954128440363,-0.3932584269662921,0,0,jpp-KY,2025-01-02,13,27.6,S2,ma_alignment_only,5284,2025-01-02
early_watch,-0.10354503827524786,-0.3234859850694999,0.020679508267815727,-0.3234859850694999,-0.3371925178760521,0,0,鳳凰,2025-01-02,14,27.6,S2,ma_alignment_only,5706,2025-01-02
early_watch,-0.21538463005652797,-0.2461538314819336,0.10384618318997907,-0.2461538314819336,-0.317073175594498,0,0,群益證,2025-01-02,15,27.6,S2,ma_alignment_only,6005,2025-01-02
early_watch,-0.25709515859766274,-0.5058430717863105,0.05008347245409017,-0.5058430717863105,-0.5294117647058824,0,0,光聖,2025-01-02,16,27.6,S2,ma_alignment_only,6442,2025-01-02
early_watch,-0.09999999999999998,-0.2897435897435897,0.03076923076923066,-0.2897435897435897,-0.31094527363184077,0,0,瑞鼎,2025-01-02,17,27.6,S2,ma_alignment_only,3592,2025-01-02
early_watch,-0.3277591973244147,-0.39799331103678925,0.1705685618729098,-0.39799331103678925,-0.48571428571428577,0,0,虎門科技,2025-01-02,18,27.6,S2,ma_alignment_only,6791,2025-01-02
early_watch,-0.1717171717171717,-0.29898989898989903,0.16969696969696968,-0.29898989898989903,-0.40069084628670126,0,0,原相,2025-01-02,19,25.6,S2,ma_alignment_only,3227,2025-01-02
early_watch,0.03846153846153855,-0.07692307692307687,0.0807692307692307,-0.07692307692307687,-0.14590747330960852,0,0,大車隊,2025-01-02,20,24.6,S2,ma_alignment_only,2640,2025-01-02
early_watch,-0.0033333232625322173,-0.21333330423990793,0.18666666219075512,-0.21333330423990793,-0.3370786246680313,0,0,聯華食,2025-02-03,1,36.6,S2,radar_model,1231,2025-02-03
early_watch,0.005681818181818121,-0.0625,0.08636361902410328,-0.0625,-0.10041839568355027,0,0,上海商銀,2025-02-03,2,36.6,S2,radar_model,5876,2025-02-03
early_watch,0.2794953174095878,-0.07255516933328698,0.2870662956191119,-0.07255516933328698,-0.234375,0,0,潤弘,2025-02-03,3,35.2,S2,radar_model,2597,2025-02-03
early_watch,-0.25605536332179935,-0.3709342454956477,0.05536332179930792,-0.3709342454956477,-0.40393441622374493,0,0,鈺齊-KY,2025-02-03,4,34.6,S2,radar_model,9802,2025-02-03
early_watch,-0.23426573426573438,-0.2517482517482519,0.05944055944055937,-0.2517482517482519,-0.29372937293729384,0,0,康和證,2025-02-03,5,33.2,S2,radar_model,6016,2025-02-03
early_watch,-0.05642630904656665,-0.13793102417388037,0.08463946356984997,-0.13793102417388037,-0.20520227708771444,0,0,燁輝,2025-02-03,6,33.2,S2,radar_model,2023,2025-02-03
early_watch,0.055776892430278835,-0.01195219123505975,0.09163346613545809,-0.01195219123505975,-0.06569343065693434,0,0,中華電,2025-02-03,7,33.2,S2,radar_model,2412,2025-02-03
early_watch,0.18676784112063305,-0.07499997075922604,0.26071424959332967,-0.07499997075922604,-0.13666661165578664,0,0,玉山金,2025-02-03,8,33.2,S2,radar_model,2884,2025-02-03
early_watch,-0.15724381625441697,-0.3639575971731449,-0.007067137809187329,-0.3639575971731449,-0.3639575971731449,0,0,大立光,2025-02-03,9,33.2,S2,radar_model,3008,2025-02-03
early_watch,-0.14232209737827717,-0.14232209737827717,0.050561797752809,-0.14232209737827717,-0.1836007130124777,0,0,聯詠,2025-02-03,10,31.2,S2,radar_model,3034,2025-02-03
early_watch,-0.1152597183440498,-0.4204545187133818,0.19805202727013205,-0.4204545187133818,-0.5162601722671727,0,0,邁達特,2025-02-03,11,29.6,S2,radar_model,6112,2025-02-03
early_watch,-0.25874125874125875,-0.3664335664335664,0.08951048951048945,-0.3664335664335664,-0.41848523748395383,0,0,聚陽,2025-02-03,12,29.2,S2,radar_model,1477,2025-02-03
early_watch,0.06417107671953604,-0.10695193188885788,0.06417107671953604,-0.10695193188885788,-0.11640210921149197,0,0,華南金,2025-02-03,13,28.2,S2,radar_model,2880,2025-02-03
early_watch,0.8274111675126903,-0.24027072758037227,0.8714043993231808,-0.24027072758037227,-0.3631205673758865,0,0,富喬,2025-02-03,14,27.6,S2,radar_model,1815,2025-02-03
early_watch,-0.26530612244897966,-0.3673469387755103,-0.0022675736961451642,-0.3673469387755103,-0.3673469387755103,0,0,富野,2025-02-03,15,27.6,S2,radar_model,2736,2025-02-03
early_watch,0.007812500000000222,-0.12760416666666663,0.04947916666666674,-0.12760416666666663,-0.1687344913151364,0,0,東洋,2025-02-03,16,27.6,S2,radar_model,4105,2025-02-03
early_watch,-0.18965517241379315,-0.4698275862068966,0.07974137931034475,-0.4698275862068966,-0.5089820359281437,0,0,華星光,2025-02-03,17,27.6,S2,radar_model,4979,2025-02-03
early_watch,-0.2520325203252033,-0.3252032520325203,0.027100271002709952,-0.3252032520325203,-0.3430079155672823,0,0,胡連,2025-02-03,18,27.6,S2,radar_model,6279,2025-02-03
early_watch,0.14015151515151514,-0.16287878787878785,0.5265151515151516,-0.16287878787878785,-0.3136645962732919,0,0,叡揚,2025-02-03,19,27.6,S2,radar_model,6752,2025-02-03
early_watch,-0.20744188885356107,-0.2790697674418605,0.051162790697674376,-0.2790697674418605,-0.3141592920353983,0,0,八貫,2025-02-03,20,27.6,S2,radar_model,1342,2025-02-03
early_watch,-0.4247491638795987,-0.4247491638795987,0.06131549609810483,-0.4247491638795987,-0.45798319327731096,0,0,來億-KY,2025-02-03,1,11.6,S2,random_top_n,6890,2025-02-03
early_watch,-0.1476510067114094,-0.31879194630872487,0.09060402684563762,-0.31879194630872487,-0.3753846153846154,0,0,義隆,2025-02-03,2,16.0,S2,random_top_n,2458,2025-02-03
early_watch,-0.13725493016515167,-0.382352958099091,0.21116137791231693,-0.382352958099091,-0.4900373697801119,0,0,澤米,2025-02-03,3,13.0,S2,random_top_n,6742,2025-02-03
early_watch,-0.09658200052435695,-0.15624994109384405,0.15820312580035534,-0.15624994109384405,-0.27150079281378414,0,0,冠德,2025-02-03,4,18.6,S2,random_top_n,2520,2025-02-03
early_watch,0.014204545454545414,-0.2883522727272728,0.12357954545454519,-0.2883522727272728,-0.36662452591656125,0,0,撼訊,2025-02-03,5,18.6,S2,random_top_n,6150,2025-02-03
early_watch,-0.1315789473684209,-0.2569659442724458,0.0866873065015481,-0.2569659442724458,-0.3162393162393162,0,0,東浦,2025-02-03,6,17.6,S2,random_top_n,3290,2025-02-03
early_watch,-0.1763392857142857,-0.2209821428571429,0.0535714285714286,-0.2209821428571429,-0.260593220338983,0,0,天鈺,2025-02-03,7,11.0,S2,random_top_n,4961,2025-02-03
early_watch,-0.04318936877076407,-0.1495016611295681,0.04651162790697683,-0.1495016611295681,-0.1873015873015873,0,0,廣隆,2025-02-03,8,16.0,S2,random_top_n,1537,2025-02-03
early_watch,-0.1799687010954617,-0.3740219092331768,0.07511737089201875,-0.3740219092331768,-0.4177583697234353,0,0,中天,2025-02-03,9,16.6,S2,random_top_n,4128,2025-02-03
early_watch,0.02892561983471076,-0.13636363636363635,0.25619834710743805,-0.13636363636363635,-0.3125,0,0,新門,2025-02-03,10,11.0,S2,random_top_n,5432,2025-02-03
early_watch,-0.05154639107685954,-0.30584190728044136,0.21649488184958554,-0.30584190728044136,-0.4293785341175086,0,0,嘉聯益,2025-02-03,11,11.0,S2,random_top_n,6153,2025-02-03
early_watch,0.0,-0.04332132598873306,0.4043321463703431,-0.04332132598873306,-0.3187660935599087,0,0,上曜,2025-02-03,12,11.0,S2,random_top_n,1316,2025-02-03
early_watch,-0.04456520080566406,-0.263043445089589,0.06413045136824902,-0.263043445089589,-0.3074565679773197,0,0,英業達,2025-02-03,13,16.0,S2,random_top_n,2356,2025-02-03
early_watch,0.26098535286284963,-0.08255659121171754,0.4980026631158456,-0.08255659121171754,-0.38755555555555554,0,0,鏵友益,2025-02-03,14,11.0,S2,random_top_n,6877,2025-02-03
early_watch,-0.14666663275824654,-0.2666666666666667,0.18222223917643232,-0.2666666666666667,-0.37969925701601337,0,0,盛群,2025-02-03,15,11.0,S2,random_top_n,6202,2025-02-03
early_watch,-0.25838926174496646,-0.3221476510067114,0.06040268456375841,-0.3221476510067114,-0.3607594936708861,0,0,嘉基,2025-02-03,16,9.0,S2,random_top_n,6715,2025-02-03
early_watch,-0.1843033509700177,-0.21516754850088182,0.09347442680776008,-0.21516754850088182,-0.282258064516129,0,0,森鉅,2025-02-03,17,18.6,S2,random_top_n,8942,2025-02-03
early_watch,0.059113340297505035,-0.07389162839284924,0.3571428705654378,-0.07389162839284924,-0.3176043645122649,0,0,允強,2025-02-03,18,20.6,S2,random_top_n,2034,2025-02-03
early_watch,-0.13662792309481941,-0.3561046908132557,0.02325579074346007,-0.3561046908132557,-0.37073866083971674,0,0,夏都,2025-02-03,19,19.6,S2,random_top_n,2722,2025-02-03
early_watch,-0.25874125874125875,-0.3664335664335664,0.08951048951048945,-0.3664335664335664,-0.41848523748395383,0,0,聚陽,2025-02-03,20,29.2,S2,random_top_n,1477,2025-02-03
early_watch,0.007812500000000222,-0.12760416666666663,0.04947916666666674,-0.12760416666666663,-0.1687344913151364,0,0,東洋,2025-02-03,1,27.6,S2,breakout_120d_only,4105,2025-02-03
early_watch,-0.1152597183440498,-0.4204545187133818,0.19805202727013205,-0.4204545187133818,-0.5162601722671727,0,0,邁達特,2025-02-03,2,29.6,S2,breakout_120d_only,6112,2025-02-03
early_watch,-0.25605536332179935,-0.3709342454956477,0.05536332179930792,-0.3709342454956477,-0.40393441622374493,0,0,鈺齊-KY,2025-02-03,3,34.6,S2,breakout_120d_only,9802,2025-02-03
early_watch,-0.047727238048206666,-0.21818178350275208,0.23295454545454541,-0.21818178350275208,-0.28755757555983585,0,0,冠西電,2025-02-03,4,9.6,S2,breakout_120d_only,2466,2025-02-03
early_watch,0.005681818181818121,-0.0625,0.08636361902410328,-0.0625,-0.10041839568355027,0,0,上海商銀,2025-02-03,5,36.6,S2,breakout_120d_only,5876,2025-02-03
early_watch,-0.0033333232625322173,-0.21333330423990793,0.18666666219075512,-0.21333330423990793,-0.3370786246680313,0,0,聯華食,2025-02-03,6,36.6,S2,breakout_120d_only,1231,2025-02-03
early_watch,-0.17163291137053482,-0.18355186228606668,0.033373008002861804,-0.18355186228606668,-0.20991923401228196,0,0,名軒,2025-02-03,7,27.6,S2,breakout_120d_only,1442,2025-02-03
early_watch,0.04776579352850541,-0.3204930662557781,0.14791987673343598,-0.3204930662557781,-0.3779971791255289,0,0,華碩,2025-02-03,1,25.6,S2,volume_expansion_only,2357,2025-02-03
early_watch,0.105561861520999,-0.15209988649262196,0.1748013620885358,-0.15209988649262196,-0.27121951219512197,0,0,世界,2025-02-03,2,12.0,S2,volume_expansion_only,5347,2025-02-03
early_watch,-0.132885878720018,-0.25369126374139117,0.032214799208027944,-0.25369126374139117,-0.27698310774926105,0,0,中纖,2025-02-03,3,17.6,S2,volume_expansion_only,1718,2025-02-03
early_watch,0.700657894736842,-0.23026315789473684,0.7960526315789473,-0.23026315789473684,-0.34636871508379885,0,0,台燿,2025-02-03,4,12.0,S2,volume_expansion_only,6274,2025-02-03
early_watch,0.5563909774436091,-0.2969924812030075,0.5839598997493733,-0.2969924812030075,-0.32733812949640284,0,0,台達電,2025-02-03,5,0.0,S2,volume_expansion_only,2308,2025-02-03
early_watch,0.187155907307196,-0.04770639402057053,0.2623853770964737,-0.04770639402057053,-0.14244189850377376,0,0,永信,2025-02-03,6,20.6,S2,volume_expansion_only,3705,2025-02-03
early_watch,0.059288537549407216,-0.44347824880728137,0.12252964426877466,-0.44347824880728137,-0.46463877166632006,0,0,欣興,2025-02-03,7,12.0,S2,volume_expansion_only,3037,2025-02-03
early_watch,-0.2817904374364192,-0.2960325534079349,0.01729399796541209,-0.2960325534079349,-0.30799999999999994,0,0,榮剛,2025-02-03,8,23.6,S2,volume_expansion_only,5009,2025-02-03
early_watch,-0.14232209737827717,-0.14232209737827717,0.050561797752809,-0.14232209737827717,-0.1836007130124777,0,0,聯詠,2025-02-03,9,31.2,S2,volume_expansion_only,3034,2025-02-03
early_watch,-0.10666666666666669,-0.20999999999999996,0.040000000000000036,-0.20999999999999996,-0.24038461538461542,0,0,聯發科,2025-02-03,10,25.6,S2,volume_expansion_only,2454,2025-02-03
early_watch,0.0,-0.0852713178294574,0.04069767441860472,-0.0852713178294574,-0.11940298507462688,0,0,統一超,2025-02-03,11,12.0,S2,volume_expansion_only,2912,2025-02-03
early_watch,0.07476635514018692,-0.26635514018691586,0.08411214953271018,-0.26635514018691586,-0.30222222222222217,0,0,台積電,2025-02-03,12,17.0,S2,volume_expansion_only,2330,2025-02-03
early_watch,-0.08140698306226457,-0.12361804681553767,0.010050289787604694,-0.12361804681553767,-0.13233829835467936,0,0,王道銀行,2025-02-03,13,25.6,S2,volume_expansion_only,2897,2025-02-03
early_watch,-0.07048458149779724,-0.27312775330396477,0.1729074889867841,-0.27312775330396477,-0.3802816901408451,0,0,91APP*-KY,2025-02-03,14,23.6,S2,volume_expansion_only,6741,2025-02-03
early_watch,0.1238670694864048,-0.3202416918429003,0.1238670694864048,-0.3202416918429003,-0.38858695652173914,0,0,鴻海,2025-02-03,15,1.0,S2,volume_expansion_only,2317,2025-02-03
early_watch,0.18724279835390956,-0.26543209876543206,0.20576131687242794,-0.26543209876543206,-0.3388888888888889,0,0,廣達,2025-02-03,16,1.0,S2,volume_expansion_only,2382,2025-02-03
early_watch,-0.234375,-0.31076388888888884,0.08333333333333326,-0.31076388888888884,-0.3637820512820513,0,0,元太,2025-02-03,17,23.6,S2,volume_expansion_only,8069,2025-02-03
early_watch,0.10017893967714198,-0.12701247681415473,0.10017893967714198,-0.12701247681415473,-0.128571442535945,0,0,第一金,2025-02-03,18,27.6,S2,volume_expansion_only,2892,2025-02-03
early_watch,-0.3486394557823129,-0.36904761904761896,0.24659863945578242,-0.36904761904761896,-0.4938608458390177,0,0,福裕,2025-02-03,19,14.0,S2,volume_expansion_only,4513,2025-02-03
early_watch,0.055776892430278835,-0.01195219123505975,0.09163346613545809,-0.01195219123505975,-0.06569343065693434,0,0,中華電,2025-02-03,20,33.2,S2,volume_expansion_only,2412,2025-02-03
early_watch,-0.0033333232625322173,-0.21333330423990793,0.18666666219075512,-0.21333330423990793,-0.3370786246680313,0,0,聯華食,2025-02-03,1,36.6,S2,ma_alignment_only,1231,2025-02-03
early_watch,0.005681818181818121,-0.0625,0.08636361902410328,-0.0625,-0.10041839568355027,0,0,上海商銀,2025-02-03,2,36.6,S2,ma_alignment_only,5876,2025-02-03
early_watch,0.2794953174095878,-0.07255516933328698,0.2870662956191119,-0.07255516933328698,-0.234375,0,0,潤弘,2025-02-03,3,35.2,S2,ma_alignment_only,2597,2025-02-03
early_watch,-0.1152597183440498,-0.4204545187133818,0.19805202727013205,-0.4204545187133818,-0.5162601722671727,0,0,邁達特,2025-02-03,4,29.6,S2,ma_alignment_only,6112,2025-02-03
early_watch,0.06417107671953604,-0.10695193188885788,0.06417107671953604,-0.10695193188885788,-0.11640210921149197,0,0,華南金,2025-02-03,5,28.2,S2,ma_alignment_only,2880,2025-02-03
early_watch,0.8274111675126903,-0.24027072758037227,0.8714043993231808,-0.24027072758037227,-0.3631205673758865,0,0,富喬,2025-02-03,6,27.6,S2,ma_alignment_only,1815,2025-02-03
early_watch,-0.26530612244897966,-0.3673469387755103,-0.0022675736961451642,-0.3673469387755103,-0.3673469387755103,0,0,富野,2025-02-03,7,27.6,S2,ma_alignment_only,2736,2025-02-03
early_watch,0.007812500000000222,-0.12760416666666663,0.04947916666666674,-0.12760416666666663,-0.1687344913151364,0,0,東洋,2025-02-03,8,27.6,S2,ma_alignment_only,4105,2025-02-03
early_watch,-0.18965517241379315,-0.4698275862068966,0.07974137931034475,-0.4698275862068966,-0.5089820359281437,0,0,華星光,2025-02-03,9,27.6,S2,ma_alignment_only,4979,2025-02-03
early_watch,-0.2520325203252033,-0.3252032520325203,0.027100271002709952,-0.3252032520325203,-0.3430079155672823,0,0,胡連,2025-02-03,10,27.6,S2,ma_alignment_only,6279,2025-02-03
early_watch,0.14015151515151514,-0.16287878787878785,0.5265151515151516,-0.16287878787878785,-0.3136645962732919,0,0,叡揚,2025-02-03,11,27.6,S2,ma_alignment_only,6752,2025-02-03
early_watch,-0.20744188885356107,-0.2790697674418605,0.051162790697674376,-0.2790697674418605,-0.3141592920353983,0,0,八貫,2025-02-03,12,27.6,S2,ma_alignment_only,1342,2025-02-03
early_watch,-0.17163291137053482,-0.18355186228606668,0.033373008002861804,-0.18355186228606668,-0.20991923401228196,0,0,名軒,2025-02-03,13,27.6,S2,ma_alignment_only,1442,2025-02-03
early_watch,-0.0054944916748072,-0.18406592523668242,0.01648354489067394,-0.18406592523668242,-0.1972973110439541,0,0,東元,2025-02-03,14,27.6,S2,ma_alignment_only,1504,2025-02-03
early_watch,-0.3281249570158796,-0.37019226625120705,-0.001201904781118035,-0.37019226625120705,-0.37019226625120705,0,0,中華,2025-02-03,15,27.6,S2,ma_alignment_only,2204,2025-02-03
early_watch,0.23720930232558146,-0.3339535025663154,0.241860465116279,-0.3339535025663154,-0.36071429933820454,0,0,光寶科,2025-02-03,16,27.6,S2,ma_alignment_only,2301,2025-02-03
early_watch,-0.22448979591836737,-0.3698979591836735,0.025510204081632626,-0.3698979591836735,-0.38557213930348255,0,0,微星,2025-02-03,17,27.6,S2,ma_alignment_only,2377,2025-02-03
early_watch,-0.23047616141183036,-0.2342856997535342,0.0,-0.2342856997535342,-0.2342856997535342,0,0,美食-KY,2025-02-03,18,27.6,S2,ma_alignment_only,2723,2025-02-03
early_watch,-0.06571432965648327,-0.22000002020699594,0.06285711655597348,-0.22000002020699594,-0.2661290331098548,0,0,元大金,2025-02-03,19,27.6,S2,ma_alignment_only,2885,2025-02-03
early_watch,0.10017893967714198,-0.12701247681415473,0.10017893967714198,-0.12701247681415473,-0.128571442535945,0,0,第一金,2025-02-03,20,27.6,S2,ma_alignment_only,2892,2025-02-03
early_watch,-0.04749999999999999,-0.16249999999999998,0.00749999999999984,-0.16249999999999998,-0.1687344913151364,0,0,東洋,2025-03-03,1,36.6,S2,radar_model,4105,2025-03-03
early_watch,0.05058365758754868,-0.035019455252918275,0.07392996108949412,-0.035019455252918275,-0.06569343065693434,0,0,中華電,2025-03-03,2,36.6,S2,radar_model,2412,2025-03-03
early_watch,0.2946859903381642,-0.10144927536231885,0.3285024154589371,-0.10144927536231885,-0.11004784688995217,0,0,卜蜂,2025-03-03,3,34.6,S2,radar_model,1215,2025-03-03
early_watch,0.13729559841667527,-0.028301893452442717,0.19449688328759684,-0.028301893452442717,-0.11714291078839822,0,0,聯邦銀,2025-03-03,4,34.6,S2,radar_model,2838,2025-03-03
early_watch,-0.1888297543152243,-0.20478721191679006,0.047872423532056674,-0.20478721191679006,-0.24111679034095457,0,0,東和鋼鐵,2025-03-03,5,33.2,S2,radar_model,2006,2025-03-03
early_watch,0.058510660963288164,-0.07180843238864787,0.06382983040626322,-0.07180843238864787,-0.10512816600310493,0,0,可寧衛*,2025-03-03,6,33.2,S2,radar_model,8422,2025-03-03
early_watch,-0.23984771573604058,-0.28807106598984766,0.040609137055837685,-0.28807106598984766,-0.3158536585365853,0,0,明安,2025-03-03,7,31.2,S2,radar_model,8938,2025-03-03
early_watch,-0.052032532730722836,-0.15772358964129196,0.011382126226657796,-0.15772358964129196,-0.15772358964129196,0,0,環泥,2025-03-03,8,31.2,S2,radar_model,1104,2025-03-03
early_watch,-0.06632940096163698,-0.1637010930159244,0.0,-0.1637010930159244,-0.1637010930159244,0,0,遠東銀,2025-03-03,9,31.2,S2,radar_model,2845,2025-03-03
early_watch,-0.4279918620822104,-0.4300202674172464,0.03448277462977134,-0.4300202674172464,-0.44901960036333866,0,0,新建,2025-03-03,10,29.6,S2,radar_model,2516,2025-03-03
early_watch,0.7292307692307691,-0.25230769230769234,1.0153846153846153,-0.25230769230769234,-0.29360465116279066,0,0,鼎炫-KY,2025-03-03,11,29.6,S2,radar_model,8499,2025-03-03
early_watch,-0.18353346317263075,-0.1989708169112141,0.08576329443279929,-0.1989708169112141,-0.26224326499521056,0,0,瑞智,2025-03-03,12,29.2,S2,radar_model,4532,2025-03-03
early_watch,0.13503649635036497,-0.23722627737226276,0.23722627737226287,-0.23722627737226276,-0.24548736462093868,0,0,揚秦,2025-03-03,13,27.6,S2,radar_model,2755,2025-03-03
early_watch,-0.04092071611253201,-0.2966751918158568,0.5038363171355498,-0.2966751918158568,-0.37925170068027214,0,0,大綜,2025-03-03,14,27.6,S2,radar_model,3147,2025-03-03
early_watch,-0.14210526315789473,-0.24736842105263157,0.02807017543859658,-0.24736842105263157,-0.26791808873720135,0,0,凡甲,2025-03-03,15,27.6,S2,radar_model,3526,2025-03-03
early_watch,-0.273851590106007,-0.34893992932862195,0.0035335689045936647,-0.34893992932862195,-0.35123239436619713,0,0,三一東林,2025-03-03,16,27.6,S2,radar_model,3609,2025-03-03
early_watch,-0.20357142857142863,-0.20357142857142863,0.1964285714285714,-0.20357142857142863,-0.33432835820895523,0,0,寶島科,2025-03-03,17,27.6,S2,radar_model,5312,2025-03-03
early_watch,-0.12190476190476185,-0.2761904761904762,0.04190476190476189,-0.2761904761904762,-0.2975970425138632,0,0,擎邦,2025-03-03,18,27.6,S2,radar_model,6122,2025-03-03
early_watch,-0.10460992907801414,-0.23049645390070927,0.04432624113475181,-0.23049645390070927,-0.26315789473684215,0,0,統振,2025-03-03,19,27.6,S2,radar_model,6170,2025-03-03
early_watch,-0.06393442622950818,-0.09836065573770492,0.006557377049180246,-0.09836065573770492,-0.10423452768729646,0,0,崑鼎,2025-03-03,20,27.6,S2,radar_model,6803,2025-03-03
early_watch,0.5420743639921721,-0.3502935420743639,0.5420743639921721,-0.3502935420743639,-0.3502935420743639,0,0,新鉅科,2025-03-03,1,12.0,S2,random_top_n,3630,2025-03-03
early_watch,-0.15776699029126218,-0.22815533980582525,0.009708737864077666,-0.22815533980582525,-0.23557692307692313,0,0,耕興,2025-03-03,2,8.0,S2,random_top_n,6146,2025-03-03
early_watch,-0.10245311049555772,-0.2914862959543222,0.0014430345064284644,-0.2914862959543222,-0.2925072324309729,0,0,三商壽,2025-03-03,3,15.0,S2,random_top_n,2867,2025-03-03
early_watch,-0.07719300922594574,-0.31157891792163517,0.038596504612972815,-0.31157891792163517,-0.33716214235199926,0,0,凌巨,2025-03-03,4,12.0,S2,random_top_n,8105,2025-03-03
early_watch,-0.014388489208633115,-0.1462829736211031,0.184652278177458,-0.1462829736211031,-0.2704918032786885,0,0,光聯,2025-03-03,5,19.6,S2,random_top_n,5315,2025-03-03
early_watch,-0.1590106007067138,-0.2791519434628975,0.08127208480565362,-0.2791519434628975,-0.33333333333333337,0,0,零壹,2025-03-03,6,15.0,S2,random_top_n,3029,2025-03-03
early_watch,0.14215686274509798,-0.23039215686274506,0.17647058823529416,-0.23039215686274506,-0.23039215686274506,0,0,台積電,2025-03-03,7,16.0,S2,random_top_n,2330,2025-03-03
early_watch,0.017857142857142794,-0.2410714285714286,0.21726190476190466,-0.2410714285714286,-0.3271767810026385,0,0,永捷,2025-03-03,8,8.0,S2,random_top_n,4714,2025-03-03
early_watch,-0.20569619590996868,-0.2078059487707098,0.15506325395597775,-0.2078059487707098,-0.3141552650765197,0,0,長虹,2025-03-03,9,20.6,S2,random_top_n,5534,2025-03-03
early_watch,0.9966216216216217,-0.2702702702702703,0.9966216216216217,-0.2702702702702703,-0.35522388059701493,0,0,jpp-KY,2025-03-03,10,9.0,S2,random_top_n,5284,2025-03-03
early_watch,-0.12378640776699024,-0.41747572815533984,0.024271844660194164,-0.41747572815533984,-0.4312796208530806,0,0,鈞興-KY,2025-03-03,11,11.0,S2,random_top_n,4571,2025-03-03
early_watch,-0.5569334836527622,-0.5772266065388951,0.006764374295377573,-0.5772266065388951,-0.58006718924972,0,0,富旺,2025-03-03,12,22.6,S2,random_top_n,6219,2025-03-03
early_watch,-0.18502674914724992,-0.23208556528486057,-0.009625603328041521,-0.23208556528486057,-0.23208556528486057,0,0,愛山林,2025-03-03,13,20.6,S2,random_top_n,2540,2025-03-03
early_watch,-0.16438358192589442,-0.19520546543357298,0.06392692433408498,-0.19520546543357298,-0.223568308033937,0,0,國產,2025-03-03,14,4.6,S2,random_top_n,2504,2025-03-03
early_watch,-0.01379310344827589,-0.17586206896551726,0.04137931034482767,-0.17586206896551726,-0.20860927152317876,0,0,阜爾運通,2025-03-03,15,20.6,S2,random_top_n,6914,2025-03-03
early_watch,-0.03318079491131609,-0.29862702326258217,0.05606408970631449,-0.29862702326258217,-0.3358613520014059,0,0,立隆電,2025-03-03,16,1.0,S2,random_top_n,2472,2025-03-03
early_watch,-0.21625340603607024,-0.22038567956311106,0.196969743144763,-0.22038567956311106,-0.34522438979550496,0,0,陽明,2025-03-03,17,17.6,S2,random_top_n,2609,2025-03-03
early_watch,-0.24749163879598657,-0.3946488294314381,-0.010033444816053505,-0.3946488294314381,-0.3946488294314381,0,0,飛捷,2025-03-03,18,0.0,S2,random_top_n,6206,2025-03-03
early_watch,-0.2357723686498474,-0.26287263853191434,0.02981025551854355,-0.26287263853191434,-0.28421050623843547,0,0,彰源,2025-03-03,19,22.6,S2,random_top_n,2030,2025-03-03
early_watch,-0.28230769230769237,-0.41538461538461535,0.08307692307692327,-0.41538461538461535,-0.4602272727272728,0,0,匯鑽科,2025-03-03,20,24.6,S2,random_top_n,8431,2025-03-03
early_watch,-0.3305084745762712,-0.35762709278171345,0.054237301066770494,-0.35762709278171345,-0.3906752240996625,0,0,強盛新,2025-03-03,1,9.6,S2,breakout_120d_only,1463,2025-03-03
early_watch,0.15367680059745936,-0.11027565297095954,0.19548879276606512,-0.11027565297095954,-0.17633406728659362,0,0,台中銀,2025-03-03,2,25.6,S2,breakout_120d_only,2812,2025-03-03
early_watch,0.7292307692307691,-0.25230769230769234,1.0153846153846153,-0.25230769230769234,-0.29360465116279066,0,0,鼎炫-KY,2025-03-03,3,29.6,S2,breakout_120d_only,8499,2025-03-03
early_watch,0.13729559841667527,-0.028301893452442717,0.19449688328759684,-0.028301893452442717,-0.11714291078839822,0,0,聯邦銀,2025-03-03,4,34.6,S2,breakout_120d_only,2838,2025-03-03
early_watch,-0.04749999999999999,-0.16249999999999998,0.00749999999999984,-0.16249999999999998,-0.1687344913151364,0,0,東洋,2025-03-03,5,36.6,S2,breakout_120d_only,4105,2025-03-03
early_watch,0.2946859903381642,-0.10144927536231885,0.3285024154589371,-0.10144927536231885,-0.11004784688995217,0,0,卜蜂,2025-03-03,6,34.6,S2,breakout_120d_only,1215,2025-03-03
early_watch,0.05058365758754868,-0.035019455252918275,0.07392996108949412,-0.035019455252918275,-0.06569343065693434,0,0,中華電,2025-03-03,7,36.6,S2,breakout_120d_only,2412,2025-03-03
early_watch,-0.4279918620822104,-0.4300202674172464,0.03448277462977134,-0.4300202674172464,-0.44901960036333866,0,0,新建,2025-03-03,8,29.6,S2,breakout_120d_only,2516,2025-03-03
early_watch,-0.01983471074380172,-0.2272727272727273,0.05785123966942152,-0.2272727272727273,-0.26953125,0,0,光洋科,2025-03-03,1,17.6,S2,volume_expansion_only,1785,2025-03-03
early_watch,0.4704634425246972,-0.25320509972865923,0.8376068675637345,-0.25320509972865923,-0.29889665330515025,0,0,揚博,2025-03-03,2,12.0,S2,volume_expansion_only,2493,2025-03-03
early_watch,0.008802816901408494,-0.2605633802816901,0.05809859154929575,-0.2605633802816901,-0.273356401384083,0,0,崇越,2025-03-03,3,12.0,S2,volume_expansion_only,5434,2025-03-03
early_watch,0.41706161137440767,-0.2985781990521327,0.5734597156398105,-0.2985781990521327,-0.2985781990521327,0,0,健鼎,2025-03-03,4,12.6,S2,volume_expansion_only,3044,2025-03-03
early_watch,-0.041237157420248916,-0.22680414108694036,0.09572901110352161,-0.22680414108694036,-0.22680414108694036,0,0,大聯大,2025-03-03,5,12.0,S2,volume_expansion_only,3702,2025-03-03
early_watch,0.11593959232494355,-0.1696113377990861,0.21908129976852186,-0.1696113377990861,-0.1696113377990861,0,0,國票金,2025-03-03,6,12.0,S2,volume_expansion_only,2889,2025-03-03
early_watch,-0.06632940096163698,-0.1637010930159244,0.0,-0.1637010930159244,-0.1637010930159244,0,0,遠東銀,2025-03-03,7,31.2,S2,volume_expansion_only,2845,2025-03-03
early_watch,-0.23984771573604058,-0.28807106598984766,0.040609137055837685,-0.28807106598984766,-0.3158536585365853,0,0,明安,2025-03-03,8,31.2,S2,volume_expansion_only,8938,2025-03-03
early_watch,-0.16438358192589442,-0.19520546543357298,0.06392692433408498,-0.19520546543357298,-0.223568308033937,0,0,國產,2025-03-03,9,4.6,S2,volume_expansion_only,2504,2025-03-03
early_watch,-0.052032532730722836,-0.15772358964129196,0.011382126226657796,-0.15772358964129196,-0.15772358964129196,0,0,環泥,2025-03-03,10,31.2,S2,volume_expansion_only,1104,2025-03-03
early_watch,-0.2638190954773869,-0.2638190954773869,0.03391959798994981,-0.2638190954773869,-0.2879708383961117,0,0,橘子,2025-03-03,11,8.6,S2,volume_expansion_only,6180,2025-03-03
early_watch,0.13729559841667527,-0.028301893452442717,0.19449688328759684,-0.028301893452442717,-0.11714291078839822,0,0,聯邦銀,2025-03-03,12,34.6,S2,volume_expansion_only,2838,2025-03-03
early_watch,-0.0625,-0.17750002543131516,0.06666666666666665,-0.17750002543131516,-0.2289062738418579,0,0,麗豐-KY,2025-03-03,13,23.6,S2,volume_expansion_only,4137,2025-03-03
early_watch,-0.043689320388349495,-0.12621359223300976,0.12621359223300965,-0.12621359223300976,-0.17304747320061253,0,0,汎德永業,2025-03-03,14,14.6,S2,volume_expansion_only,2247,2025-03-03
early_watch,-0.2745625933779322,-0.3620457660969436,0.037684997407238185,-0.3620457660969436,-0.3852139758240216,0,0,仁寶,2025-03-03,15,17.0,S2,volume_expansion_only,2324,2025-03-03
early_watch,0.09401709401709413,-0.4273504273504274,0.18518518518518512,-0.4273504273504274,-0.4273504273504274,0,0,萬潤,2025-03-03,16,14.0,S2,volume_expansion_only,6187,2025-03-03
early_watch,-0.4662921348314607,-0.4662921348314607,-0.016853932584269704,-0.4662921348314607,-0.4662921348314607,0,0,旭隼,2025-03-03,17,19.6,S2,volume_expansion_only,6409,2025-03-03
early_watch,-0.0032257750205507696,-0.11491937384428075,0.06249999504896886,-0.11491937384428075,-0.11491937384428075,0,0,合庫金,2025-03-03,18,23.6,S2,volume_expansion_only,5880,2025-03-03
early_watch,-0.17695473251028804,-0.24773662551440323,0.004115226337448652,-0.24773662551440323,-0.25081967213114753,0,0,華研,2025-03-03,19,23.6,S2,volume_expansion_only,8446,2025-03-03
early_watch,-0.04092071611253201,-0.2966751918158568,0.5038363171355498,-0.2966751918158568,-0.37925170068027214,0,0,大綜,2025-03-03,20,27.6,S2,volume_expansion_only,3147,2025-03-03
early_watch,-0.04749999999999999,-0.16249999999999998,0.00749999999999984,-0.16249999999999998,-0.1687344913151364,0,0,東洋,2025-03-03,1,36.6,S2,ma_alignment_only,4105,2025-03-03
early_watch,0.05058365758754868,-0.035019455252918275,0.07392996108949412,-0.035019455252918275,-0.06569343065693434,0,0,中華電,2025-03-03,2,36.6,S2,ma_alignment_only,2412,2025-03-03
early_watch,0.13729559841667527,-0.028301893452442717,0.19449688328759684,-0.028301893452442717,-0.11714291078839822,0,0,聯邦銀,2025-03-03,3,34.6,S2,ma_alignment_only,2838,2025-03-03
early_watch,-0.4279918620822104,-0.4300202674172464,0.03448277462977134,-0.4300202674172464,-0.44901960036333866,0,0,新建,2025-03-03,4,29.6,S2,ma_alignment_only,2516,2025-03-03
early_watch,0.7292307692307691,-0.25230769230769234,1.0153846153846153,-0.25230769230769234,-0.29360465116279066,0,0,鼎炫-KY,2025-03-03,5,29.6,S2,ma_alignment_only,8499,2025-03-03
early_watch,0.13503649635036497,-0.23722627737226276,0.23722627737226287,-0.23722627737226276,-0.24548736462093868,0,0,揚秦,2025-03-03,6,27.6,S2,ma_alignment_only,2755,2025-03-03
early_watch,-0.04092071611253201,-0.2966751918158568,0.5038363171355498,-0.2966751918158568,-0.37925170068027214,0,0,大綜,2025-03-03,7,27.6,S2,ma_alignment_only,3147,2025-03-03
early_watch,-0.14210526315789473,-0.24736842105263157,0.02807017543859658,-0.24736842105263157,-0.26791808873720135,0,0,凡甲,2025-03-03,8,27.6,S2,ma_alignment_only,3526,2025-03-03
early_watch,-0.273851590106007,-0.34893992932862195,0.0035335689045936647,-0.34893992932862195,-0.35123239436619713,0,0,三一東林,2025-03-03,9,27.6,S2,ma_alignment_only,3609,2025-03-03
early_watch,-0.20357142857142863,-0.20357142857142863,0.1964285714285714,-0.20357142857142863,-0.33432835820895523,0,0,寶島科,2025-03-03,10,27.6,S2,ma_alignment_only,5312,2025-03-03
early_watch,-0.12190476190476185,-0.2761904761904762,0.04190476190476189,-0.2761904761904762,-0.2975970425138632,0,0,擎邦,2025-03-03,11,27.6,S2,ma_alignment_only,6122,2025-03-03
early_watch,-0.10460992907801414,-0.23049645390070927,0.04432624113475181,-0.23049645390070927,-0.26315789473684215,0,0,統振,2025-03-03,12,27.6,S2,ma_alignment_only,6170,2025-03-03
early_watch,-0.06393442622950818,-0.09836065573770492,0.006557377049180246,-0.09836065573770492,-0.10423452768729646,0,0,崑鼎,2025-03-03,13,27.6,S2,ma_alignment_only,6803,2025-03-03
early_watch,-0.34594594594594597,-0.45675675675675675,0.10135135135135132,-0.45675675675675675,-0.45675675675675675,0,0,凱碩,2025-03-03,14,27.6,S2,ma_alignment_only,8059,2025-03-03
early_watch,-0.06543075245365326,-0.1701199563794985,0.3304252998909487,-0.1701199563794985,-0.3762295081967214,0,0,千附,2025-03-03,15,27.6,S2,ma_alignment_only,8383,2025-03-03
early_watch,-0.04129262487534602,-0.0484739807173562,0.18850980325818978,-0.0484739807173562,-0.19939573348564466,0,0,大成,2025-03-03,16,27.6,S2,ma_alignment_only,1210,2025-03-03
early_watch,-0.11635218340232445,-0.20545071447199348,0.0020964040360935687,-0.20545071447199348,-0.20711292613381305,0,0,興農,2025-03-03,17,27.6,S2,ma_alignment_only,1712,2025-03-03
early_watch,-0.21599998474121096,-0.249000015258789,-0.0019999694824218706,-0.249000015258789,-0.249000015258789,0,0,凱撒衛,2025-03-03,18,27.6,S2,ma_alignment_only,1817,2025-03-03
early_watch,0.024539877300613577,-0.2668711656441718,0.11349693251533743,-0.2668711656441718,-0.2691131498470948,0,0,敦陽科,2025-03-03,19,27.6,S2,ma_alignment_only,2480,2025-03-03
early_watch,-0.008460237105064272,-0.18020301160997654,0.06937398298941888,-0.18020301160997654,-0.21854837479129918,0,0,達欣工,2025-03-03,20,27.6,S2,ma_alignment_only,2535,2025-03-03
early_watch,-0.06851851851851853,-0.24814814814814812,0.014814814814814836,-0.24814814814814812,-0.25912408759124084,0,0,久裕,2025-04-01,1,36.6,S2,radar_model,4173,2025-04-01
early_watch,0.09722222222222232,-0.0805555555555556,0.1499999999999999,-0.0805555555555556,-0.14249999999999996,0,0,八方雲集,2025-04-01,2,36.6,S2,radar_model,2753,2025-04-01
early_watch,0.06060606060606055,-0.20303032614968042,0.14545452233516798,-0.20303032614968042,-0.20303032614968042,0,0,榮運,2025-04-01,3,34.6,S2,radar_model,2607,2025-04-01
early_watch,-0.10820894407041592,-0.16324627330399333,0.24626874913083974,-0.16324627330399333,-0.32859286788698905,0,0,寶一,2025-04-01,4,33.6,S2,radar_model,8222,2025-04-01
early_watch,-0.006872878361431578,-0.06872852143581265,0.1821306211316791,-0.06872852143581265,-0.21220932618033272,0,0,永信,2025-04-01,5,33.2,S2,radar_model,3705,2025-04-01
early_watch,-0.04679002154909584,-0.13166483431138742,0.07834599378341345,-0.13166483431138742,-0.18466191426977796,0,0,聯電,2025-04-01,6,31.2,S2,radar_model,2303,2025-04-01
early_watch,-0.16992481203007515,-0.2165413533834586,0.00601503759398514,-0.2165413533834586,-0.22122571001494773,0,0,頎邦,2025-04-01,7,27.6,S2,radar_model,6147,2025-04-01
early_watch,-0.06077348066298349,-0.2237569060773481,-0.005524861878453136,-0.2237569060773481,-0.2237569060773481,0,0,幃翔,2025-04-01,8,27.6,S2,radar_model,6185,2025-04-01
early_watch,0.28846153846153855,-0.28076923076923077,0.5769230769230769,-0.28076923076923077,-0.28076923076923077,0,0,邑錡,2025-04-01,9,27.6,S2,radar_model,7402,2025-04-01
early_watch,-0.18518518518518523,-0.25828460038986356,-0.01754385964912275,-0.25828460038986356,-0.25828460038986356,0,0,千附,2025-04-01,10,27.6,S2,radar_model,8383,2025-04-01
early_watch,0.04087595695996815,-0.22627737226277367,0.07299270072992692,-0.22627737226277367,-0.23188405797101452,0,0,五鼎,2025-04-01,11,27.6,S2,radar_model,1733,2025-04-01
early_watch,-0.15473441108545039,-0.35796766743648956,-0.002309468822170868,-0.35796766743648956,-0.35796766743648956,0,0,喬山,2025-04-01,12,27.6,S2,radar_model,1736,2025-04-01
early_watch,-0.028301903767787184,-0.19811323640523815,0.04245281066704476,-0.19811323640523815,-0.19999999999999996,0,0,春源,2025-04-01,13,27.6,S2,radar_model,2010,2025-04-01
early_watch,-0.29094415886074765,-0.29576111440313513,0.013487416717957945,-0.29576111440313513,-0.3051330741949937,0,0,正新,2025-04-01,14,27.6,S2,radar_model,2105,2025-04-01
early_watch,0.3807106451543567,-0.25126906452976505,0.8451775160590036,-0.25126906452976505,-0.27235208051603677,0,0,亞航,2025-04-01,15,27.6,S2,radar_model,2630,2025-04-01
early_watch,0.03531601399299045,-0.2555762118027728,0.24907059295924583,-0.2555762118027728,-0.2555762118027728,0,0,漢翔,2025-04-01,16,27.6,S2,radar_model,2634,2025-04-01
early_watch,0.05603445960659914,-0.1436782235402464,0.07758613942494574,-0.1436782235402464,-0.18467858133843462,0,0,台產,2025-04-01,17,27.6,S2,radar_model,2832,2025-04-01
early_watch,-0.2296650933119353,-0.25837321476581077,0.004784676768901486,-0.25837321476581077,-0.26190476190476186,0,0,瑞智,2025-04-01,18,27.6,S2,radar_model,4532,2025-04-01
early_watch,-0.016591251885369585,-0.05882352941176472,0.11764705882352944,-0.05882352941176472,-0.1552631414210105,0,0,駐龍,2025-04-01,19,27.6,S2,radar_model,4572,2025-04-01
early_watch,-0.25155280091770715,-0.2748447258316721,-0.0015527713004930277,-0.2748447258316721,-0.2748447258316721,0,0,建國,2025-04-01,20,27.6,S2,radar_model,5515,2025-04-01
early_watch,-0.06040268456375841,-0.24832214765100669,0.046979865771812124,-0.24832214765100669,-0.2655737704918033,0,0,精材,2025-04-01,1,14.0,S2,random_top_n,3374,2025-04-01
early_watch,-0.3023897058823529,-0.3023897058823529,0.023897058823529438,-0.3023897058823529,-0.31867145421903054,0,0,健椿,2025-04-01,2,9.0,S2,random_top_n,4561,2025-04-01
early_watch,-0.2544378698224852,-0.2544378698224852,-0.011834319526627168,-0.2544378698224852,-0.2544378698224852,0,0,大樹,2025-04-01,3,14.0,S2,random_top_n,6469,2025-04-01
early_watch,0.965559655596556,-0.27183271832718325,1.4329643296432963,-0.27183271832718325,-0.27183271832718325,0,0,光聖,2025-04-01,4,14.0,S2,random_top_n,6442,2025-04-01
early_watch,-0.25607778025427397,-0.3387358390185409,-0.009724510233373507,-0.3387358390185409,-0.3387358390185409,0,0,京城,2025-04-01,5,16.6,S2,random_top_n,2524,2025-04-01
early_watch,-0.08050845711096333,-0.19915257148172782,0.06355932100652728,-0.19915257148172782,-0.2058823435128586,0,0,國際中橡,2025-04-01,6,11.0,S2,random_top_n,2104,2025-04-01
early_watch,-0.018372624049254216,-0.25984247001757965,0.03674544834509219,-0.25984247001757965,-0.2675324477158584,0,0,輔信,2025-04-01,7,11.0,S2,random_top_n,2405,2025-04-01
early_watch,0.08031094329956301,-0.26165800190102384,0.13989641811771758,-0.26165800190102384,-0.2673522138285811,0,0,永光,2025-04-01,8,1.0,S2,random_top_n,1711,2025-04-01
early_watch,0.19463477750991087,-0.10744985958932962,0.36136797667316456,-0.10744985958932962,-0.14393939393939392,0,0,保瑞,2025-04-01,9,11.0,S2,random_top_n,6472,2025-04-01
early_watch,-0.24968944099378887,-0.26708074534161486,0.05341614906832293,-0.26708074534161486,-0.3042452830188679,0,0,友輝,2025-04-01,10,17.0,S2,random_top_n,4933,2025-04-01
early_watch,-0.1255411255411255,-0.263203476414536,0.008658008658008587,-0.263203476414536,-0.2695279100933812,0,0,中磊,2025-04-01,11,9.0,S2,random_top_n,5388,2025-04-01
early_watch,-0.10455104158592299,-0.2287823073878249,0.004919973941817979,-0.2287823073878249,-0.23255810153015588,0,0,達方,2025-04-01,12,9.0,S2,random_top_n,8163,2025-04-01
early_watch,-0.20833334030463702,-0.2719297834674027,0.010964912647612568,-0.2719297834674027,-0.2719297834674027,0,0,三發地產,2025-04-01,13,1.0,S2,random_top_n,9946,2025-04-01
early_watch,0.09109109109109115,-0.13113113113113117,0.13113113113113117,-0.13113113113113117,-0.13631840796019912,0,0,宏遠證,2025-04-01,14,0.0,S2,random_top_n,6015,2025-04-01
early_watch,0.6314553990610328,-0.26291079812206575,0.9061032863849765,-0.26291079812206575,-0.2697674418604651,0,0,均華,2025-04-01,15,14.0,S2,random_top_n,6640,2025-04-01
early_watch,0.42697886683159325,-0.25863988559139883,0.5384615908028114,-0.25863988559139883,-0.26842685496470875,0,0,建準,2025-04-01,16,9.0,S2,random_top_n,2421,2025-04-01
early_watch,0.09000002543131513,-0.050000000000000044,0.14000002543131518,-0.050000000000000044,-0.05555559893255402,0,0,華票,2025-04-01,17,3.0,S2,random_top_n,2820,2025-04-01
early_watch,0.6424242655436199,-0.26060607216574927,1.2666667591441763,-0.26060607216574927,-0.31417116117544075,0,0,台玻,2025-04-01,18,12.0,S2,random_top_n,1802,2025-04-01
early_watch,-0.15473441108545039,-0.35796766743648956,-0.002309468822170868,-0.35796766743648956,-0.35796766743648956,0,0,喬山,2025-04-01,19,27.6,S2,random_top_n,1736,2025-04-01
early_watch,-0.08421052631578951,-0.24561403508771928,-0.007017543859649145,-0.24561403508771928,-0.24561403508771928,0,0,聯陽,2025-04-01,20,11.0,S2,random_top_n,3014,2025-04-01
early_watch,-0.10820894407041592,-0.16324627330399333,0.24626874913083974,-0.16324627330399333,-0.32859286788698905,0,0,寶一,2025-04-01,1,33.6,S2,breakout_120d_only,8222,2025-04-01
early_watch,-0.06851851851851853,-0.24814814814814812,0.014814814814814836,-0.24814814814814812,-0.25912408759124084,0,0,久裕,2025-04-01,2,36.6,S2,breakout_120d_only,4173,2025-04-01
early_watch,0.09722222222222232,-0.0805555555555556,0.1499999999999999,-0.0805555555555556,-0.14249999999999996,0,0,八方雲集,2025-04-01,3,36.6,S2,breakout_120d_only,2753,2025-04-01
early_watch,0.06060606060606055,-0.20303032614968042,0.14545452233516798,-0.20303032614968042,-0.20303032614968042,0,0,榮運,2025-04-01,4,34.6,S2,breakout_120d_only,2607,2025-04-01
early_watch,-0.04679002154909584,-0.13166483431138742,0.07834599378341345,-0.13166483431138742,-0.18466191426977796,0,0,聯電,2025-04-01,1,31.2,S2,volume_expansion_only,2303,2025-04-01
early_watch,-0.19714964370546317,-0.20190023752969122,0.09263657957244664,-0.20190023752969122,-0.26956521739130435,0,0,天鈺,2025-04-01,2,12.0,S2,volume_expansion_only,4961,2025-04-01
early_watch,0.44023256836102553,-0.2523255547976866,0.7293023378544463,-0.2523255547976866,-0.2701475640894232,0,0,華城,2025-04-01,3,14.0,S2,volume_expansion_only,1519,2025-04-01
early_watch,0.14382632293080055,-0.24287652645861613,0.20081411126187243,-0.24287652645861613,-0.245945945945946,0,0,欣銓,2025-04-01,4,24.6,S2,volume_expansion_only,3264,2025-04-01
early_watch,0.02573525132192578,-0.2775735636999028,0.16176468732035332,-0.2775735636999028,-0.2775735636999028,0,0,矽統,2025-04-01,5,14.0,S2,volume_expansion_only,2363,2025-04-01
early_watch,-0.42660097770503,-0.4275862219298414,-0.044334975369458074,-0.4275862219298414,-0.4275862219298414,0,0,欣巴巴,2025-04-01,6,14.0,S2,volume_expansion_only,9906,2025-04-01
early_watch,-0.23684210526315785,-0.26766917293233083,0.2593984962406015,-0.26766917293233083,-0.41850746268656713,0,0,寶島科,2025-04-01,7,17.0,S2,volume_expansion_only,5312,2025-04-01
early_watch,-0.0797448165869219,-0.2599681020733653,0.11004784688995195,-0.2599681020733653,-0.26582278481012667,0,0,利機,2025-04-01,8,14.0,S2,volume_expansion_only,3444,2025-04-01
early_watch,-0.3142857142857143,-0.3301587301587302,0.025396825396825307,-0.3301587301587302,-0.34674922600619196,0,0,先進光,2025-04-01,9,14.0,S2,volume_expansion_only,3362,2025-04-01
early_watch,0.08031094329956301,-0.26165800190102384,0.13989641811771758,-0.26165800190102384,-0.2673522138285811,0,0,永光,2025-04-01,10,1.0,S2,volume_expansion_only,1711,2025-04-01
early_watch,-0.04481792717086841,-0.18487394957983194,0.03081232492997188,-0.18487394957983194,-0.18487394957983194,0,0,長科*,2025-04-01,11,25.6,S2,volume_expansion_only,6548,2025-04-01
early_watch,-0.006622541651882585,-0.2682119263854392,0.13576153544845249,-0.2682119263854392,-0.2682119263854392,0,0,今皓,2025-04-01,12,14.0,S2,volume_expansion_only,3011,2025-04-01
early_watch,0.09722222222222232,-0.0805555555555556,0.1499999999999999,-0.0805555555555556,-0.14249999999999996,0,0,八方雲集,2025-04-01,13,36.6,S2,volume_expansion_only,2753,2025-04-01
early_watch,0.012207527975584886,-0.2400813835198372,0.06307222787385558,-0.2400813835198372,-0.2400813835198372,0,0,世界,2025-04-01,14,23.6,S2,volume_expansion_only,5347,2025-04-01
early_watch,0.024134263889940666,-0.27282265653107374,0.2434417230358552,-0.27282265653107374,-0.27282265653107374,0,0,羅昇,2025-04-01,15,14.0,S2,volume_expansion_only,8374,2025-04-01
early_watch,0.04810996563573888,-0.18900343642611683,0.35395189003436434,-0.18900343642611683,-0.2842639593908629,0,0,錼創科技-KY創,2025-04-01,16,1.0,S2,volume_expansion_only,6854,2025-04-01
early_watch,-0.06862745098039214,-0.2705882352941176,0.021568627450980316,-0.2705882352941176,-0.2705882352941176,0,0,聯上,2025-04-01,17,14.0,S2,volume_expansion_only,4113,2025-04-01
early_watch,-0.10399032648125761,-0.32043530834340994,0.08222490931076165,-0.32043530834340994,-0.32043530834340994,0,0,信立,2025-04-01,18,11.6,S2,volume_expansion_only,4303,2025-04-01
early_watch,0.28846153846153855,-0.28076923076923077,0.5769230769230769,-0.28076923076923077,-0.28076923076923077,0,0,邑錡,2025-04-01,19,27.6,S2,volume_expansion_only,7402,2025-04-01
early_watch,0.18666666666666676,-0.2433333333333333,0.33666666666666667,-0.2433333333333333,-0.26774193548387093,0,0,士電,2025-04-01,20,14.0,S2,volume_expansion_only,1503,2025-04-01
early_watch,-0.06851851851851853,-0.24814814814814812,0.014814814814814836,-0.24814814814814812,-0.25912408759124084,0,0,久裕,2025-04-01,1,36.6,S2,ma_alignment_only,4173,2025-04-01
early_watch,0.09722222222222232,-0.0805555555555556,0.1499999999999999,-0.0805555555555556,-0.14249999999999996,0,0,八方雲集,2025-04-01,2,36.6,S2,ma_alignment_only,2753,2025-04-01
early_watch,-0.10820894407041592,-0.16324627330399333,0.24626874913083974,-0.16324627330399333,-0.32859286788698905,0,0,寶一,2025-04-01,3,33.6,S2,ma_alignment_only,8222,2025-04-01
early_watch,-0.16992481203007515,-0.2165413533834586,0.00601503759398514,-0.2165413533834586,-0.22122571001494773,0,0,頎邦,2025-04-01,4,27.6,S2,ma_alignment_only,6147,2025-04-01
early_watch,-0.06077348066298349,-0.2237569060773481,-0.005524861878453136,-0.2237569060773481,-0.2237569060773481,0,0,幃翔,2025-04-01,5,27.6,S2,ma_alignment_only,6185,2025-04-01
early_watch,0.28846153846153855,-0.28076923076923077,0.5769230769230769,-0.28076923076923077,-0.28076923076923077,0,0,邑錡,2025-04-01,6,27.6,S2,ma_alignment_only,7402,2025-04-01
early_watch,-0.18518518518518523,-0.25828460038986356,-0.01754385964912275,-0.25828460038986356,-0.25828460038986356,0,0,千附,2025-04-01,7,27.6,S2,ma_alignment_only,8383,2025-04-01
early_watch,0.04087595695996815,-0.22627737226277367,0.07299270072992692,-0.22627737226277367,-0.23188405797101452,0,0,五鼎,2025-04-01,8,27.6,S2,ma_alignment_only,1733,2025-04-01
early_watch,-0.15473441108545039,-0.35796766743648956,-0.002309468822170868,-0.35796766743648956,-0.35796766743648956,0,0,喬山,2025-04-01,9,27.6,S2,ma_alignment_only,1736,2025-04-01
early_watch,-0.028301903767787184,-0.19811323640523815,0.04245281066704476,-0.19811323640523815,-0.19999999999999996,0,0,春源,2025-04-01,10,27.6,S2,ma_alignment_only,2010,2025-04-01
early_watch,-0.29094415886074765,-0.29576111440313513,0.013487416717957945,-0.29576111440313513,-0.3051330741949937,0,0,正新,2025-04-01,11,27.6,S2,ma_alignment_only,2105,2025-04-01
early_watch,0.3807106451543567,-0.25126906452976505,0.8451775160590036,-0.25126906452976505,-0.27235208051603677,0,0,亞航,2025-04-01,12,27.6,S2,ma_alignment_only,2630,2025-04-01
early_watch,0.03531601399299045,-0.2555762118027728,0.24907059295924583,-0.2555762118027728,-0.2555762118027728,0,0,漢翔,2025-04-01,13,27.6,S2,ma_alignment_only,2634,2025-04-01
early_watch,0.05603445960659914,-0.1436782235402464,0.07758613942494574,-0.1436782235402464,-0.18467858133843462,0,0,台產,2025-04-01,14,27.6,S2,ma_alignment_only,2832,2025-04-01
early_watch,-0.2296650933119353,-0.25837321476581077,0.004784676768901486,-0.25837321476581077,-0.26190476190476186,0,0,瑞智,2025-04-01,15,27.6,S2,ma_alignment_only,4532,2025-04-01
early_watch,-0.016591251885369585,-0.05882352941176472,0.11764705882352944,-0.05882352941176472,-0.1552631414210105,0,0,駐龍,2025-04-01,16,27.6,S2,ma_alignment_only,4572,2025-04-01
early_watch,-0.25155280091770715,-0.2748447258316721,-0.0015527713004930277,-0.2748447258316721,-0.2748447258316721,0,0,建國,2025-04-01,17,27.6,S2,ma_alignment_only,5515,2025-04-01
early_watch,-0.2941988950276243,-0.2983425414364641,0.03176795580110503,-0.2983425414364641,-0.31994645247657294,0,0,復盛應用,2025-04-01,18,27.6,S2,ma_alignment_only,6670,2025-04-01
early_watch,-0.2683760814177685,-0.2863247863247863,0.06837606837606836,-0.2863247863247863,-0.33199999999999996,0,0,來頡,2025-04-01,19,27.6,S2,ma_alignment_only,6799,2025-04-01
early_watch,-0.18300653594771243,-0.30065359477124187,-0.03594771241830064,-0.30065359477124187,-0.30065359477124187,0,0,千附精密,2025-04-01,20,27.6,S2,ma_alignment_only,6829,2025-04-01
early_watch,-0.24757281553398058,-0.25728155339805825,0.2621359223300972,-0.25728155339805825,-0.4115384615384615,0,0,宇峻,2025-05-02,1,36.6,S2,radar_model,3546,2025-05-02
early_watch,-0.10082079759129059,-0.18467858133843462,0.02599172890154655,-0.18467858133843462,-0.18467858133843462,0,0,台產,2025-05-02,2,36.6,S2,radar_model,2832,2025-05-02
early_watch,-0.21074380165289253,-0.2272727272727273,0.1425619834710743,-0.2272727272727273,-0.3236889692585895,0,0,大塚,2025-05-02,3,33.6,S2,radar_model,3570,2025-05-02
early_watch,-0.23274695534506096,-0.24898511502029774,0.1826792963464141,-0.24898511502029774,-0.36498855835240274,0,0,泰谷,2025-05-02,4,33.2,S2,radar_model,3339,2025-05-02
early_watch,-0.14031967705572035,-0.1518649973876438,0.03907639063503332,-0.1518649973876438,-0.18376068376068377,0,0,台肥,2025-05-02,5,33.2,S2,radar_model,1722,2025-05-02
early_watch,0.21299638989169667,-0.09747292418772568,0.22382671480144412,-0.09747292418772568,-0.09747292418772568,0,0,柏文,2025-05-02,6,32.6,S2,radar_model,8462,2025-05-02
early_watch,-0.20525783619817994,-0.21435793731041453,-0.005055611729019249,-0.21435793731041453,-0.21435793731041453,0,0,雙美,2025-05-02,7,27.6,S2,radar_model,4728,2025-05-02
early_watch,-0.3760683760683762,-0.41595441595441596,0.329059829059829,-0.41595441595441596,-0.5605573419078242,0,0,弘煜科,2025-05-02,8,27.6,S2,radar_model,6482,2025-05-02
early_watch,-0.06934305273658936,-0.08394157916356637,0.14416061379315193,-0.08394157916356637,-0.19936203904144867,0,0,浪凡,2025-05-02,9,27.6,S2,radar_model,6165,2025-05-02
early_watch,0.5148188803512626,-0.16355653128430292,0.8770581778265643,-0.16355653128430292,-0.2865497076023392,0,0,新盛力,2025-05-02,10,25.6,S2,radar_model,4931,2025-05-02
early_watch,-0.20425138632162665,-0.3179297597042514,0.12754158964879858,-0.3179297597042514,-0.3950819672131147,0,0,凱衛,2025-05-02,11,25.6,S2,radar_model,5201,2025-05-02
early_watch,-0.2697160883280757,-0.29495268138801256,0.028391167192429068,-0.29495268138801256,-0.3144171779141104,0,0,佶優,2025-05-02,12,25.6,S2,radar_model,5452,2025-05-02
early_watch,-0.13398692810457513,-0.1405228758169934,0.03921568627450989,-0.1405228758169934,-0.17295597484276726,0,0,普萊德,2025-05-02,13,25.6,S2,radar_model,6263,2025-05-02
early_watch,1.1419270833333335,-0.04036458333333337,1.5065104166666665,-0.04036458333333337,-0.1636363636363637,0,0,精測,2025-05-02,14,25.6,S2,radar_model,6510,2025-05-02
early_watch,0.31188118811881194,-0.0643564356435643,0.4900990099009901,-0.0643564356435643,-0.1611295681063123,0,0,信紘科,2025-05-02,15,25.6,S2,radar_model,6667,2025-05-02
early_watch,-0.1114285605294364,-0.13999998910086497,0.08571428571428563,-0.13999998910086497,-0.20789472680342824,0,0,佳格,2025-05-02,16,25.6,S2,radar_model,1227,2025-05-02
early_watch,-0.1629629488344546,-0.1814814673529731,0.03333331920482485,-0.1814814673529731,-0.20788528015636154,0,0,國化,2025-05-02,17,25.6,S2,radar_model,1713,2025-05-02
early_watch,0.057057025637438086,0.017016986208972185,0.45345340070518825,0.017016986208972185,-0.2975206463925837,0,0,士紙,2025-05-02,18,25.6,S2,radar_model,1903,2025-05-02
early_watch,1.4058919803600656,0.0016366612111293755,1.4058919803600656,0.0016366612111293755,-0.1784386617100372,0,0,台光電,2025-05-02,19,25.6,S2,radar_model,2383,2025-05-02
early_watch,-0.20889483588678137,-0.2129379524555033,0.06603775912951693,-0.2129379524555033,-0.2616940246214359,0,0,承啟,2025-05-02,20,25.6,S2,radar_model,2425,2025-05-02
early_watch,-0.1540697938755038,-0.1540697938755038,0.10465111379174896,-0.1540697938755038,-0.23421051627711242,0,0,新唐,2025-05-02,1,14.6,S2,random_top_n,4919,2025-05-02
early_watch,-0.11627906976744184,-0.17758985200845667,0.02748414376321362,-0.17758985200845667,-0.19958847736625518,0,0,矽瑪,2025-05-02,2,19.6,S2,random_top_n,3511,2025-05-02
early_watch,-0.0669710489430908,-0.0974124506615045,0.02587526113549088,-0.0974124506615045,-0.12017807278102632,0,0,東和鋼鐵,2025-05-02,3,14.6,S2,random_top_n,2006,2025-05-02
early_watch,0.094170403587444,-0.04484304932735428,0.21076233183856496,-0.04484304932735428,-0.11599999999999999,0,0,豐泰,2025-05-02,4,16.6,S2,random_top_n,9910,2025-05-02
early_watch,0.13737075332348603,-0.07828655834564258,0.15805022156573112,-0.07828655834564258,-0.20408163265306134,0,0,青雲,2025-05-02,5,3.0,S2,random_top_n,5386,2025-05-02
early_watch,0.09268292682926838,0.004878048780487809,0.4926829268292683,0.004878048780487809,-0.2941176470588235,0,0,五福,2025-05-02,6,20.6,S2,random_top_n,2745,2025-05-02
early_watch,-0.2170686456400741,-0.2170686456400741,0.0018552875695732052,-0.2170686456400741,-0.21851851851851845,0,0,恒耀,2025-05-02,7,14.6,S2,random_top_n,8349,2025-05-02
early_watch,0.4955089365561052,-0.04041922835759015,0.7889220739617229,-0.04041922835759015,-0.2610878405710644,0,0,偉訓,2025-05-02,8,5.0,S2,random_top_n,3032,2025-05-02
early_watch,0.05785123966942152,-0.14049586776859502,0.11983471074380159,-0.14049586776859502,-0.1578947368421053,0,0,精誠,2025-05-02,9,14.6,S2,random_top_n,6214,2025-05-02
early_watch,0.391089108910891,0.01980198019801982,0.4455445544554455,0.01980198019801982,-0.09375,0,0,卜蜂,2025-05-02,10,22.6,S2,random_top_n,1215,2025-05-02
early_watch,-0.0861244019138756,-0.09090909090909094,0.009569377990430672,-0.09090909090909094,-0.09952606635071093,0,0,全家,2025-05-02,11,22.6,S2,random_top_n,5903,2025-05-02
early_watch,-0.07855620102143179,-0.11464963664804895,0.24117974740709913,-0.11464963664804895,-0.28668642458797566,0,0,泰鼎-KY,2025-05-02,12,0.0,S2,random_top_n,4927,2025-05-02
early_watch,-0.08620689655172409,-0.11206896551724133,0.02586206896551735,-0.11206896551724133,-0.134453781512605,0,0,茂順,2025-05-02,13,5.0,S2,random_top_n,9942,2025-05-02
early_watch,-0.03555555555555556,-0.10444444444444445,0.08000000000000007,-0.10444444444444445,-0.17078189300411528,0,0,上銀,2025-05-02,14,19.6,S2,random_top_n,2049,2025-05-02
early_watch,2.058455114822547,-0.07098121085594988,2.058455114822547,-0.07098121085594988,-0.1627705627705628,1,0,富世達,2025-05-02,15,16.6,S2,random_top_n,6805,2025-05-02
early_watch,-0.12715520111757472,-0.3200431422515362,0.4331896080415132,-0.3200431422515362,-0.3984962406015038,0,0,達運光電,2025-05-02,16,1.0,S2,random_top_n,8045,2025-05-02
early_watch,0.9626555389363849,-0.002074736249698339,1.219916977309912,-0.002074736249698339,-0.1897196546893254,0,0,瀚宇博,2025-05-02,17,16.6,S2,random_top_n,5469,2025-05-02
early_watch,0.12631578947368438,-0.23759398496240602,0.12631578947368438,-0.23759398496240602,-0.26415094339622647,0,0,大田,2025-05-02,18,14.6,S2,random_top_n,8924,2025-05-02
early_watch,-0.20425138632162665,-0.3179297597042514,0.12754158964879858,-0.3179297597042514,-0.3950819672131147,0,0,凱衛,2025-05-02,19,25.6,S2,random_top_n,5201,2025-05-02
early_watch,0.06792972790776064,-0.05989580064390898,0.19140637167730157,-0.05989580064390898,-0.21092901489809812,0,0,皇昌,2025-05-02,20,16.6,S2,random_top_n,2543,2025-05-02
early_watch,-0.24757281553398058,-0.25728155339805825,0.2621359223300972,-0.25728155339805825,-0.4115384615384615,0,0,宇峻,2025-05-02,1,36.6,S2,breakout_120d_only,3546,2025-05-02
early_watch,-0.21074380165289253,-0.2272727272727273,0.1425619834710743,-0.2272727272727273,-0.3236889692585895,0,0,大塚,2025-05-02,2,33.6,S2,breakout_120d_only,3570,2025-05-02
early_watch,-0.10082079759129059,-0.18467858133843462,0.02599172890154655,-0.18467858133843462,-0.18467858133843462,0,0,台產,2025-05-02,3,36.6,S2,breakout_120d_only,2832,2025-05-02
early_watch,-0.043895809474033265,-0.06995882534118514,0.11522635596786612,-0.06995882534118514,-0.16605165428352475,0,0,中聯資源,2025-05-02,4,21.6,S2,breakout_120d_only,9930,2025-05-02
early_watch,0.21299638989169667,-0.09747292418772568,0.22382671480144412,-0.09747292418772568,-0.09747292418772568,0,0,柏文,2025-05-02,5,32.6,S2,breakout_120d_only,8462,2025-05-02
early_watch,-0.3710526315789474,-0.4078947368421053,0.3526315789473684,-0.4078947368421053,-0.5622568093385214,0,0,辣椒,2025-05-02,6,0.0,S2,breakout_120d_only,4946,2025-05-02
early_watch,-0.20525783619817994,-0.21435793731041453,-0.005055611729019249,-0.21435793731041453,-0.21435793731041453,0,0,雙美,2025-05-02,7,27.6,S2,breakout_120d_only,4728,2025-05-02
early_watch,-0.02163456115849427,-0.062499965612703656,0.012019231210093517,-0.062499965612703656,-0.07363417070018818,0,0,特力,2025-05-02,1,10.6,S2,volume_expansion_only,2908,2025-05-02
early_watch,0.33333333333333326,-0.07171715630425346,0.556963988024779,-0.07171715630425346,-0.20353985885845804,0,0,麗臺,2025-05-02,2,19.6,S2,volume_expansion_only,2465,2025-05-02
early_watch,0.12915129151291516,0.007380073800737907,0.2656826568265682,0.007380073800737907,-0.13702623906705536,0,0,中興電,2025-05-02,3,22.6,S2,volume_expansion_only,1513,2025-05-02
early_watch,0.31188118811881194,-0.0643564356435643,0.4900990099009901,-0.0643564356435643,-0.1611295681063123,0,0,信紘科,2025-05-02,4,25.6,S2,volume_expansion_only,6667,2025-05-02
early_watch,-0.14343431260850692,-0.14343431260850692,0.07070707070707072,-0.14343431260850692,-0.19999997120983193,0,0,宏盛,2025-05-02,5,21.6,S2,volume_expansion_only,2534,2025-05-02
early_watch,-0.14031967705572035,-0.1518649973876438,0.03907639063503332,-0.1518649973876438,-0.18376068376068377,0,0,台肥,2025-05-02,6,33.2,S2,volume_expansion_only,1722,2025-05-02
early_watch,-0.24757281553398058,-0.25728155339805825,0.2621359223300972,-0.25728155339805825,-0.4115384615384615,0,0,宇峻,2025-05-02,7,36.6,S2,volume_expansion_only,3546,2025-05-02
early_watch,-0.11089471875358003,-0.11089471875358003,0.20320866452407071,-0.11089471875358003,-0.26105478836615126,0,0,錸寶,2025-05-02,8,22.6,S2,volume_expansion_only,8104,2025-05-02
early_watch,-0.23274695534506096,-0.24898511502029774,0.1826792963464141,-0.24898511502029774,-0.36498855835240274,0,0,泰谷,2025-05-02,9,33.2,S2,volume_expansion_only,3339,2025-05-02
early_watch,-0.22128855341874332,-0.22408963106535518,0.0364145436772676,-0.22408963106535518,-0.2513513307313662,0,0,農林,2025-05-02,10,22.6,S2,volume_expansion_only,2913,2025-05-02
early_watch,-0.28441754419133547,-0.28441754419133547,0.21482609539236508,-0.28441754419133547,-0.41095893599688815,0,0,盛達,2025-05-02,11,25.6,S2,volume_expansion_only,3027,2025-05-02
early_watch,0.08644400785854622,-0.2082514734774067,0.3320235756385068,-0.2082514734774067,-0.26325411334552107,0,0,精確,2025-05-02,12,22.6,S2,volume_expansion_only,3162,2025-05-02
early_watch,-0.05555555555555558,-0.16111112523961946,0.04629629629629628,-0.16111112523961946,-0.19823010199892832,0,0,永豐餘,2025-05-02,13,19.6,S2,volume_expansion_only,1907,2025-05-02
early_watch,0.12654320987654333,-0.03703703703703698,0.3364197530864197,-0.03703703703703698,-0.16381418092909528,0,0,永捷,2025-05-02,14,21.6,S2,volume_expansion_only,4714,2025-05-02
early_watch,-0.28336379860714034,-0.28336379860714034,0.13345519442856157,-0.28336379860714034,-0.36774192317839594,0,0,穎漢,2025-05-02,15,23.6,S2,volume_expansion_only,4562,2025-05-02
early_watch,-0.10082079759129059,-0.18467858133843462,0.02599172890154655,-0.18467858133843462,-0.18467858133843462,0,0,台產,2025-05-02,16,36.6,S2,volume_expansion_only,2832,2025-05-02
early_watch,1.5375626043405677,-0.046744574290484064,1.7011686143572624,-0.046744574290484064,-0.2608158220024722,0,0,富喬,2025-05-02,17,21.6,S2,volume_expansion_only,1815,2025-05-02
early_watch,-0.0029325067036874986,-0.13782988463057289,0.1583578230942455,-0.13782988463057289,-0.1945205583964309,0,0,四維航,2025-05-02,18,8.6,S2,volume_expansion_only,5608,2025-05-02
early_watch,0.6285714285714286,-0.02857142857142858,0.7476190476190476,-0.02857142857142858,-0.1629834254143646,0,0,世禾,2025-05-02,19,19.6,S2,volume_expansion_only,3551,2025-05-02
early_watch,-0.2936507936507936,-0.30687830687830686,-0.01851851851851838,-0.30687830687830686,-0.30687830687830686,0,0,天宇,2025-05-02,20,21.6,S2,volume_expansion_only,8171,2025-05-02
early_watch,-0.24757281553398058,-0.25728155339805825,0.2621359223300972,-0.25728155339805825,-0.4115384615384615,0,0,宇峻,2025-05-02,1,36.6,S2,ma_alignment_only,3546,2025-05-02
early_watch,-0.10082079759129059,-0.18467858133843462,0.02599172890154655,-0.18467858133843462,-0.18467858133843462,0,0,台產,2025-05-02,2,36.6,S2,ma_alignment_only,2832,2025-05-02
early_watch,-0.21074380165289253,-0.2272727272727273,0.1425619834710743,-0.2272727272727273,-0.3236889692585895,0,0,大塚,2025-05-02,3,33.6,S2,ma_alignment_only,3570,2025-05-02
early_watch,0.21299638989169667,-0.09747292418772568,0.22382671480144412,-0.09747292418772568,-0.09747292418772568,0,0,柏文,2025-05-02,4,32.6,S2,ma_alignment_only,8462,2025-05-02
early_watch,-0.20525783619817994,-0.21435793731041453,-0.005055611729019249,-0.21435793731041453,-0.21435793731041453,0,0,雙美,2025-05-02,5,27.6,S2,ma_alignment_only,4728,2025-05-02
early_watch,-0.3760683760683762,-0.41595441595441596,0.329059829059829,-0.41595441595441596,-0.5605573419078242,0,0,弘煜科,2025-05-02,6,27.6,S2,ma_alignment_only,6482,2025-05-02
early_watch,-0.06934305273658936,-0.08394157916356637,0.14416061379315193,-0.08394157916356637,-0.19936203904144867,0,0,浪凡,2025-05-02,7,27.6,S2,ma_alignment_only,6165,2025-05-02
early_watch,-0.20425138632162665,-0.3179297597042514,0.12754158964879858,-0.3179297597042514,-0.3950819672131147,0,0,凱衛,2025-05-02,8,25.6,S2,ma_alignment_only,5201,2025-05-02
early_watch,-0.0017331022530329143,-0.020797227036395194,0.14038128249566717,-0.020797227036395194,-0.1413373860182371,0,0,茂生農經,2025-05-02,9,24.6,S2,ma_alignment_only,1240,2025-05-02
early_watch,-0.01941747572815522,-0.03559870550161803,0.09546925566343045,-0.03559870550161803,-0.11964549483013298,0,0,濟生,2025-05-02,10,24.6,S2,ma_alignment_only,4111,2025-05-02
early_watch,-0.14406779661016944,-0.20460048426150113,0.08353510895883787,-0.20460048426150113,-0.26592178770949715,0,0,信立,2025-05-02,11,24.6,S2,ma_alignment_only,4303,2025-05-02
early_watch,-0.32197614991482115,-0.3407155025553662,0.0017035775127767216,-0.3407155025553662,-0.34183673469387743,0,0,彩富,2025-05-02,12,24.6,S2,ma_alignment_only,5489,2025-05-02
early_watch,-0.3482905982905983,-0.35256410256410253,0.06517094017094016,-0.35256410256410253,-0.39217652958876625,0,0,訊達,2025-05-02,13,24.6,S2,ma_alignment_only,6140,2025-05-02
early_watch,-0.1370716510903427,-0.18380062305295952,0.17757009345794383,-0.18380062305295952,-0.30687830687830686,0,0,上洋,2025-05-02,14,24.6,S2,ma_alignment_only,6728,2025-05-02
early_watch,0.41243862520458263,-0.04746317512274956,0.6088379705400981,-0.04746317512274956,-0.2216358839050132,0,0,品安,2025-05-02,15,24.6,S2,ma_alignment_only,8088,2025-05-02
early_watch,-0.1131221719457014,-0.19909502262443435,0.011312217194570096,-0.19909502262443435,-0.20805369127516782,0,0,可成,2025-05-02,16,24.6,S2,ma_alignment_only,2474,2025-05-02
early_watch,0.05263157894736836,-0.09736842105263155,0.08947368421052637,-0.09736842105263155,-0.14249999999999996,0,0,八方雲集,2025-05-02,17,24.6,S2,ma_alignment_only,2753,2025-05-02
early_watch,-0.1166666666666667,-0.1799999872843424,-0.021666653951009085,-0.1799999872843424,-0.1799999872843424,0,0,第一保,2025-05-02,18,24.6,S2,ma_alignment_only,2852,2025-05-02
early_watch,-0.12386365370316943,-0.21477274461226026,0.10000003467906615,-0.21477274461226026,-0.2861570630615151,0,0,安馳,2025-05-02,19,24.6,S2,ma_alignment_only,3528,2025-05-02
early_watch,-0.1145374449339207,-0.1674008810572687,0.09911894273127753,-0.1674008810572687,-0.19574468085106378,0,0,智易,2025-05-02,20,24.6,S2,ma_alignment_only,3596,2025-05-02
early_watch,-0.05760368663594473,-0.14976958525345618,0.20506912442396308,-0.14976958525345618,-0.29445506692160606,0,0,三貝德,2025-06-02,1,36.6,S2,radar_model,8489,2025-06-02
early_watch,-0.17272727272727273,-0.2272727272727273,-0.011363636363636354,-0.2272727272727273,-0.2272727272727273,0,0,松瑞藥,2025-06-02,2,33.2,S2,radar_model,4167,2025-06-02
early_watch,-0.22189349112426038,-0.2544378698224852,0.11834319526627213,-0.2544378698224852,-0.33333333333333337,0,0,上洋,2025-06-02,3,27.6,S2,radar_model,6728,2025-06-02
early_watch,0.005324813544994367,-0.13951009862881336,0.02875396064288749,-0.13951009862881336,-0.16356103180059633,0,0,聯電,2025-06-02,4,27.6,S2,radar_model,2303,2025-06-02
early_watch,2.2641921941131224,-0.11462882287019327,2.635371239597558,-0.11462882287019327,-0.32864241369784486,1,0,南亞科,2025-06-02,5,27.6,S2,radar_model,2408,2025-06-02
early_watch,0.3181818356964976,0.0,1.5420874767858979,0.0,-0.5238410494974907,0,0,銘旺科,2025-06-02,6,27.6,S2,radar_model,2429,2025-06-02
early_watch,0.028348775883427102,-0.01665191204396832,0.16501648864055118,-0.01665191204396832,-0.1559363343402178,0,0,玉山金,2025-06-02,7,27.6,S2,radar_model,2884,2025-06-02
early_watch,0.05502390619714004,-0.01555018476185388,0.07535888955438219,-0.01555018476185388,-0.08453835756535921,0,0,中信金,2025-06-02,8,27.6,S2,radar_model,2891,2025-06-02
early_watch,0.532756460583427,-0.02595795345503582,0.8108775925441296,-0.02595795345503582,-0.2901023890784983,0,0,精成科,2025-06-02,9,27.6,S2,radar_model,6191,2025-06-02
early_watch,0.08045977011494254,0.026819923371647514,0.8409961685823755,0.026819923371647514,-0.44224765868886573,0,0,禾榮科,2025-06-02,10,27.6,S2,radar_model,7799,2025-06-02
early_watch,1.0906200317965022,0.04769475357710662,1.4642289348171702,0.04769475357710662,-0.19999999999999996,0,0,奇鋐,2025-06-02,11,26.2,S2,radar_model,3017,2025-06-02
early_watch,-0.045563549160671624,-0.13669064748201443,0.003597122302158251,-0.13669064748201443,-0.13978494623655913,0,0,中菲行,2025-06-02,12,25.6,S2,radar_model,5609,2025-06-02
early_watch,1.3850574712643677,0.07758620689655182,1.528735632183908,0.07758620689655182,-0.2065217391304348,0,0,台燿,2025-06-02,13,25.6,S2,radar_model,6274,2025-06-02
early_watch,1.1521997621878715,-0.045184304399524367,1.2889417360285376,-0.045184304399524367,-0.23896103896103893,0,0,精測,2025-06-02,14,25.6,S2,radar_model,6510,2025-06-02
early_watch,-0.04220779220779225,-0.19805194805194803,0.06277056277056281,-0.19805194805194803,-0.21999999999999997,0,0,亞德客-KY,2025-06-02,15,25.6,S2,radar_model,1590,2025-06-02
early_watch,-0.09022556390977443,-0.09962406015037595,0.17105263157894735,-0.09962406015037595,-0.2311396468699839,0,0,技嘉,2025-06-02,16,25.6,S2,radar_model,2376,2025-06-02
early_watch,-0.18249998092651365,-0.22624998092651372,0.03750000000000009,-0.22624998092651372,-0.25421684908579634,0,0,強信-KY,2025-06-02,17,25.6,S2,radar_model,4560,2025-06-02
early_watch,0.6946309158691539,-0.011744915539656176,0.8708054170238679,-0.011744915539656176,-0.1897196546893254,0,0,瀚宇博,2025-06-02,18,25.6,S2,radar_model,5469,2025-06-02
early_watch,0.1856208751404207,0.0,0.49673202614379086,0.0,-0.2078602886616403,0,0,矽格,2025-06-02,19,25.6,S2,radar_model,6257,2025-06-02
early_watch,-0.016163792571896818,-0.1810345096905639,0.03879308572989215,-0.1810345096905639,-0.1810345096905639,0,0,長華*,2025-06-02,20,25.6,S2,radar_model,8070,2025-06-02
early_watch,-0.07707128867819935,-0.09344898162286186,0.06358379845933282,-0.09344898162286186,-0.1476449531383106,0,0,台肥,2025-06-02,1,9.0,S2,random_top_n,1722,2025-06-02
early_watch,-0.2359550561797753,-0.24344569288389517,0.14232209737827706,-0.24344569288389517,-0.3377049180327869,0,0,微星,2025-06-02,2,14.0,S2,random_top_n,2377,2025-06-02
early_watch,-0.16000001695421007,-0.16000001695421007,0.004444461398654509,-0.16000001695421007,-0.163716845154267,0,0,華航,2025-06-02,3,12.0,S2,random_top_n,2610,2025-06-02
early_watch,-0.43692307692307697,-0.46153846153846156,-0.021538461538461506,-0.46153846153846156,-0.46153846153846156,0,0,創惟,2025-06-02,4,18.6,S2,random_top_n,6104,2025-06-02
early_watch,-0.07692307692307687,-0.11846153846153851,0.2123076923076923,-0.11846153846153851,-0.27284263959390864,0,0,曜越,2025-06-02,5,20.6,S2,random_top_n,3540,2025-06-02
early_watch,-0.33442622950819667,-0.3488524590163935,0.07540983606557372,-0.3488524590163935,-0.39451219512195124,0,0,大樹,2025-06-02,6,14.0,S2,random_top_n,6469,2025-06-02
early_watch,0.042654028436019065,-0.042654028436018954,0.37203791469194303,-0.042654028436018954,-0.27633851468048354,0,0,華景電,2025-06-02,7,8.0,S2,random_top_n,6788,2025-06-02
early_watch,-0.15226780460543543,-0.20950325967122585,0.17710585093003228,-0.20950325967122585,-0.3284403949702551,0,0,迎廣,2025-06-02,8,18.6,S2,random_top_n,6117,2025-06-02
early_watch,-0.14700000000000002,-0.32499999999999996,-0.0050000000000000044,-0.32499999999999996,-0.32499999999999996,0,0,高端疫苗,2025-06-02,9,4.0,S2,random_top_n,6547,2025-06-02
early_watch,1.7131147540983607,-0.008196721311475419,2.5163934426229506,-0.008196721311475419,-0.3076923076923077,1,0,國精化,2025-06-02,10,18.6,S2,random_top_n,4722,2025-06-02
early_watch,0.7475728155339805,-0.03980582524271836,0.8932038834951457,-0.03980582524271836,-0.20512820512820518,0,0,勤凱,2025-06-02,11,9.0,S2,random_top_n,4760,2025-06-02
early_watch,1.9390681003584231,-0.005973715651135025,2.142174432497013,-0.005973715651135025,-0.22649140546006064,1,0,光聖,2025-06-02,12,15.0,S2,random_top_n,6442,2025-06-02
early_watch,-0.046901159150381955,-0.13735344486008527,0.2909500238242857,-0.13735344486008527,-0.3317738570665757,0,0,麗臺,2025-06-02,13,20.6,S2,random_top_n,2465,2025-06-02
early_watch,-0.1544715447154471,-0.19918699186991873,0.05284552845528445,-0.19918699186991873,-0.23938223938223935,0,0,大銀微系統,2025-06-02,14,12.0,S2,random_top_n,4576,2025-06-02
early_watch,0.03043476049450855,-0.25507244165392895,0.07246376811594213,-0.25507244165392895,-0.2750352550116997,0,0,新紡,2025-06-02,15,13.6,S2,random_top_n,1419,2025-06-02
early_watch,0.020366599410936104,-0.04073319882187232,0.28309576288897675,-0.04073319882187232,-0.22698411487397696,0,0,悅城,2025-06-02,16,0.0,S2,random_top_n,6405,2025-06-02
early_watch,-0.016949216467680994,-0.10451979105804832,0.2245761752984785,-0.10451979105804832,-0.19838520823143946,0,0,裕隆,2025-06-02,17,11.0,S2,random_top_n,2201,2025-06-02
early_watch,0.9722222222222223,-0.16666666666666663,1.6666666666666665,-0.16666666666666663,-0.3416666666666667,0,0,世紀*,2025-06-02,18,9.0,S2,random_top_n,5314,2025-06-02
early_watch,-0.09599999999999997,-0.13279998779296875,0.03519995117187502,-0.13279998779296875,-0.1622874293750335,0,0,永信,2025-06-02,19,14.0,S2,random_top_n,3705,2025-06-02
early_watch,0.2976588628762542,0.0033444816053511683,0.4581939799331105,0.0033444816053511683,-0.2079510703363916,0,0,台半,2025-06-02,20,11.0,S2,random_top_n,5425,2025-06-02
early_watch,-0.05760368663594473,-0.14976958525345618,0.20506912442396308,-0.14976958525345618,-0.29445506692160606,0,0,三貝德,2025-06-02,1,36.6,S2,breakout_120d_only,8489,2025-06-02
early_watch,0.007800312198164239,-0.06084239943868608,0.08424339554483806,-0.06084239943868608,-0.12661869405842519,0,0,豐興,2025-06-02,1,20.6,S2,volume_expansion_only,2015,2025-06-02
early_watch,0.2394366830088106,-0.025608195122599264,0.5749040000398564,-0.025608195122599264,-0.2617885930751397,0,0,毅嘉,2025-06-02,2,21.6,S2,volume_expansion_only,2402,2025-06-02
early_watch,0.013333320617675781,-0.04000002543131509,0.08000005086263018,-0.04000002543131509,-0.1111111765208691,0,0,燁輝,2025-06-02,3,12.0,S2,volume_expansion_only,2023,2025-06-02
early_watch,0.019893898801648824,-0.12864727296202327,0.12201587217587195,-0.12864727296202327,-0.17139480214571767,0,0,大成鋼,2025-06-02,4,12.0,S2,volume_expansion_only,2027,2025-06-02
early_watch,-0.016163792571896818,-0.1810345096905639,0.03879308572989215,-0.1810345096905639,-0.1810345096905639,0,0,長華*,2025-06-02,5,25.6,S2,volume_expansion_only,8070,2025-06-02
early_watch,0.11517614699878442,-0.11924122883282462,0.11517614699878442,-0.11924122883282462,-0.20147421644291952,0,0,統新,2025-06-02,6,23.6,S2,volume_expansion_only,6426,2025-06-02
early_watch,-0.18249998092651365,-0.22624998092651372,0.03750000000000009,-0.22624998092651372,-0.25421684908579634,0,0,強信-KY,2025-06-02,7,25.6,S2,volume_expansion_only,4560,2025-06-02
early_watch,-0.13469387755102047,-0.14081632653061227,0.03469387755102038,-0.14081632653061227,-0.16962524654832345,0,0,久裕,2025-06-02,8,12.6,S2,volume_expansion_only,4173,2025-06-02
early_watch,-0.37020648967551617,-0.39085545722713866,0.08849557522123885,-0.39085545722713866,-0.44037940379403795,0,0,瑞鼎,2025-06-02,9,22.6,S2,volume_expansion_only,3592,2025-06-02
early_watch,-0.17272727272727273,-0.2272727272727273,-0.011363636363636354,-0.2272727272727273,-0.2272727272727273,0,0,松瑞藥,2025-06-02,10,33.2,S2,volume_expansion_only,4167,2025-06-02
early_watch,-0.011461318051575908,-0.14613180515759316,0.07163323782234965,-0.14613180515759316,-0.14973262032085566,0,0,長聖,2025-06-02,11,23.6,S2,volume_expansion_only,6712,2025-06-02
early_watch,-0.06363634629683057,-0.15227274461226026,0.03636360168457031,-0.15227274461226026,-0.1820175332192382,0,0,允強,2025-06-02,12,14.0,S2,volume_expansion_only,2034,2025-06-02
early_watch,0.05016722472031021,-0.07692305238810582,0.13377932971175244,-0.07692305238810582,-0.17109147148508297,0,0,中鴻,2025-06-02,13,14.0,S2,volume_expansion_only,2014,2025-06-02
early_watch,0.14444444444444438,-0.11000001695421002,0.49333326551649304,-0.11000001695421002,-0.3087797191610663,0,0,漢翔,2025-06-02,14,16.0,S2,volume_expansion_only,2634,2025-06-02
early_watch,-0.17689535707286852,-0.26353794019298515,-0.005415217391603777,-0.26353794019298515,-0.26353794019298515,0,0,台泥,2025-06-02,15,14.0,S2,volume_expansion_only,1101,2025-06-02
early_watch,-0.19187817258883244,-0.2274111675126903,0.1106598984771574,-0.2274111675126903,-0.30438756855575866,0,0,聯詠,2025-06-02,16,14.0,S2,volume_expansion_only,3034,2025-06-02
early_watch,-0.04623375724294454,-0.13896100803458133,0.0811687956895395,-0.13896100803458133,-0.20360354886466014,0,0,海光,2025-06-02,17,14.0,S2,volume_expansion_only,2038,2025-06-02
early_watch,0.14146341463414625,-0.08195123439881857,0.1756097560975609,-0.08195123439881857,-0.11226416533848027,0,0,新產,2025-06-02,18,16.0,S2,volume_expansion_only,2850,2025-06-02
early_watch,0.28181818181818175,-0.014545440673828125,0.40727275501598004,-0.014545440673828125,-0.10981911928203258,0,0,超豐,2025-06-02,19,14.0,S2,volume_expansion_only,2441,2025-06-02
early_watch,0.4681372549019607,0.01225490196078427,0.7034313725490196,0.01225490196078427,-0.1553956834532374,0,0,健鼎,2025-06-02,20,23.6,S2,volume_expansion_only,3044,2025-06-02
early_watch,-0.05760368663594473,-0.14976958525345618,0.20506912442396308,-0.14976958525345618,-0.29445506692160606,0,0,三貝德,2025-06-02,1,36.6,S2,ma_alignment_only,8489,2025-06-02
early_watch,-0.22189349112426038,-0.2544378698224852,0.11834319526627213,-0.2544378698224852,-0.33333333333333337,0,0,上洋,2025-06-02,2,27.6,S2,ma_alignment_only,6728,2025-06-02
early_watch,0.005324813544994367,-0.13951009862881336,0.02875396064288749,-0.13951009862881336,-0.16356103180059633,0,0,聯電,2025-06-02,3,27.6,S2,ma_alignment_only,2303,2025-06-02
early_watch,2.2641921941131224,-0.11462882287019327,2.635371239597558,-0.11462882287019327,-0.32864241369784486,1,0,南亞科,2025-06-02,4,27.6,S2,ma_alignment_only,2408,2025-06-02
early_watch,0.3181818356964976,0.0,1.5420874767858979,0.0,-0.5238410494974907,0,0,銘旺科,2025-06-02,5,27.6,S2,ma_alignment_only,2429,2025-06-02
early_watch,0.028348775883427102,-0.01665191204396832,0.16501648864055118,-0.01665191204396832,-0.1559363343402178,0,0,玉山金,2025-06-02,6,27.6,S2,ma_alignment_only,2884,2025-06-02
early_watch,0.05502390619714004,-0.01555018476185388,0.07535888955438219,-0.01555018476185388,-0.08453835756535921,0,0,中信金,2025-06-02,7,27.6,S2,ma_alignment_only,2891,2025-06-02
early_watch,0.532756460583427,-0.02595795345503582,0.8108775925441296,-0.02595795345503582,-0.2901023890784983,0,0,精成科,2025-06-02,8,27.6,S2,ma_alignment_only,6191,2025-06-02
early_watch,0.08045977011494254,0.026819923371647514,0.8409961685823755,0.026819923371647514,-0.44224765868886573,0,0,禾榮科,2025-06-02,9,27.6,S2,ma_alignment_only,7799,2025-06-02
early_watch,-0.04220779220779225,-0.19805194805194803,0.06277056277056281,-0.19805194805194803,-0.21999999999999997,0,0,亞德客-KY,2025-06-02,10,25.6,S2,ma_alignment_only,1590,2025-06-02
early_watch,0.1856208751404207,0.0,0.49673202614379086,0.0,-0.2078602886616403,0,0,矽格,2025-06-02,11,25.6,S2,ma_alignment_only,6257,2025-06-02
early_watch,0.9490586932447398,-0.012181616832779518,1.4529346622369879,-0.012181616832779518,-0.21670428893905191,0,0,威剛,2025-06-02,12,24.6,S2,ma_alignment_only,3260,2025-06-02
early_watch,-0.10843373493975894,-0.25082146768893754,0.055859802847754825,-0.25082146768893754,-0.2532751091703056,0,0,欣普羅,2025-06-02,13,24.6,S2,ma_alignment_only,6560,2025-06-02
early_watch,0.1845238095238093,-0.12202380952380953,0.4732142857142856,-0.12202380952380953,-0.2216358839050132,0,0,品安,2025-06-02,14,24.6,S2,ma_alignment_only,8088,2025-06-02
early_watch,0.30180180180180183,0.0,0.3153153153153154,0.0,-0.09375,0,0,卜蜂,2025-06-02,15,24.6,S2,ma_alignment_only,1215,2025-06-02
early_watch,-0.10429447852760731,-0.12269938650306744,0.0030674846625766694,-0.12269938650306744,-0.12538226299694188,0,0,大統益,2025-06-02,16,24.6,S2,ma_alignment_only,1232,2025-06-02
early_watch,0.035353575248085356,-0.08080800685720757,0.11616167843603575,-0.08080800685720757,-0.13574660399170946,0,0,春源,2025-06-02,17,24.6,S2,ma_alignment_only,2010,2025-06-02
early_watch,0.5509258985355889,-0.15277782806153073,0.881944481850651,-0.15277782806153073,-0.2285714087548194,0,0,旺宏,2025-06-02,18,24.6,S2,ma_alignment_only,2337,2025-06-02
early_watch,0.8997361477572559,0.029023746701847042,1.0118733509234827,0.029023746701847042,-0.1784386617100372,0,0,台光電,2025-06-02,19,24.6,S2,ma_alignment_only,2383,2025-06-02
early_watch,-0.011406844106463865,-0.026615969581749055,0.049429657794676896,-0.026615969581749055,-0.06569343065693434,0,0,中華電,2025-06-02,20,24.6,S2,ma_alignment_only,2412,2025-06-02
early_watch,-0.27083333333333337,-0.2847222222222222,0.0625,-0.2847222222222222,-0.326797385620915,0,0,五福,2025-07-01,1,36.6,S2,radar_model,2745,2025-07-01
early_watch,0.04210329973944815,-0.09847364463537323,0.06807862018314403,-0.09847364463537323,-0.1559363343402178,0,0,玉山金,2025-07-01,2,36.6,S2,radar_model,2884,2025-07-01
early_watch,-0.15912406886022123,-0.2362043892787602,0.010218956054218742,-0.2362043892787602,-0.24393062895540574,0,0,櫻花建,2025-07-01,3,35.2,S2,radar_model,2539,2025-07-01
early_watch,0.9839228295819935,-0.01607717041800638,2.1639871382636655,-0.01607717041800638,-0.3729674796747967,1,0,沛爾生醫-創,2025-07-01,4,35.2,S2,radar_model,6949,2025-07-01
early_watch,-0.03344481605351168,-0.09364548494983282,0.03678929765886285,-0.09364548494983282,-0.09364548494983282,0,0,阜爾運通,2025-07-01,5,35.2,S2,radar_model,6914,2025-07-01
early_watch,-0.17008196721311475,-0.24590163934426235,0.05122950819672134,-0.24590163934426235,-0.2712871287128713,0,0,原相,2025-07-01,6,33.2,S2,radar_model,3227,2025-07-01
early_watch,-0.1912567864613679,-0.21857919197204223,0.016393505842428047,-0.21857919197204223,-0.2311828012121303,0,0,大聯大,2025-07-01,7,33.2,S2,radar_model,3702,2025-07-01
early_watch,-0.2550458995574111,-0.3284403949702551,-0.07798165137614677,-0.3284403949702551,-0.3284403949702551,0,0,迎廣,2025-07-01,8,33.2,S2,radar_model,6117,2025-07-01
early_watch,-0.316930670117462,-0.3423150259249804,0.025641052727331415,-0.3423150259249804,-0.35875716721153283,0,0,豐藝,2025-07-01,9,33.2,S2,radar_model,6189,2025-07-01
early_watch,-0.08450704225352113,-0.3288732394366197,0.035211267605633756,-0.3288732394366197,-0.3517006802721089,0,0,宏觀,2025-07-01,10,30.2,S2,radar_model,6568,2025-07-01
early_watch,0.015021459227467782,-0.24678111587982832,0.13948497854077258,-0.24678111587982832,-0.2909090909090909,0,0,騰雲,2025-07-01,11,30.2,S2,radar_model,6870,2025-07-01
early_watch,0.11853789379517754,0.005221912454844713,0.15966061124779785,0.005221912454844713,-0.057038813124323684,0,0,彰銀,2025-07-01,12,29.6,S2,radar_model,2801,2025-07-01
early_watch,1.1247311827956987,-0.03655913978494618,1.1591397849462366,-0.03655913978494618,-0.2065217391304348,0,0,台燿,2025-07-01,13,27.6,S2,radar_model,6274,2025-07-01
early_watch,-0.2250000452173152,-0.24827586376993038,0.025862002344394508,-0.24827586376993038,-0.2672268448269257,0,0,冠軍,2025-07-01,14,27.6,S2,radar_model,1806,2025-07-01
early_watch,0.03851245739847853,-0.012561877842435343,0.07256209540630132,-0.012561877842435343,-0.05174597185364893,0,0,高雄銀,2025-07-01,15,27.6,S2,radar_model,2836,2025-07-01
early_watch,0.1621388607766301,-0.013888866842528547,0.20375001785755176,-0.013888866842528547,-0.083950654959973,0,0,聯邦銀,2025-07-01,16,27.6,S2,radar_model,2838,2025-07-01
early_watch,0.03728594906176519,-0.03818492919100358,0.05659249639825448,-0.03818492919100358,-0.0866666793823242,0,0,第一金,2025-07-01,17,27.6,S2,radar_model,2892,2025-07-01
early_watch,-0.12996390910884958,-0.2129964391110296,0.028880838087589122,-0.2129964391110296,-0.23508774606805094,0,0,夆典,2025-07-01,18,27.6,S2,radar_model,3052,2025-07-01
early_watch,-0.15479875917229968,-0.19917443496224707,0.10423114876240436,-0.19917443496224707,-0.2747663694007374,0,0,必應,2025-07-01,19,27.6,S2,radar_model,6625,2025-07-01
early_watch,0.9271137026239067,0.03498542274052485,1.3206997084548107,0.03498542274052485,-0.27786259541984737,0,0,鼎炫-KY,2025-07-01,20,27.6,S2,radar_model,8499,2025-07-01
early_watch,0.18930957683741645,-0.028953229398663738,0.3407572383073496,-0.028953229398663738,-0.25747508305647837,0,0,信紘科,2025-07-01,1,11.6,S2,random_top_n,6667,2025-07-01
early_watch,-0.2439834151525221,-0.2547717589065742,0.1659751037344399,-0.2547717589065742,-0.3608540708059942,0,0,飛捷,2025-07-01,2,8.0,S2,random_top_n,6206,2025-07-01
early_watch,1.011138613861386,-0.030940594059405968,1.011138613861386,-0.030940594059405968,-0.1627705627705628,0,0,富世達,2025-07-01,3,8.0,S2,random_top_n,6805,2025-07-01
early_watch,-0.10838445807770958,-0.14110429447852757,0.024539877300613577,-0.14110429447852757,-0.16167664670658688,0,0,王品,2025-07-01,4,17.0,S2,random_top_n,2727,2025-07-01
early_watch,0.47411167512690344,-0.1086294416243655,0.532994923857868,-0.1086294416243655,-0.15576923076923077,0,0,信驊,2025-07-01,5,24.6,S2,random_top_n,5274,2025-07-01
early_watch,0.16793899279759894,-0.10178117245936058,0.21119591343995525,-0.10178117245936058,-0.1218905829075565,0,0,金寶,2025-07-01,6,0.0,S2,random_top_n,2312,2025-07-01
early_watch,1.990405117270789,-0.049040511727078795,1.990405117270789,-0.049040511727078795,-0.21670428893905191,0,0,威剛,2025-07-01,7,15.0,S2,random_top_n,3260,2025-07-01
early_watch,0.7061611374407584,-0.11374407582938384,0.7962085308056872,-0.11374407582938384,-0.30409356725146197,0,0,新盛力,2025-07-01,8,24.6,S2,random_top_n,4931,2025-07-01
early_watch,-0.28431372549019607,-0.3357843137254902,0.07107843137254899,-0.3357843137254902,-0.37986270022883295,0,0,大學光,2025-07-01,9,15.6,S2,random_top_n,3218,2025-07-01
early_watch,0.1828703141588579,-0.07291670070018241,0.5555554574409156,-0.07291670070018241,-0.3087797191610663,0,0,漢翔,2025-07-01,10,0.0,S2,random_top_n,2634,2025-07-01
early_watch,-0.07447976806641399,-0.13033955233421857,0.13033946877020686,-0.13033955233421857,-0.23062011750155065,0,0,京城,2025-07-01,11,9.0,S2,random_top_n,2524,2025-07-01
early_watch,-0.27761194029850744,-0.3335820895522388,0.010447761194029903,-0.3335820895522388,-0.3404726735598228,0,0,其陽,2025-07-01,12,12.0,S2,random_top_n,3564,2025-07-01
early_watch,0.2204433768302796,-0.03448270354182437,0.5270936534522166,-0.03448270354182437,-0.2677419108729209,0,0,廣宇,2025-07-01,13,8.0,S2,random_top_n,2328,2025-07-01
early_watch,0.1278195488721805,0.022556390977443552,0.5263157894736843,0.022556390977443552,-0.3078817733990148,0,0,融程電,2025-07-01,14,9.0,S2,random_top_n,3416,2025-07-01
early_watch,-0.1626373401112542,-0.18324173657938092,0.004709621249591844,-0.18324173657938092,-0.18707032743969465,0,0,鳳凰,2025-07-01,15,22.6,S2,random_top_n,5706,2025-07-01
early_watch,0.02136752136752129,-0.038461538461538436,0.3076923076923077,-0.038461538461538436,-0.24183006535947715,0,0,朋程,2025-07-01,16,0.0,S2,random_top_n,8255,2025-07-01
early_watch,-0.3370497427101201,-0.42624356775300165,0.04802744425385952,-0.42624356775300165,-0.45253682487725033,0,0,安鈦克,2025-07-01,17,15.0,S2,random_top_n,6276,2025-07-01
early_watch,-0.13793101558314824,-0.21839076553850645,0.057471265627790036,-0.21839076553850645,-0.26086952916165085,0,0,台橡,2025-07-01,18,1.0,S2,random_top_n,2103,2025-07-01
early_watch,0.7666666666666666,0.0011111111111110628,0.8777777777777778,0.0011111111111110628,-0.1784386617100372,0,0,台光電,2025-07-01,19,22.6,S2,random_top_n,2383,2025-07-01
early_watch,-0.17837837837837844,-0.1837837837837838,0.2013513513513514,-0.1837837837837838,-0.32058492688413953,0,0,信立,2025-07-01,20,0.0,S2,random_top_n,4303,2025-07-01
early_watch,0.15819209039548032,-0.02824858757062143,0.41242937853107353,-0.02824858757062143,-0.24079998779296874,0,0,中台,2025-07-01,1,25.6,S2,breakout_120d_only,6923,2025-07-01
early_watch,3.114285714285714,0.008163265306122325,3.4163265306122454,0.008163265306122325,-0.3599290780141844,1,0,凱崴,2025-07-01,2,22.6,S2,breakout_120d_only,5498,2025-07-01
early_watch,-0.1727574750830565,-0.2142857142857143,0.12126245847176076,-0.2142857142857143,-0.2992592592592592,0,0,華擎,2025-07-01,3,22.6,S2,breakout_120d_only,3515,2025-07-01
early_watch,-0.27083333333333337,-0.2847222222222222,0.0625,-0.2847222222222222,-0.326797385620915,0,0,五福,2025-07-01,4,36.6,S2,breakout_120d_only,2745,2025-07-01
early_watch,0.04210329973944815,-0.09847364463537323,0.06807862018314403,-0.09847364463537323,-0.1559363343402178,0,0,玉山金,2025-07-01,5,36.6,S2,breakout_120d_only,2884,2025-07-01
early_watch,0.11853789379517754,0.005221912454844713,0.15966061124779785,0.005221912454844713,-0.057038813124323684,0,0,彰銀,2025-07-01,6,29.6,S2,breakout_120d_only,2801,2025-07-01
early_watch,-0.2964224872231688,-0.3109028960817717,0.20783645655877336,-0.3109028960817717,-0.4294781382228491,0,0,杭特,2025-07-01,7,14.6,S2,breakout_120d_only,3297,2025-07-01
early_watch,0.03728594906176519,-0.03818492919100358,0.05659249639825448,-0.03818492919100358,-0.0866666793823242,0,0,第一金,2025-07-01,8,27.6,S2,breakout_120d_only,2892,2025-07-01
early_watch,0.04029304029304037,-0.1648351648351648,0.8864468864468864,-0.1648351648351648,-0.5242718446601942,0,0,康霈*,2025-07-01,9,16.6,S2,breakout_120d_only,6919,2025-07-01
early_watch,-0.10699999999999998,-0.122,0.02400000000000002,-0.122,-0.1425781250000001,0,0,岱稜,2025-07-01,1,18.6,S2,volume_expansion_only,3303,2025-07-01
early_watch,0.8285714285714285,-0.01224489795918371,0.926530612244898,-0.01224489795918371,-0.17226277372262777,0,0,緯穎,2025-07-01,2,15.0,S2,volume_expansion_only,6669,2025-07-01
early_watch,-0.030084236412814658,-0.0625751750147332,0.03489773260082574,-0.0625751750147332,-0.09418602876884996,0,0,兆豐金,2025-07-01,3,25.6,S2,volume_expansion_only,2886,2025-07-01
early_watch,-0.041388518024032095,-0.09612817089452608,0.10547396528704933,-0.09612817089452608,-0.18236714975845414,0,0,新普,2025-07-01,4,13.0,S2,volume_expansion_only,6121,2025-07-01
early_watch,-0.4,-0.4391025641025641,0.0064102564102563875,-0.4391025641025641,-0.4426751592356688,0,0,創惟,2025-07-01,5,21.6,S2,volume_expansion_only,6104,2025-07-01
early_watch,-0.022222222222222254,-0.051851851851851816,0.022222222222222143,-0.051851851851851816,-0.061594202898550776,0,0,中華電,2025-07-01,6,12.6,S2,volume_expansion_only,2412,2025-07-01
early_watch,-0.056089742218170646,-0.16025640633763027,0.02564100056083385,-0.16025640633763027,-0.17480312557671018,0,0,中華,2025-07-01,7,1.0,S2,volume_expansion_only,2204,2025-07-01
early_watch,-0.3072847682119205,-0.3271523178807947,0.0026490066225166586,-0.3271523178807947,-0.32892998678996044,0,0,橘子,2025-07-01,8,12.6,S2,volume_expansion_only,6180,2025-07-01
early_watch,0.18867924528301883,0.027253668763102645,0.3459119496855345,0.027253668763102645,-0.11682242990654201,0,0,聚陽,2025-07-01,9,1.0,S2,volume_expansion_only,1477,2025-07-01
early_watch,-0.15966386554621848,-0.19327731092436973,0.09243697478991586,-0.19327731092436973,-0.2615384615384615,0,0,啟碁,2025-07-01,10,17.0,S2,volume_expansion_only,6285,2025-07-01
early_watch,-0.17008196721311475,-0.24590163934426235,0.05122950819672134,-0.24590163934426235,-0.2712871287128713,0,0,原相,2025-07-01,11,33.2,S2,volume_expansion_only,3227,2025-07-01
early_watch,-0.18190129111809472,-0.21846436190611285,0.016453340011494344,-0.21846436190611285,-0.23111508681249515,0,0,國化,2025-07-01,12,7.0,S2,volume_expansion_only,1713,2025-07-01
early_watch,-0.00836120401337792,-0.05351170568561869,0.0050167224080268635,-0.05351170568561869,-0.05823627287853572,0,0,崑鼎,2025-07-01,13,25.6,S2,volume_expansion_only,6803,2025-07-01
early_watch,0.7691500598583223,-0.02938093349521842,1.5078698042664085,-0.02938093349521842,-0.3138075313807531,0,0,東元,2025-07-01,14,1.0,S2,volume_expansion_only,1504,2025-07-01
early_watch,0.40181268882175236,-0.0392749244712991,0.5830815709969788,-0.0392749244712991,-0.17557251908396942,0,0,鴻海,2025-07-01,15,25.6,S2,volume_expansion_only,2317,2025-07-01
early_watch,0.15135135135135136,0.015135135135135203,0.4162162162162162,0.015135135135135203,-0.2595419847328244,0,0,中美晶,2025-07-01,16,1.0,S2,volume_expansion_only,5483,2025-07-01
early_watch,-0.11853091999924092,-0.15859765873120502,0.1151920091838039,-0.15859765873120502,-0.24550899366234902,0,0,宏碁,2025-07-01,17,1.0,S2,volume_expansion_only,2353,2025-07-01
early_watch,-0.06072874493927127,-0.15587044534412953,0.13157894736842102,-0.15587044534412953,-0.25402504472271903,0,0,精剛,2025-07-01,18,14.0,S2,volume_expansion_only,1584,2025-07-01
early_watch,-0.019455253303325093,-0.12581059844635445,0.038910506606650186,-0.12581059844635445,-0.15855177515821473,0,0,國產,2025-07-01,19,14.0,S2,volume_expansion_only,2504,2025-07-01
early_watch,0.08409506398537481,-0.001828153564899404,0.2742230347349177,-0.001828153564899404,-0.1779053084648493,0,0,崇越,2025-07-01,20,20.0,S2,volume_expansion_only,5434,2025-07-01
early_watch,-0.27083333333333337,-0.2847222222222222,0.0625,-0.2847222222222222,-0.326797385620915,0,0,五福,2025-07-01,1,36.6,S2,ma_alignment_only,2745,2025-07-01
early_watch,0.04210329973944815,-0.09847364463537323,0.06807862018314403,-0.09847364463537323,-0.1559363343402178,0,0,玉山金,2025-07-01,2,36.6,S2,ma_alignment_only,2884,2025-07-01
early_watch,-0.15912406886022123,-0.2362043892787602,0.010218956054218742,-0.2362043892787602,-0.24393062895540574,0,0,櫻花建,2025-07-01,3,35.2,S2,ma_alignment_only,2539,2025-07-01
early_watch,0.9839228295819935,-0.01607717041800638,2.1639871382636655,-0.01607717041800638,-0.3729674796747967,1,0,沛爾生醫-創,2025-07-01,4,35.2,S2,ma_alignment_only,6949,2025-07-01
early_watch,-0.03344481605351168,-0.09364548494983282,0.03678929765886285,-0.09364548494983282,-0.09364548494983282,0,0,阜爾運通,2025-07-01,5,35.2,S2,ma_alignment_only,6914,2025-07-01
early_watch,0.11853789379517754,0.005221912454844713,0.15966061124779785,0.005221912454844713,-0.057038813124323684,0,0,彰銀,2025-07-01,6,29.6,S2,ma_alignment_only,2801,2025-07-01
early_watch,1.1247311827956987,-0.03655913978494618,1.1591397849462366,-0.03655913978494618,-0.2065217391304348,0,0,台燿,2025-07-01,7,27.6,S2,ma_alignment_only,6274,2025-07-01
early_watch,-0.2250000452173152,-0.24827586376993038,0.025862002344394508,-0.24827586376993038,-0.2672268448269257,0,0,冠軍,2025-07-01,8,27.6,S2,ma_alignment_only,1806,2025-07-01
early_watch,0.03851245739847853,-0.012561877842435343,0.07256209540630132,-0.012561877842435343,-0.05174597185364893,0,0,高雄銀,2025-07-01,9,27.6,S2,ma_alignment_only,2836,2025-07-01
early_watch,0.1621388607766301,-0.013888866842528547,0.20375001785755176,-0.013888866842528547,-0.083950654959973,0,0,聯邦銀,2025-07-01,10,27.6,S2,ma_alignment_only,2838,2025-07-01
early_watch,-0.12996390910884958,-0.2129964391110296,0.028880838087589122,-0.2129964391110296,-0.23508774606805094,0,0,夆典,2025-07-01,11,27.6,S2,ma_alignment_only,3052,2025-07-01
early_watch,-0.15479875917229968,-0.19917443496224707,0.10423114876240436,-0.19917443496224707,-0.2747663694007374,0,0,必應,2025-07-01,12,27.6,S2,ma_alignment_only,6625,2025-07-01
early_watch,0.9271137026239067,0.03498542274052485,1.3206997084548107,0.03498542274052485,-0.27786259541984737,0,0,鼎炫-KY,2025-07-01,13,27.6,S2,ma_alignment_only,8499,2025-07-01
early_watch,-0.030084236412814658,-0.0625751750147332,0.03489773260082574,-0.0625751750147332,-0.09418602876884996,0,0,兆豐金,2025-07-01,14,25.6,S2,ma_alignment_only,2886,2025-07-01
early_watch,-0.3622489959839357,-0.376706827309237,0.06024096385542177,-0.376706827309237,-0.4121212121212121,0,0,山富,2025-07-01,15,24.6,S2,ma_alignment_only,2743,2025-07-01
early_watch,-0.2033898305084746,-0.2406779661016949,0.14915254237288145,-0.2406779661016949,-0.3392330383480826,0,0,揚秦,2025-07-01,16,24.6,S2,ma_alignment_only,2755,2025-07-01
early_watch,0.7061611374407584,-0.11374407582938384,0.7962085308056872,-0.11374407582938384,-0.30409356725146197,0,0,新盛力,2025-07-01,17,24.6,S2,ma_alignment_only,4931,2025-07-01
early_watch,0.47411167512690344,-0.1086294416243655,0.532994923857868,-0.1086294416243655,-0.15576923076923077,0,0,信驊,2025-07-01,18,24.6,S2,ma_alignment_only,5274,2025-07-01
early_watch,-0.29894179894179895,-0.33333333333333337,-0.013227513227513255,-0.33333333333333337,-0.33333333333333337,0,0,上洋,2025-07-01,19,24.6,S2,ma_alignment_only,6728,2025-07-01
early_watch,-0.22154782929837935,-0.23216999540962846,0.00455228247977324,-0.23216999540962846,-0.2356495346414864,0,0,大成,2025-07-01,20,24.6,S2,ma_alignment_only,1210,2025-07-01
early_watch,0.771397616468039,0.011917659804983716,0.771397616468039,0.011917659804983716,-0.19999999999999996,0,0,奇鋐,2025-08-01,1,36.6,S2,radar_model,3017,2025-07-31
early_watch,0.3471971066907775,-0.04339963833634719,0.7070524412296564,-0.04339963833634719,-0.24258474576271183,0,0,緯穎,2025-08-01,2,36.6,S2,radar_model,6669,2025-07-31
early_watch,2.051813471502591,0.20725388601036276,2.1139896373056994,0.20725388601036276,-0.3729674796747967,1,0,沛爾生醫-創,2025-08-01,3,36.6,S2,radar_model,6949,2025-07-31
early_watch,0.19283746556473824,-0.008264462809917328,0.443526170798898,-0.008264462809917328,-0.18129770992366412,0,0,鴻海,2025-08-01,4,35.2,S2,radar_model,2317,2025-08-01
early_watch,1.0669457035295449,-0.025104618872233364,1.2594142620041064,-0.025104618872233364,-0.31417116117544075,0,0,台玻,2025-08-01,5,33.6,S2,radar_model,1802,2025-07-31
early_watch,-0.1588235294117647,-0.23921568627450984,0.05294117647058827,-0.23921568627450984,-0.27746741154562393,0,0,熒茂,2025-08-01,6,33.2,S2,radar_model,4729,2025-08-01
early_watch,0.0536585365853659,-0.086829268292683,0.224390243902439,-0.086829268292683,-0.22000000000000008,0,0,宏捷科,2025-08-01,7,33.2,S2,radar_model,8086,2025-08-01
early_watch,1.5772870662460567,-0.05205047318611988,1.5772870662460567,-0.05205047318611988,-0.3021148036253777,0,0,高力,2025-08-01,8,33.2,S2,radar_model,8996,2025-07-31
early_watch,-0.1262833675564683,-0.17864476386036965,0.047227926078028615,-0.17864476386036965,-0.21568627450980393,0,0,鏵友益,2025-08-01,9,33.2,S2,radar_model,6877,2025-08-01
early_watch,-0.15608465608465605,-0.17328042328042326,0.03835978835978837,-0.17328042328042326,-0.20382165605095537,0,0,健喬,2025-08-01,10,32.6,S2,radar_model,4114,2025-08-01
early_watch,1.1428571428571428,0.04585537918871263,1.257495590828924,0.04585537918871263,-0.172093023255814,0,0,台達電,2025-08-01,11,32.6,S2,radar_model,2308,2025-07-31
early_watch,0.32847533632286985,-0.007847533632286963,0.4181614349775784,-0.007847533632286963,-0.21130434782608698,0,0,智邦,2025-08-01,12,32.6,S2,radar_model,2345,2025-07-31
early_watch,1.4872881355932202,-0.016949152542372836,1.6355932203389831,-0.016949152542372836,-0.1227678571428571,0,0,京元電子,2025-08-01,13,32.6,S2,radar_model,2449,2025-07-31
early_watch,0.7826617494490116,-0.10256411928423048,0.9951158834209906,-0.10256411928423048,-0.20540540540540542,0,0,南亞,2025-08-01,14,31.6,S2,radar_model,1303,2025-07-31
early_watch,0.6787330316742082,0.0,0.7194570135746607,0.0,-0.1784386617100372,0,0,台光電,2025-08-01,15,30.6,S2,radar_model,2383,2025-07-31
early_watch,1.0160213618157545,-0.03337783711615483,1.0160213618157545,-0.03337783711615483,-0.20990099009900987,0,0,金像電,2025-08-01,16,29.6,S2,radar_model,2368,2025-07-31
early_watch,-0.19890710382513666,-0.19890710382513666,0.2896174863387979,-0.19890710382513666,-0.378813559322034,0,0,英濟,2025-08-01,17,27.6,S2,radar_model,3294,2025-08-01
early_watch,0.10703363914373099,-0.08868501529051986,0.33333333333333326,-0.08868501529051986,-0.1880108991825613,0,0,世禾,2025-08-01,18,27.6,S2,radar_model,3551,2025-08-01
early_watch,-0.1457800511508952,-0.20204603580562663,0.10741687979539627,-0.20204603580562663,-0.27944572748267893,0,0,永捷,2025-08-01,19,27.6,S2,radar_model,4714,2025-08-01
early_watch,-0.07416267942583732,-0.09090909090909094,0.009569377990430672,-0.09090909090909094,-0.09952606635071093,0,0,全家,2025-08-01,20,27.6,S2,radar_model,5903,2025-08-01
early_watch,0.0847457627118644,-0.09152544959116793,0.23389835680945437,-0.09152544959116793,-0.2129121313865523,0,0,仁寶,2025-08-01,1,22.6,S2,random_top_n,2324,2025-07-31
early_watch,-0.07488986784140972,-0.07488986784140972,0.022026431718061623,-0.07488986784140972,-0.09482758620689657,0,0,中保科,2025-08-01,2,22.6,S2,random_top_n,9917,2025-07-31
early_watch,-0.024482109227871973,-0.06026365348399254,0.29378531073446323,-0.06026365348399254,-0.2736535662299855,0,0,濱川,2025-08-01,3,23.6,S2,random_top_n,1569,2025-08-01
early_watch,-0.040492957746478875,-0.07394366197183089,0.257042253521127,-0.07394366197183089,-0.2633053221288516,0,0,亞通,2025-08-01,4,24.6,S2,random_top_n,6179,2025-08-01
early_watch,0.09934640522875804,-0.013071895424836555,0.12810457516339868,-0.013071895424836555,-0.051219512195122,0,0,東洋,2025-08-01,5,18.6,S2,random_top_n,4105,2025-08-01
early_watch,-0.06859211095838547,-0.08483755656114833,0.11010827267345125,-0.08483755656114833,-0.1756097436920414,0,0,全漢,2025-08-01,6,11.0,S2,random_top_n,3015,2025-07-31
early_watch,0.05215827338129486,-0.1492805755395683,0.4316546762589928,-0.1492805755395683,-0.27786259541984737,0,0,鼎炫-KY,2025-08-01,7,0.0,S2,random_top_n,8499,2025-07-31
early_watch,-0.3175965705053726,-0.33977109415665885,0.008583668970292724,-0.33977109415665885,-0.3453900492783134,0,0,微程式,2025-08-01,8,13.0,S2,random_top_n,7721,2025-08-01
early_watch,1.1434598144190078,-0.06540089006380845,1.8059070826693158,-0.06540089006380845,-0.3790012682769671,0,0,榮科,2025-08-01,9,7.0,S2,random_top_n,4989,2025-07-31
early_watch,0.14192965489882714,0.018203913671085648,0.2215412298292383,0.018203913671085648,-0.07841137665513975,0,0,富邦金,2025-08-01,10,13.0,S2,random_top_n,2881,2025-07-31
early_watch,0.3108728097037481,0.0015313701293679927,0.3629402119546181,0.0015313701293679927,-0.15233416822402224,0,0,乙盛-KY,2025-08-01,11,14.6,S2,random_top_n,5243,2025-07-31
early_watch,-0.12039799476737412,-0.1691542288557214,0.1094527363184079,-0.1691542288557214,-0.2511210762331838,0,0,鼎基,2025-08-01,12,9.0,S2,random_top_n,6585,2025-07-31
early_watch,-0.2201680415818671,-0.2201680415818671,0.134453781512605,-0.2201680415818671,-0.31259256998697915,0,0,豐泰,2025-08-01,13,16.0,S2,random_top_n,9910,2025-07-31
early_watch,-0.06666666666666665,-0.06666666666666665,0.21200195312499992,-0.06666666666666665,-0.2299242332680681,0,0,南港,2025-08-01,14,17.0,S2,random_top_n,2101,2025-07-31
early_watch,-0.1304347715146218,-0.1906354156626241,0.11371236327451828,-0.1906354156626241,-0.2492492320487273,0,0,威盛,2025-08-01,15,11.0,S2,random_top_n,2388,2025-07-31
early_watch,-0.20369939434529005,-0.2716377858287442,0.28516374688046153,-0.2716377858287442,-0.43325337651389273,0,0,佳世達,2025-08-01,16,11.0,S2,random_top_n,2352,2025-07-31
early_watch,-0.1850746361453539,-0.18611939631084162,0.07960200432618558,-0.18611939631084162,-0.24612903604497516,0,0,裕融,2025-08-01,17,14.0,S2,random_top_n,9941,2025-07-31
early_watch,0.17824075525353122,-0.006944426661166014,0.43518515983890316,-0.006944426661166014,-0.2677419108729209,0,0,廣宇,2025-08-01,18,22.6,S2,random_top_n,2328,2025-07-31
early_watch,-0.35418995265854136,-0.35418995265854136,0.6871508379888269,-0.35418995265854136,-0.6172185480989367,0,0,銘旺科,2025-08-01,19,24.6,S2,random_top_n,2429,2025-07-31
early_watch,-0.07416563518952068,-0.08281834921218723,0.011124864139724577,-0.08281834921218723,-0.09290960660119818,0,0,南僑,2025-08-01,20,9.0,S2,random_top_n,1702,2025-07-31
early_watch,-0.35418995265854136,-0.35418995265854136,0.6871508379888269,-0.35418995265854136,-0.6172185480989367,0,0,銘旺科,2025-08-01,1,24.6,S2,breakout_120d_only,2429,2025-07-31
early_watch,-0.20833333333333337,-0.20833333333333337,0.14192708333333326,-0.20833333333333337,-0.30672748004561,0,0,南寶,2025-08-01,2,25.6,S2,breakout_120d_only,4766,2025-07-31
early_watch,-0.19890710382513666,-0.19890710382513666,0.2896174863387979,-0.19890710382513666,-0.378813559322034,0,0,英濟,2025-08-01,3,27.6,S2,breakout_120d_only,3294,2025-08-01
early_watch,1.3679417122040074,-0.014571948998178486,1.6229508196721314,-0.014571948998178486,-0.3028350515463917,0,0,鉅橡,2025-08-01,4,24.6,S2,breakout_120d_only,8074,2025-08-01
early_watch,-0.12765957446808518,-0.3486088379705402,0.09983633387888702,-0.3486088379705402,-0.40773809523809534,0,0,高僑,2025-08-01,5,25.6,S2,breakout_120d_only,6234,2025-08-01
early_watch,0.11301371801739912,-0.12328762112426095,0.28310506259979284,-0.12328762112426095,-0.18505340542160786,0,0,台塑化,2025-08-01,6,27.6,S2,breakout_120d_only,6505,2025-07-31
early_watch,0.7826617494490116,-0.10256411928423048,0.9951158834209906,-0.10256411928423048,-0.20540540540540542,0,0,南亞,2025-08-01,7,31.6,S2,breakout_120d_only,1303,2025-07-31
early_watch,0.4487447929980033,0.056485372511179355,0.966527228040611,0.056485372511179355,-0.4122340425531915,0,0,雷虎,2025-08-01,8,25.6,S2,breakout_120d_only,8033,2025-07-31
early_watch,2.19280205655527,-0.0719794344473007,2.7017994858611827,-0.0719794344473007,-0.3599290780141844,1,0,凱崴,2025-08-01,9,21.6,S2,breakout_120d_only,5498,2025-08-01
early_watch,2.051813471502591,0.20725388601036276,2.1139896373056994,0.20725388601036276,-0.3729674796747967,1,0,沛爾生醫-創,2025-08-01,10,36.6,S2,breakout_120d_only,6949,2025-07-31
early_watch,1.0669457035295449,-0.025104618872233364,1.2594142620041064,-0.025104618872233364,-0.31417116117544075,0,0,台玻,2025-08-01,11,33.6,S2,breakout_120d_only,1802,2025-07-31
early_watch,0.07286436134346741,-0.24999997603833335,0.2889447291569682,-0.24999997603833335,-0.24999997603833335,0,0,州巧,2025-08-01,12,1.6,S2,breakout_120d_only,3543,2025-07-31
early_watch,0.18170733568145003,-0.09146341463414631,0.47560975609756095,-0.09146341463414631,-0.22892559461357176,0,0,楠梓電,2025-08-01,13,13.6,S2,breakout_120d_only,2316,2025-07-31
early_watch,0.7463503649635037,-0.03284671532846706,0.9890510948905111,-0.03284671532846706,-0.2608158220024722,0,0,富喬,2025-08-01,14,10.6,S2,breakout_120d_only,1815,2025-08-01
early_watch,0.3471971066907775,-0.04339963833634719,0.7070524412296564,-0.04339963833634719,-0.24258474576271183,0,0,緯穎,2025-08-01,15,36.6,S2,breakout_120d_only,6669,2025-07-31
early_watch,0.771397616468039,0.011917659804983716,0.771397616468039,0.011917659804983716,-0.19999999999999996,0,0,奇鋐,2025-08-01,16,36.6,S2,breakout_120d_only,3017,2025-07-31
early_watch,-0.15608465608465605,-0.17328042328042326,0.03835978835978837,-0.17328042328042326,-0.20382165605095537,0,0,健喬,2025-08-01,17,32.6,S2,breakout_120d_only,4114,2025-08-01
early_watch,2.2120252776806835,0.07753160841819184,2.8291138778262335,0.07753160841819184,-0.2178217821782178,1,0,尖點,2025-08-01,18,20.6,S2,breakout_120d_only,8021,2025-07-31
early_watch,0.6787330316742082,0.0,0.7194570135746607,0.0,-0.1784386617100372,0,0,台光電,2025-08-01,19,30.6,S2,breakout_120d_only,2383,2025-07-31
early_watch,1.1428571428571428,0.04585537918871263,1.257495590828924,0.04585537918871263,-0.172093023255814,0,0,台達電,2025-08-01,20,32.6,S2,breakout_120d_only,2308,2025-07-31
early_watch,-0.5785714285714285,-0.591428565979004,0.0014285496303012568,-0.591428565979004,-0.5920113979456358,0,0,名軒,2025-08-01,1,12.0,S2,volume_expansion_only,1442,2025-07-31
early_watch,0.2921348560754222,-0.0024968408495887884,0.49188517199046333,-0.0024968408495887884,-0.16485353094763333,0,0,禾伸堂,2025-08-01,2,20.6,S2,volume_expansion_only,3026,2025-07-31
early_watch,-0.017761989342806372,-0.09946714031971582,0.09946714031971582,-0.09946714031971582,-0.15993537964458804,0,0,廣達,2025-08-01,3,23.6,S2,volume_expansion_only,2382,2025-07-31
early_watch,-0.07621951396801441,-0.07621951396801441,0.32164632568467133,-0.07621951396801441,-0.3010380552804651,0,0,裕隆,2025-08-01,4,12.0,S2,volume_expansion_only,2201,2025-07-31
early_watch,-0.17460319994187123,-0.2727272827356607,-0.005772027536278146,-0.2727272827356607,-0.2727272827356607,0,0,億光,2025-08-01,5,12.0,S2,volume_expansion_only,2393,2025-07-31
early_watch,-0.12430866094603388,-0.15054664047316457,0.03536973549517297,-0.15054664047316457,-0.17956520226025507,0,0,炎洲,2025-08-01,6,12.0,S2,volume_expansion_only,4306,2025-07-31
early_watch,0.15000001589457201,-0.0999999841054281,0.4375,-0.0999999841054281,-0.234042560386859,0,0,友達,2025-08-01,7,12.0,S2,volume_expansion_only,2409,2025-07-31
early_watch,-0.13486842105263153,-0.15131578947368418,0.42105263157894735,-0.15131578947368418,-0.4027777777777778,0,0,譜瑞-KY,2025-08-01,8,23.6,S2,volume_expansion_only,4966,2025-08-01
early_watch,-0.024482109227871973,-0.06026365348399254,0.29378531073446323,-0.06026365348399254,-0.2736535662299855,0,0,濱川,2025-08-01,9,23.6,S2,volume_expansion_only,1569,2025-08-01
early_watch,0.4327731092436975,0.021008403361344463,0.6386554621848739,0.021008403361344463,-0.22307692307692306,0,0,光寶科,2025-08-01,10,25.6,S2,volume_expansion_only,2301,2025-07-31
early_watch,-0.23222748815165883,-0.23222748815165883,0.048578199052132565,-0.23222748815165883,-0.2677966101694915,0,0,91APP*-KY,2025-08-01,11,23.6,S2,volume_expansion_only,6741,2025-08-01
early_watch,0.18481010726735558,-0.08354428448254547,0.3392405449589597,-0.08354428448254547,-0.16009275998755934,0,0,盛群,2025-08-01,12,12.0,S2,volume_expansion_only,6202,2025-07-31
early_watch,1.0396825396825395,-0.07539682539682535,1.0912698412698414,-0.07539682539682535,-0.17032967032967028,0,0,力成,2025-08-01,13,16.0,S2,volume_expansion_only,6239,2025-07-31
early_watch,-0.08923076923076922,-0.4476923076923077,0.03076923076923066,-0.4476923076923077,-0.4641791044776119,0,0,矽力*-KY,2025-08-01,14,14.0,S2,volume_expansion_only,6415,2025-07-31
early_watch,0.04471544715447151,-0.1097560975609756,0.28861788617886175,-0.1097560975609756,-0.19242902208201895,0,0,緯創,2025-08-01,15,27.6,S2,volume_expansion_only,3231,2025-07-31
early_watch,-0.1339927545449443,-0.23111508681249515,-0.008992806002192988,-0.23111508681249515,-0.23111508681249515,0,0,國化,2025-08-01,16,12.6,S2,volume_expansion_only,1713,2025-07-31
early_watch,0.06148867313915862,-0.1618122977346278,0.24595469255663427,-0.1618122977346278,-0.1777777777777778,0,0,精材,2025-08-01,17,25.6,S2,volume_expansion_only,3374,2025-08-01
early_watch,-0.2800751879699249,-0.2800751879699249,0.13909774436090228,-0.2800751879699249,-0.36798679867986805,0,0,金雨,2025-08-01,18,23.6,S2,volume_expansion_only,4503,2025-08-01
early_watch,-0.12552301255230125,-0.2677824267782427,0.08786610878661083,-0.2677824267782427,-0.32692307692307687,0,0,先進光,2025-08-01,19,14.0,S2,volume_expansion_only,3362,2025-08-01
early_watch,-0.19195747997516432,-0.19388136138057976,0.1363635896600366,-0.19388136138057976,-0.29061556885980033,0,0,新美齊,2025-08-01,20,14.6,S2,volume_expansion_only,2442,2025-07-31
early_watch,0.771397616468039,0.011917659804983716,0.771397616468039,0.011917659804983716,-0.19999999999999996,0,0,奇鋐,2025-08-01,1,36.6,S2,ma_alignment_only,3017,2025-07-31
early_watch,0.3471971066907775,-0.04339963833634719,0.7070524412296564,-0.04339963833634719,-0.24258474576271183,0,0,緯穎,2025-08-01,2,36.6,S2,ma_alignment_only,6669,2025-07-31
early_watch,2.051813471502591,0.20725388601036276,2.1139896373056994,0.20725388601036276,-0.3729674796747967,1,0,沛爾生醫-創,2025-08-01,3,36.6,S2,ma_alignment_only,6949,2025-07-31
early_watch,0.19283746556473824,-0.008264462809917328,0.443526170798898,-0.008264462809917328,-0.18129770992366412,0,0,鴻海,2025-08-01,4,35.2,S2,ma_alignment_only,2317,2025-08-01
early_watch,1.0669457035295449,-0.025104618872233364,1.2594142620041064,-0.025104618872233364,-0.31417116117544075,0,0,台玻,2025-08-01,5,33.6,S2,ma_alignment_only,1802,2025-07-31
early_watch,-0.15608465608465605,-0.17328042328042326,0.03835978835978837,-0.17328042328042326,-0.20382165605095537,0,0,健喬,2025-08-01,6,32.6,S2,ma_alignment_only,4114,2025-08-01
early_watch,1.1428571428571428,0.04585537918871263,1.257495590828924,0.04585537918871263,-0.172093023255814,0,0,台達電,2025-08-01,7,32.6,S2,ma_alignment_only,2308,2025-07-31
early_watch,0.32847533632286985,-0.007847533632286963,0.4181614349775784,-0.007847533632286963,-0.21130434782608698,0,0,智邦,2025-08-01,8,32.6,S2,ma_alignment_only,2345,2025-07-31
early_watch,1.4872881355932202,-0.016949152542372836,1.6355932203389831,-0.016949152542372836,-0.1227678571428571,0,0,京元電子,2025-08-01,9,32.6,S2,ma_alignment_only,2449,2025-07-31
early_watch,0.6787330316742082,0.0,0.7194570135746607,0.0,-0.1784386617100372,0,0,台光電,2025-08-01,10,30.6,S2,ma_alignment_only,2383,2025-07-31
early_watch,1.0160213618157545,-0.03337783711615483,1.0160213618157545,-0.03337783711615483,-0.20990099009900987,0,0,金像電,2025-08-01,11,29.6,S2,ma_alignment_only,2368,2025-07-31
early_watch,-0.19890710382513666,-0.19890710382513666,0.2896174863387979,-0.19890710382513666,-0.378813559322034,0,0,英濟,2025-08-01,12,27.6,S2,ma_alignment_only,3294,2025-08-01
early_watch,0.10703363914373099,-0.08868501529051986,0.33333333333333326,-0.08868501529051986,-0.1880108991825613,0,0,世禾,2025-08-01,13,27.6,S2,ma_alignment_only,3551,2025-08-01
early_watch,-0.1457800511508952,-0.20204603580562663,0.10741687979539627,-0.20204603580562663,-0.27944572748267893,0,0,永捷,2025-08-01,14,27.6,S2,ma_alignment_only,4714,2025-08-01
early_watch,-0.07416267942583732,-0.09090909090909094,0.009569377990430672,-0.09090909090909094,-0.09952606635071093,0,0,全家,2025-08-01,15,27.6,S2,ma_alignment_only,5903,2025-08-01
early_watch,-0.032128514056224855,-0.10240963855421692,0.20883534136546178,-0.10240963855421692,-0.25747508305647837,0,0,信紘科,2025-08-01,16,27.6,S2,ma_alignment_only,6667,2025-08-01
early_watch,0.1651031894934334,-0.024390243902439046,0.6172607879924954,-0.024390243902439046,-0.2888631090487239,0,0,川湖,2025-08-01,17,27.6,S2,ma_alignment_only,2059,2025-07-31
early_watch,0.5789473684210527,-0.013157894736842146,0.5964912280701755,-0.013157894736842146,-0.08940397350993379,0,0,台積電,2025-08-01,18,27.6,S2,ma_alignment_only,2330,2025-08-01
early_watch,0.04471544715447151,-0.1097560975609756,0.28861788617886175,-0.1097560975609756,-0.19242902208201895,0,0,緯創,2025-08-01,19,27.6,S2,ma_alignment_only,3231,2025-07-31
early_watch,0.3595934453513332,-0.04066069977546116,0.9567980428421057,-0.04066069977546116,-0.40779222760881695,0,0,昇貿,2025-08-01,20,27.6,S2,ma_alignment_only,3305,2025-07-31
early_watch,-0.4810256566756811,-0.5292307535807292,0.5487179487179488,-0.5292307535807292,-0.6960264799610669,0,0,銘旺科,2025-09-01,1,36.6,S2,radar_model,2429,2025-09-01
early_watch,0.8170347003154574,-0.04731861198738174,1.0630914826498423,-0.04731861198738174,-0.16819571865443428,0,0,京元電子,2025-09-01,2,36.6,S2,radar_model,2449,2025-09-01
early_watch,0.5059445178335535,-0.0779392338177014,0.6221928665785998,-0.0779392338177014,-0.18566775244299671,0,0,亞翔,2025-09-01,3,34.6,S2,radar_model,6139,2025-09-01
early_watch,-0.0021786990303688247,-0.20697167067944,0.06971670679439956,-0.20697167067944,-0.25865575036496014,0,0,宏齊,2025-09-01,4,34.6,S2,radar_model,6168,2025-09-01
early_watch,3.079470198675497,0.01655629139072845,3.19205298013245,0.01655629139072845,-0.18631178707224338,1,0,穎崴,2025-09-01,5,33.6,S2,radar_model,6515,2025-09-01
early_watch,0.053811659192825045,-0.008968609865470878,0.08968609865470856,-0.008968609865470878,-0.07531380753138073,0,0,新產,2025-09-01,6,33.2,S2,radar_model,2850,2025-09-01
early_watch,1.1634615384615383,-0.012820512820512775,1.4935897435897436,-0.012820512820512775,-0.1773778920308483,0,0,日月光投控,2025-09-01,7,33.2,S2,radar_model,3711,2025-09-01
early_watch,-0.17039106145251393,-0.24581005586592175,-0.025139664804469275,-0.24581005586592175,-0.24581005586592175,0,0,寬宏藝術,2025-09-01,8,32.6,S2,radar_model,6596,2025-09-01
early_watch,-0.05229792895183605,-0.3882725925904431,0.07765454270000527,-0.3882725925904431,-0.4323529636158663,0,0,GIS-KY,2025-09-01,9,31.6,S2,radar_model,6456,2025-09-01
early_watch,1.0170454545454546,-0.16761363636363635,1.258522727272727,-0.16761363636363635,-0.18611111111111112,0,0,汎銓,2025-09-01,10,29.6,S2,radar_model,6830,2025-09-01
early_watch,-0.1244635193133048,-0.15021459227467815,0.296137339055794,-0.15021459227467815,-0.3443708609271523,0,0,東友,2025-09-01,11,29.2,S2,radar_model,5438,2025-09-01
early_watch,0.11378849193112339,-0.1378848171774344,0.25167341124235754,-0.1378848171774344,-0.2231604301505936,0,0,松翰,2025-09-01,12,29.2,S2,radar_model,5471,2025-09-01
early_watch,-0.11052631578947358,-0.22894736842105257,0.07017543859649122,-0.22894736842105257,-0.27950819672131144,0,0,佰研,2025-09-01,13,27.6,S2,radar_model,3205,2025-09-01
early_watch,-0.3309222423146474,-0.36528028933092216,0.06690777576853524,-0.36528028933092216,-0.4050847457627118,0,0,英濟,2025-09-01,14,27.6,S2,radar_model,3294,2025-09-01
early_watch,0.2652329749103943,-0.24014336917562717,0.3369175627240144,-0.24014336917562717,-0.24014336917562717,0,0,安可,2025-09-01,15,27.6,S2,radar_model,3615,2025-09-01
early_watch,-0.018867924528301883,-0.09245283018867922,0.07169811320754715,-0.09245283018867922,-0.10760667903525045,0,0,金洲,2025-09-01,16,27.6,S2,radar_model,4417,2025-09-01
early_watch,-0.2695214105793451,-0.3249370277078085,0.06045340050377823,-0.3249370277078085,-0.36342042755344417,0,0,聰泰,2025-09-01,17,27.6,S2,radar_model,5474,2025-09-01
early_watch,0.5746268656716416,-0.019900497512437942,0.9427860696517409,-0.019900497512437942,-0.2445582586427656,0,0,信昌電,2025-09-01,18,27.6,S2,radar_model,6173,2025-09-01
early_watch,-0.14873417721519,-0.21202531645569633,0.129746835443038,-0.21202531645569633,-0.3025210084033615,0,0,亞通,2025-09-01,19,27.6,S2,radar_model,6179,2025-09-01
early_watch,-0.17711598746081503,-0.28918495297805635,0.05329153605015691,-0.28918495297805635,-0.32514880952380953,0,0,雷科,2025-09-01,20,27.6,S2,radar_model,6207,2025-09-01
early_watch,-0.2788944393693634,-0.2788944393693634,0.052763877614924626,-0.2788944393693634,-0.3150358062585432,0,0,鑽石投資,2025-09-01,1,14.0,S2,random_top_n,6901,2025-09-01
early_watch,-0.05150212296902845,-0.14163092002528288,0.1502145889955755,-0.14163092002528288,-0.25373135744671116,0,0,冠德,2025-09-01,2,11.0,S2,random_top_n,2520,2025-09-01
early_watch,0.14554794140259353,-0.010274011526394844,0.3886985677249186,-0.010274011526394844,-0.19605427651090002,0,0,華榮,2025-09-01,3,24.6,S2,random_top_n,1608,2025-09-01
early_watch,-0.0851063829787233,-0.1656534954407295,0.23100303951367795,-0.1656534954407295,-0.31481481481481477,0,0,東研信超,2025-09-01,4,24.6,S2,random_top_n,6840,2025-09-01
early_watch,-0.019125600476107563,-0.08469941539240833,0.10519132375211981,-0.08469941539240833,-0.17181707371701926,0,0,宏泰,2025-09-01,5,13.0,S2,random_top_n,1612,2025-09-01
early_watch,0.03677758318739044,-0.008756567425569184,0.08406304728546399,-0.008756567425569184,-0.06300484652665594,0,0,崑鼎,2025-09-01,6,14.0,S2,random_top_n,6803,2025-09-01
early_watch,0.013029315960912058,-0.061889250814332275,0.2019543973941369,-0.061889250814332275,-0.2195121951219512,0,0,智原,2025-09-01,7,11.0,S2,random_top_n,3035,2025-09-01
early_watch,-0.4507575757575758,-0.4712121212121212,0.18181818181818188,-0.4712121212121212,-0.5525641025641026,0,0,生合,2025-09-01,8,14.6,S2,random_top_n,1295,2025-09-01
early_watch,-0.18055555555555558,-0.21875,0.003472222222222321,-0.21875,-0.22145328719723179,0,0,叡揚,2025-09-01,9,9.0,S2,random_top_n,6752,2025-09-01
early_watch,0.0761750519420179,-0.040518638072718494,0.2852512491278594,-0.040518638072718494,-0.21941993513571756,0,0,合勤控,2025-09-01,10,22.6,S2,random_top_n,3704,2025-09-01
early_watch,-0.08695652173913049,-0.10724637681159421,0.05942028985507242,-0.10724637681159421,-0.1573187414500683,0,0,健喬,2025-09-01,11,9.0,S2,random_top_n,4114,2025-09-01
early_watch,-0.2975970227027378,-0.40110901220491624,0.057301337823535414,-0.40110901220491624,-0.433566414445378,0,0,華經,2025-09-01,12,11.0,S2,random_top_n,2468,2025-09-01
early_watch,-0.027200000000000002,-0.12320000000000009,0.04159999999999986,-0.12320000000000009,-0.15821812596006146,0,0,友輝,2025-09-01,13,9.0,S2,random_top_n,4933,2025-09-01
early_watch,-0.019744483159117143,-0.17537746806039478,0.03135888501742157,-0.17537746806039478,-0.2004504504504504,0,0,磐儀,2025-09-01,14,22.6,S2,random_top_n,3594,2025-09-01
early_watch,-0.42210382945834246,-0.42210382945834246,0.0386152008628633,-0.42210382945834246,-0.44358972402719354,0,0,北極星藥業-KY,2025-09-01,15,14.0,S2,random_top_n,6550,2025-09-01
early_watch,0.17894736842105252,-0.1473684210526316,0.6421052631578947,-0.1473684210526316,-0.28525641025641024,0,0,太景*-KY,2025-09-01,16,10.0,S2,random_top_n,4157,2025-09-01
early_watch,-0.15134099616858243,-0.28065134099616873,0.1877394636015326,-0.28065134099616873,-0.39435483870967747,0,0,長園科,2025-09-01,17,24.6,S2,random_top_n,8038,2025-09-01
early_watch,-0.1514195583596215,-0.2626182965299685,0.01735015772870674,-0.2626182965299685,-0.27519379844961245,0,0,公準,2025-09-01,18,7.0,S2,random_top_n,3178,2025-09-01
early_watch,-0.17605634039296347,-0.2183098217911763,0.12147890173521048,-0.2183098217911763,-0.302982715948243,0,0,揚智,2025-09-01,19,22.6,S2,random_top_n,3041,2025-09-01
early_watch,-0.006622541651882585,-0.006622541651882585,0.08609266253104653,-0.006622541651882585,-0.08536583238382645,0,0,臺企銀,2025-09-01,20,1.0,S2,random_top_n,2834,2025-09-01
early_watch,-0.07134363981999714,-0.18430440286832583,0.11652798132658027,-0.18430440286832583,-0.26943559787680205,0,0,益登,2025-09-01,1,0.0,S2,breakout_120d_only,3048,2025-09-01
early_watch,-0.04207119741100329,-0.1456310679611651,0.09385113268608425,-0.1456310679611651,-0.1775147928994083,0,0,勝一,2025-09-01,2,9.6,S2,breakout_120d_only,1773,2025-09-01
early_watch,0.2652329749103943,-0.24014336917562717,0.3369175627240144,-0.24014336917562717,-0.24014336917562717,0,0,安可,2025-09-01,3,27.6,S2,breakout_120d_only,3615,2025-09-01
early_watch,1.8468653648509763,-0.12435765673175736,1.8468653648509763,-0.12435765673175736,-0.20328719723183397,0,0,中探針,2025-09-01,4,16.6,S2,breakout_120d_only,6217,2025-09-01
early_watch,0.014598540145985384,-0.13138686131386856,0.1551094890510949,-0.13138686131386856,-0.20221169036334918,0,0,群翊,2025-09-01,5,14.6,S2,breakout_120d_only,6664,2025-09-01
early_watch,-0.19834710743801642,-0.2644628099173554,0.01377410468319562,-0.2644628099173554,-0.2744565217391304,0,0,普誠,2025-09-01,6,22.6,S2,breakout_120d_only,6129,2025-09-01
early_watch,0.09762524536353268,-0.015831194318255193,0.2480210378029437,-0.015831194318255193,-0.1458773323990954,0,0,東森,2025-09-01,7,27.6,S2,breakout_120d_only,2614,2025-09-01
early_watch,-0.34320557491289194,-0.4076655052264808,0.06968641114982588,-0.4076655052264808,-0.44625407166123776,0,0,邦泰,2025-09-01,8,18.6,S2,breakout_120d_only,8935,2025-09-01
early_watch,-0.301038062283737,-0.356401384083045,-0.01211072664359858,-0.356401384083045,-0.356401384083045,0,0,銳澤,2025-09-01,9,4.6,S2,breakout_120d_only,7703,2025-09-01
early_watch,-0.23938679245283023,-0.28301886792452835,0.034198113207547065,-0.28301886792452835,-0.30672748004561,0,0,南寶,2025-09-01,10,14.6,S2,breakout_120d_only,4766,2025-09-01
early_watch,1.0170454545454546,-0.16761363636363635,1.258522727272727,-0.16761363636363635,-0.18611111111111112,0,0,汎銓,2025-09-01,11,29.6,S2,breakout_120d_only,6830,2025-09-01
early_watch,-0.0021786990303688247,-0.20697167067944,0.06971670679439956,-0.20697167067944,-0.25865575036496014,0,0,宏齊,2025-09-01,12,34.6,S2,breakout_120d_only,6168,2025-09-01
early_watch,0.8170347003154574,-0.04731861198738174,1.0630914826498423,-0.04731861198738174,-0.16819571865443428,0,0,京元電子,2025-09-01,13,36.6,S2,breakout_120d_only,2449,2025-09-01
early_watch,0.5059445178335535,-0.0779392338177014,0.6221928665785998,-0.0779392338177014,-0.18566775244299671,0,0,亞翔,2025-09-01,14,34.6,S2,breakout_120d_only,6139,2025-09-01
early_watch,3.079470198675497,0.01655629139072845,3.19205298013245,0.01655629139072845,-0.18631178707224338,1,0,穎崴,2025-09-01,15,33.6,S2,breakout_120d_only,6515,2025-09-01
early_watch,-0.4810256566756811,-0.5292307535807292,0.5487179487179488,-0.5292307535807292,-0.6960264799610669,0,0,銘旺科,2025-09-01,16,36.6,S2,breakout_120d_only,2429,2025-09-01
early_watch,-0.3007135575942915,-0.3700305810397554,0.004077471967380175,-0.3700305810397554,-0.3725888324873097,0,0,聖暉*,2025-09-01,17,1.6,S2,breakout_120d_only,5536,2025-09-01
early_watch,-0.41426611976432814,-0.4458161772254938,0.021947852409208934,-0.4458161772254938,-0.457718100323773,0,0,宏達電,2025-09-01,18,10.6,S2,breakout_120d_only,2498,2025-09-01
early_watch,0.5374149659863945,-0.08390022675736963,0.5850340136054422,-0.08390022675736963,-0.23856209150326801,0,0,健策,2025-09-01,19,25.6,S2,breakout_120d_only,3653,2025-09-01
early_watch,-0.05229792895183605,-0.3882725925904431,0.07765454270000527,-0.3882725925904431,-0.4323529636158663,0,0,GIS-KY,2025-09-01,20,31.6,S2,breakout_120d_only,6456,2025-09-01
early_watch,0.2386364438598545,-0.037337650877163675,0.3538961622039043,-0.037337650877163675,-0.13469389831127765,0,0,東和鋼鐵,2025-09-01,1,12.0,S2,volume_expansion_only,2006,2025-09-01
early_watch,0.12555066079295152,-0.3436123348017621,0.12555066079295152,-0.3436123348017621,-0.397979797979798,0,0,力旺,2025-09-01,2,23.6,S2,volume_expansion_only,3529,2025-09-01
early_watch,-0.22461538224530653,-0.274086549682377,0.03990380801040172,-0.274086549682377,-0.30194173275845726,0,0,裕融,2025-09-01,3,16.0,S2,volume_expansion_only,9941,2025-09-01
early_watch,0.5059445178335535,-0.0779392338177014,0.6221928665785998,-0.0779392338177014,-0.18566775244299671,0,0,亞翔,2025-09-01,4,34.6,S2,volume_expansion_only,6139,2025-09-01
early_watch,-0.09999999999999998,-0.22869567871093754,0.0,-0.22869567871093754,-0.22869567871093754,0,0,飛捷,2025-09-01,5,22.6,S2,volume_expansion_only,6206,2025-09-01
early_watch,-0.25311203319502074,-0.2589211364999352,-0.016597510373444035,-0.2589211364999352,-0.2589211364999352,0,0,劍麟,2025-09-01,6,14.6,S2,volume_expansion_only,2228,2025-09-01
early_watch,0.8170347003154574,-0.04731861198738174,1.0630914826498423,-0.04731861198738174,-0.16819571865443428,0,0,京元電子,2025-09-01,7,36.6,S2,volume_expansion_only,2449,2025-09-01
early_watch,3.079470198675497,0.01655629139072845,3.19205298013245,0.01655629139072845,-0.18631178707224338,1,0,穎崴,2025-09-01,8,33.6,S2,volume_expansion_only,6515,2025-09-01
early_watch,0.08992805755395694,-0.1294964028776978,0.3309352517985611,-0.1294964028776978,-0.24864864864864866,0,0,新門,2025-09-01,9,12.6,S2,volume_expansion_only,5432,2025-09-01
early_watch,-0.0021786990303688247,-0.20697167067944,0.06971670679439956,-0.20697167067944,-0.25865575036496014,0,0,宏齊,2025-09-01,10,34.6,S2,volume_expansion_only,6168,2025-09-01
early_watch,-0.09586470330224428,-0.14097744158726966,-0.035714313884042226,-0.14097744158726966,-0.14097744158726966,0,0,台肥,2025-09-01,11,19.0,S2,volume_expansion_only,1722,2025-09-01
early_watch,-0.019417456850636006,-0.024271844210729476,0.20388343581628465,-0.024271844210729476,-0.18951608871694037,0,0,聯上發,2025-09-01,12,14.0,S2,volume_expansion_only,2537,2025-09-01
early_watch,-0.3007135575942915,-0.3700305810397554,0.004077471967380175,-0.3700305810397554,-0.3725888324873097,0,0,聖暉*,2025-09-01,13,1.6,S2,volume_expansion_only,5536,2025-09-01
early_watch,0.09590966538810641,-0.19746120872634843,0.09590966538810641,-0.19746120872634843,-0.2591145929052594,0,0,盟立,2025-09-01,14,12.6,S2,volume_expansion_only,2464,2025-09-01
early_watch,-0.047505939964092914,-0.047505939964092914,0.3301663189946016,-0.047505939964092914,-0.28392859867640907,0,0,百和興業-KY,2025-09-01,15,12.6,S2,volume_expansion_only,8404,2025-09-01
early_watch,0.2097054095117128,-0.034662044602339015,0.4055458821798039,-0.034662044602339015,-0.21331688733115028,0,0,佳龍,2025-09-01,16,22.6,S2,volume_expansion_only,9955,2025-09-01
early_watch,-0.28680981595092025,-0.28680981595092025,0.08895705521472386,-0.28680981595092025,-0.34507042253521125,0,0,網家,2025-09-01,17,14.0,S2,volume_expansion_only,8044,2025-09-01
early_watch,0.9447396386822529,-0.006376195536663132,0.9925611052072263,-0.006376195536663132,-0.19999999999999996,0,0,奇鋐,2025-09-01,18,20.0,S2,volume_expansion_only,3017,2025-09-01
early_watch,-0.11980830962960021,-0.1773162738767453,-0.007987220641973325,-0.1773162738767453,-0.1773162738767453,0,0,時碩工業,2025-09-01,19,25.6,S2,volume_expansion_only,4566,2025-09-01
early_watch,-0.26677849191700187,-0.34983219811950783,0.04530202738363864,-0.34983219811950783,-0.37800962320158915,0,0,澤米,2025-09-01,20,14.6,S2,volume_expansion_only,6742,2025-09-01
early_watch,-0.4810256566756811,-0.5292307535807292,0.5487179487179488,-0.5292307535807292,-0.6960264799610669,0,0,銘旺科,2025-09-01,1,36.6,S2,ma_alignment_only,2429,2025-09-01
early_watch,0.8170347003154574,-0.04731861198738174,1.0630914826498423,-0.04731861198738174,-0.16819571865443428,0,0,京元電子,2025-09-01,2,36.6,S2,ma_alignment_only,2449,2025-09-01
early_watch,0.5059445178335535,-0.0779392338177014,0.6221928665785998,-0.0779392338177014,-0.18566775244299671,0,0,亞翔,2025-09-01,3,34.6,S2,ma_alignment_only,6139,2025-09-01
early_watch,3.079470198675497,0.01655629139072845,3.19205298013245,0.01655629139072845,-0.18631178707224338,1,0,穎崴,2025-09-01,4,33.6,S2,ma_alignment_only,6515,2025-09-01
early_watch,-0.17039106145251393,-0.24581005586592175,-0.025139664804469275,-0.24581005586592175,-0.24581005586592175,0,0,寬宏藝術,2025-09-01,5,32.6,S2,ma_alignment_only,6596,2025-09-01
early_watch,1.0170454545454546,-0.16761363636363635,1.258522727272727,-0.16761363636363635,-0.18611111111111112,0,0,汎銓,2025-09-01,6,29.6,S2,ma_alignment_only,6830,2025-09-01
early_watch,-0.11052631578947358,-0.22894736842105257,0.07017543859649122,-0.22894736842105257,-0.27950819672131144,0,0,佰研,2025-09-01,7,27.6,S2,ma_alignment_only,3205,2025-09-01
early_watch,-0.3309222423146474,-0.36528028933092216,0.06690777576853524,-0.36528028933092216,-0.4050847457627118,0,0,英濟,2025-09-01,8,27.6,S2,ma_alignment_only,3294,2025-09-01
early_watch,0.2652329749103943,-0.24014336917562717,0.3369175627240144,-0.24014336917562717,-0.24014336917562717,0,0,安可,2025-09-01,9,27.6,S2,ma_alignment_only,3615,2025-09-01
early_watch,-0.018867924528301883,-0.09245283018867922,0.07169811320754715,-0.09245283018867922,-0.10760667903525045,0,0,金洲,2025-09-01,10,27.6,S2,ma_alignment_only,4417,2025-09-01
early_watch,-0.2695214105793451,-0.3249370277078085,0.06045340050377823,-0.3249370277078085,-0.36342042755344417,0,0,聰泰,2025-09-01,11,27.6,S2,ma_alignment_only,5474,2025-09-01
early_watch,0.5746268656716416,-0.019900497512437942,0.9427860696517409,-0.019900497512437942,-0.2445582586427656,0,0,信昌電,2025-09-01,12,27.6,S2,ma_alignment_only,6173,2025-09-01
early_watch,-0.14873417721519,-0.21202531645569633,0.129746835443038,-0.21202531645569633,-0.3025210084033615,0,0,亞通,2025-09-01,13,27.6,S2,ma_alignment_only,6179,2025-09-01
early_watch,-0.17711598746081503,-0.28918495297805635,0.05329153605015691,-0.28918495297805635,-0.32514880952380953,0,0,雷科,2025-09-01,14,27.6,S2,ma_alignment_only,6207,2025-09-01
early_watch,-0.11818181818181817,-0.24318181818181817,-0.015909090909090873,-0.24318181818181817,-0.24318181818181817,0,0,朋億*,2025-09-01,15,27.6,S2,ma_alignment_only,6613,2025-09-01
early_watch,-0.14827586206896548,-0.22931034482758617,-0.005172413793103403,-0.22931034482758617,-0.22931034482758617,0,0,信紘科,2025-09-01,16,27.6,S2,ma_alignment_only,6667,2025-09-01
early_watch,-0.01871921182266012,-0.05714285714285716,0.13300492610837433,-0.05714285714285716,-0.14933333333333332,0,0,博大,2025-09-01,17,27.6,S2,ma_alignment_only,8109,2025-09-01
early_watch,-0.08704664793656902,-0.10155443576951106,0.04455961711666134,-0.10155443576951106,-0.13988100869675257,0,0,聯華,2025-09-01,18,27.6,S2,ma_alignment_only,1229,2025-09-01
early_watch,0.13043484623647417,-0.04092067868442695,0.5038363563102999,-0.04092067868442695,-0.36054423534035507,0,0,台船,2025-09-01,19,27.6,S2,ma_alignment_only,2208,2025-09-01
early_watch,-0.021008403361344574,-0.23739495798319332,0.21638655462184864,-0.23739495798319332,-0.2849740932642487,0,0,宇隆,2025-09-01,20,27.6,S2,ma_alignment_only,2233,2025-09-01
early_watch,-0.11287761711575173,-0.13831479414766024,0.29888704238947295,-0.13831479414766024,-0.33659727310301213,0,0,艾姆勒,2025-10-01,1,36.6,S2,radar_model,2241,2025-10-01
early_watch,0.18067978533094808,-0.18872987477638636,0.3935599284436493,-0.18872987477638636,-0.22978177150192558,0,0,藥華藥,2025-10-01,2,36.6,S2,radar_model,6446,2025-10-01
early_watch,0.17403312442772956,0.0027623887296563954,0.17403312442772956,0.0027623887296563954,-0.09629633397231863,0,0,聯邦銀,2025-10-01,3,32.6,S2,radar_model,2838,2025-10-01
early_watch,0.09644667740849222,-0.14974622582193653,0.4340100967480771,-0.14974622582193653,-0.29026551373237,0,0,神隆,2025-10-01,4,30.6,S2,radar_model,1789,2025-10-01
early_watch,0.0034602076124568004,-0.3391003460207611,0.02076124567474058,-0.3391003460207611,-0.3391003460207611,0,0,駿吉-KY,2025-10-01,5,27.6,S2,radar_model,1591,2025-10-01
early_watch,1.17,-0.0040000000000000036,1.17,-0.0040000000000000036,-0.2544910179640719,0,0,博磊,2025-10-01,6,27.6,S2,radar_model,3581,2025-10-01
early_watch,0.7423076923076923,0.01538461538461533,0.8538461538461539,0.01538461538461533,-0.20906801007556675,0,0,良維,2025-10-01,7,27.6,S2,radar_model,6290,2025-10-01
early_watch,-0.44059040590405907,-0.4464944649446495,0.2140221402214022,-0.4464944649446495,-0.5440729483282675,0,0,商丞,2025-10-01,8,27.6,S2,radar_model,8277,2025-10-01
early_watch,0.28832630098452894,-0.11533052039381153,0.4978902953586499,-0.11533052039381153,-0.16901408450704225,0,0,金益鼎,2025-10-01,9,27.6,S2,radar_model,8390,2025-10-01
early_watch,0.04298358522713852,-0.05815421697670531,0.38811637382876496,-0.05815421697670531,-0.2768670371671017,0,0,第一銅,2025-10-01,10,27.6,S2,radar_model,2009,2025-10-01
early_watch,0.06012654815137686,0.0179324566826653,0.27637126692852343,0.0179324566826653,-0.20165290517255297,0,0,長榮鋼,2025-10-01,11,27.6,S2,radar_model,2211,2025-10-01
early_watch,-0.07401576004629062,-0.1543306966466228,0.13228348859651828,-0.1543306966466228,-0.25312935155347305,0,0,仁寶,2025-10-01,12,27.6,S2,radar_model,2324,2025-10-01
early_watch,2.382838283828383,0.0264026402640265,2.382838283828383,0.0264026402640265,-0.1815181518151815,1,0,致茂,2025-10-01,13,27.6,S2,radar_model,2360,2025-10-01
early_watch,0.11169284467713791,-0.0924956369982548,0.12739965095986028,-0.0924956369982548,-0.15993537964458804,0,0,廣達,2025-10-01,14,27.6,S2,radar_model,2382,2025-10-01
early_watch,0.47029702970297027,-0.06237626783918626,0.5594059405940595,-0.06237626783918626,-0.2761904761904762,0,0,華新科,2025-10-01,15,27.6,S2,radar_model,2492,2025-10-01
early_watch,0.4285713820932422,0.0021321635579460985,0.44562901590411497,0.0021321635579460985,-0.09147289187409158,0,0,統一證,2025-10-01,16,27.6,S2,radar_model,2855,2025-10-01
early_watch,0.6433566433566433,-0.0874125874125874,0.7902097902097902,-0.0874125874125874,-0.17405063291139244,0,0,文曄,2025-10-01,17,27.6,S2,radar_model,3036,2025-10-01
early_watch,-0.09010985657408999,-0.18901095547518887,0.17582417582417587,-0.18901095547518887,-0.3102803453106746,0,0,神達,2025-10-01,18,27.6,S2,radar_model,3706,2025-10-01
early_watch,0.6010499328873575,-0.10104983276406565,0.6666667334155278,-0.10104983276406565,-0.2303370786516854,0,0,乙盛-KY,2025-10-01,19,27.6,S2,radar_model,5243,2025-10-01
early_watch,0.06554621848739495,-0.1546218487394958,0.09411764705882364,-0.1546218487394958,-0.22376543209876543,0,0,jpp-KY,2025-10-01,20,27.6,S2,radar_model,5284,2025-10-01
early_watch,-0.15625,-0.1640625,0.06093750000000009,-0.1640625,-0.21207658321060385,0,0,常珵,2025-10-01,1,0.0,S2,random_top_n,8097,2025-10-01
early_watch,4.1459293394777275,-0.17050691244239624,4.1459293394777275,-0.17050691244239624,-0.2128279883381924,1,1,德宏,2025-10-01,2,9.6,S2,random_top_n,5475,2025-10-01
early_watch,0.11591696974700838,-0.194636680769827,0.14359860461276108,-0.194636680769827,-0.1960276682159564,0,0,泰碩,2025-10-01,3,11.0,S2,random_top_n,3338,2025-10-01
early_watch,0.7471264076622113,-0.07918268628340153,0.7471264076622113,-0.07918268628340153,-0.14253391693022166,0,0,TPK-KY,2025-10-01,4,22.6,S2,random_top_n,3673,2025-10-01
early_watch,0.07116103236849125,-0.23220975976694624,0.1235954735117859,-0.23220975976694624,-0.2435424460725334,0,0,凌巨,2025-10-01,5,21.6,S2,random_top_n,8105,2025-10-01
early_watch,0.06293706293706292,-0.027972027972028024,0.08391608391608396,-0.027972027972028024,-0.10322580645161294,0,0,阜爾運通,2025-10-01,6,13.0,S2,random_top_n,6914,2025-10-01
early_watch,-0.5,-0.5141666666666667,-0.01666666666666672,-0.5141666666666667,-0.5141666666666667,0,0,生合,2025-10-01,7,9.0,S2,random_top_n,1295,2025-10-01
early_watch,-0.17699114745501043,-0.1991150408868867,0.08407077816193875,-0.1991150408868867,-0.2612244742257255,0,0,立德,2025-10-01,8,1.0,S2,random_top_n,3058,2025-10-01
early_watch,1.0669746322627365,-0.04272513872327455,1.095842993048529,-0.04272513872327455,-0.19291338582677164,0,0,立隆電,2025-10-01,9,4.0,S2,random_top_n,2472,2025-10-01
early_watch,0.024096385542168752,-0.18291347207009856,0.25958378970427165,-0.18291347207009856,-0.2860869565217391,0,0,漢唐,2025-10-01,10,3.0,S2,random_top_n,2404,2025-10-01
early_watch,0.08409321175278617,-0.03039513677811545,0.16514690982776092,-0.03039513677811545,-0.13478260869565217,0,0,博大,2025-10-01,11,12.0,S2,random_top_n,8109,2025-10-01
early_watch,-0.05747126436781613,-0.09885055717380564,0.08735630430024255,-0.09885055717380564,-0.15221989173518002,0,0,東森,2025-10-01,12,24.6,S2,random_top_n,2614,2025-10-01
early_watch,0.033726813250109844,-0.1998313427753846,0.08768972731604396,-0.1998313427753846,-0.21957234607962994,0,0,揚明光,2025-10-01,13,15.0,S2,random_top_n,3504,2025-10-01
early_watch,0.08605341246290799,-0.12166172106824924,0.21364985163204753,-0.12166172106824924,-0.2762836185819071,0,0,興勤,2025-10-01,14,24.6,S2,random_top_n,2428,2025-10-01
early_watch,0.03779527559055129,-0.17795275590551174,0.4409448818897639,-0.17795275590551174,-0.42950819672131146,0,0,元創精密,2025-10-01,15,0.0,S2,random_top_n,3685,2025-10-01
early_watch,-0.1169724770642202,-0.19495412844036697,0.21788990825688082,-0.19495412844036697,-0.3220338983050848,0,0,騰雲,2025-10-01,16,24.6,S2,random_top_n,6870,2025-10-01
early_watch,-0.12022082440942383,-0.2674500761818177,0.0625904328561504,-0.2674500761818177,-0.3105999252702173,0,0,豐達科,2025-10-01,17,14.0,S2,random_top_n,3004,2025-10-01
early_watch,-0.06213593714445542,-0.13009710219299908,0.08155341287261075,-0.13009710219299908,-0.1956912275866849,0,0,遠雄港,2025-10-01,18,21.6,S2,random_top_n,5607,2025-10-01
early_watch,0.007312614259597838,-0.1627056672760513,0.2522851919561242,-0.1627056672760513,-0.33138686131386863,0,0,越峰,2025-10-01,19,4.0,S2,random_top_n,8121,2025-10-01
early_watch,-0.3621700879765396,-0.3709677419354839,0.09384164222873892,-0.3709677419354839,-0.4249329758713136,0,0,康全電訊,2025-10-01,20,11.0,S2,random_top_n,8089,2025-10-01
early_watch,1.6719681908548711,-0.13320079522862815,1.8906560636182905,-0.13320079522862815,-0.3383768913342503,0,0,華電網,2025-10-01,1,25.6,S2,breakout_120d_only,6163,2025-10-01
early_watch,-0.03827160493827153,-0.32098765432098764,0.05432098765432114,-0.32098765432098764,-0.3292682926829268,0,0,奇鈦科,2025-10-01,2,14.6,S2,breakout_120d_only,3430,2025-10-01
early_watch,1.17,-0.0040000000000000036,1.17,-0.0040000000000000036,-0.2544910179640719,0,0,博磊,2025-10-01,3,27.6,S2,breakout_120d_only,3581,2025-10-01
early_watch,-0.0821917808219178,-0.16095890410958902,0.08561643835616439,-0.16095890410958902,-0.2271293375394322,0,0,緯創,2025-10-01,4,14.6,S2,breakout_120d_only,3231,2025-10-01
early_watch,-0.33009708737864074,-0.3572815533980582,0.19999999999999996,-0.3572815533980582,-0.46440129449838186,0,0,昱展新藥,2025-10-01,5,25.6,S2,breakout_120d_only,6785,2025-10-01
early_watch,-0.408333344893022,-0.4242424242424242,0.022727272727272707,-0.4242424242424242,-0.437037037037037,0,0,豐泰,2025-10-01,6,27.6,S2,breakout_120d_only,9910,2025-10-01
early_watch,0.9354838974311295,-0.02508956505956017,1.7526883190618308,-0.02508956505956017,-0.308593797342229,0,0,力積電,2025-10-01,7,13.6,S2,breakout_120d_only,6770,2025-10-01
early_watch,-0.11287761711575173,-0.13831479414766024,0.29888704238947295,-0.13831479414766024,-0.33659727310301213,0,0,艾姆勒,2025-10-01,8,36.6,S2,breakout_120d_only,2241,2025-10-01
early_watch,0.18067978533094808,-0.18872987477638636,0.3935599284436493,-0.18872987477638636,-0.22978177150192558,0,0,藥華藥,2025-10-01,9,36.6,S2,breakout_120d_only,6446,2025-10-01
early_watch,-0.08290155440414504,-0.23056994818652854,0.12435233160621761,-0.23056994818652854,-0.3076923076923077,0,0,國精化,2025-10-01,10,6.6,S2,breakout_120d_only,4722,2025-10-01
early_watch,0.09644667740849222,-0.14974622582193653,0.4340100967480771,-0.14974622582193653,-0.29026551373237,0,0,神隆,2025-10-01,11,30.6,S2,breakout_120d_only,1789,2025-10-01
early_watch,0.17403312442772956,0.0027623887296563954,0.17403312442772956,0.0027623887296563954,-0.09629633397231863,0,0,聯邦銀,2025-10-01,12,32.6,S2,breakout_120d_only,2838,2025-10-01
early_watch,1.2961783439490446,0.06687898089171984,2.343949044585987,0.06687898089171984,-0.36190476190476195,1,0,威剛,2025-10-01,13,21.6,S2,breakout_120d_only,3260,2025-09-30
early_watch,4.1459293394777275,-0.17050691244239624,4.1459293394777275,-0.17050691244239624,-0.2128279883381924,1,1,德宏,2025-10-01,14,9.6,S2,breakout_120d_only,5475,2025-10-01
early_watch,0.025316491606066638,-0.06012656948081674,0.037974646870400086,-0.06012656948081674,-0.09451215079963848,0,0,臺企銀,2025-10-01,15,16.6,S2,breakout_120d_only,2834,2025-10-01
early_watch,0.6684322033898304,-0.35381355932203384,0.7213983050847457,-0.35381355932203384,-0.3893893893893894,0,0,竹陞科技,2025-10-01,16,6.6,S2,breakout_120d_only,6739,2025-10-01
early_watch,2.1981981981981984,-0.09999998625334316,2.1981981981981984,-0.09999998625334316,-0.2148760330578512,1,0,尖點,2025-10-01,17,14.6,S2,breakout_120d_only,8021,2025-10-01
early_watch,0.03779527559055129,-0.17795275590551174,0.4409448818897639,-0.17795275590551174,-0.42950819672131146,0,0,元創精密,2025-10-01,18,0.0,S2,breakout_120d_only,3685,2025-10-01
early_watch,0.4285713820932422,0.0021321635579460985,0.44562901590411497,0.0021321635579460985,-0.09147289187409158,0,0,統一證,2025-10-01,19,27.6,S2,breakout_120d_only,2855,2025-10-01
early_watch,-0.4256120527306968,-0.6355932203389831,0.007532956685499137,-0.6355932203389831,-0.6383177570093458,0,0,永擎,2025-10-01,20,13.6,S2,breakout_120d_only,7711,2025-10-01
early_watch,1.1194379012411524,-0.16393442330042063,1.1522248216361048,-0.16393442330042063,-0.1749539619425282,0,0,光鋐,2025-10-01,1,2.0,S2,volume_expansion_only,4956,2025-10-01
early_watch,-0.10533511776977866,-0.22845413538762704,0.006839945423213756,-0.22845413538762704,-0.23369561555480156,0,0,正新,2025-10-01,2,12.0,S2,volume_expansion_only,2105,2025-10-01
early_watch,-0.0399273504385933,-0.0598910948901471,0.06170601851242874,-0.0598910948901471,-0.11452992757161462,0,0,遠東新,2025-10-01,3,15.0,S2,volume_expansion_only,1402,2025-10-01
early_watch,1.2162162162162162,-0.13990461049284575,1.2893481717011128,-0.13990461049284575,-0.26527777777777783,0,0,鉅橡,2025-10-01,4,22.6,S2,volume_expansion_only,8074,2025-10-01
early_watch,0.06012654815137686,0.0179324566826653,0.27637126692852343,0.0179324566826653,-0.20165290517255297,0,0,長榮鋼,2025-10-01,5,27.6,S2,volume_expansion_only,2211,2025-10-01
early_watch,2.101529902642559,0.09874826147426985,2.101529902642559,0.09874826147426985,-0.3021148036253777,1,0,高力,2025-10-01,6,27.6,S2,volume_expansion_only,8996,2025-10-01
early_watch,0.7033603105649695,-0.23406725218215707,0.7323290233296798,-0.23406725218215707,-0.23406725218215707,0,0,惠特,2025-10-01,7,9.6,S2,volume_expansion_only,6706,2025-10-01
early_watch,-0.0029239766081871066,-0.07017543859649122,0.07017543859649122,-0.07017543859649122,-0.1311475409836066,0,0,安碁資訊,2025-10-01,8,3.0,S2,volume_expansion_only,6690,2025-10-01
early_watch,0.7914110429447854,-0.17382413087934556,0.7914110429447854,-0.17382413087934556,-0.23856209150326801,0,0,健策,2025-10-01,9,14.6,S2,volume_expansion_only,3653,2025-10-01
early_watch,-0.44059040590405907,-0.4464944649446495,0.2140221402214022,-0.4464944649446495,-0.5440729483282675,0,0,商丞,2025-10-01,10,27.6,S2,volume_expansion_only,8277,2025-10-01
early_watch,0.04385964912280693,-0.052631578947368474,0.20175438596491224,-0.052631578947368474,-0.21167883211678828,0,0,緯軟,2025-10-01,11,14.6,S2,volume_expansion_only,4953,2025-10-01
early_watch,-0.2557251908396947,-0.3435114503816794,-0.007633587786259555,-0.3435114503816794,-0.3435114503816794,0,0,新日興,2025-10-01,12,14.6,S2,volume_expansion_only,3376,2025-10-01
early_watch,0.0062893081761006275,-0.2704402515723271,0.1530398322851152,-0.2704402515723271,-0.3176470588235294,0,0,家碩,2025-10-01,13,14.6,S2,volume_expansion_only,6953,2025-10-01
early_watch,0.948798390253508,-0.06060601470551896,1.126436849418707,-0.06060601470551896,-0.16858237547892718,0,0,定穎投控,2025-10-01,14,25.6,S2,volume_expansion_only,3715,2025-10-01
early_watch,0.045098039215686336,-0.10196078431372546,0.19999999999999996,-0.10196078431372546,-0.12908496732026142,0,0,凡甲,2025-10-01,15,14.6,S2,volume_expansion_only,3526,2025-10-01
early_watch,0.18067978533094808,-0.18872987477638636,0.3935599284436493,-0.18872987477638636,-0.22978177150192558,0,0,藥華藥,2025-10-01,16,36.6,S2,volume_expansion_only,6446,2025-10-01
early_watch,0.07317073170731714,-0.04780489293540391,0.13658536585365844,-0.04780489293540391,-0.10300429184549353,0,0,麗豐-KY,2025-10-01,17,16.0,S2,volume_expansion_only,4137,2025-10-01
early_watch,-0.11287761711575173,-0.13831479414766024,0.29888704238947295,-0.13831479414766024,-0.33659727310301213,0,0,艾姆勒,2025-10-01,18,36.6,S2,volume_expansion_only,2241,2025-10-01
early_watch,1.7846153846153845,-0.012499999999999956,1.7846153846153845,-0.012499999999999956,-0.13325232887808824,0,0,信驊,2025-10-01,19,14.6,S2,volume_expansion_only,5274,2025-10-01
early_watch,0.9354838974311295,-0.02508956505956017,1.7526883190618308,-0.02508956505956017,-0.308593797342229,0,0,力積電,2025-10-01,20,13.6,S2,volume_expansion_only,6770,2025-10-01
early_watch,-0.11287761711575173,-0.13831479414766024,0.29888704238947295,-0.13831479414766024,-0.33659727310301213,0,0,艾姆勒,2025-10-01,1,36.6,S2,ma_alignment_only,2241,2025-10-01
early_watch,0.18067978533094808,-0.18872987477638636,0.3935599284436493,-0.18872987477638636,-0.22978177150192558,0,0,藥華藥,2025-10-01,2,36.6,S2,ma_alignment_only,6446,2025-10-01
early_watch,0.17403312442772956,0.0027623887296563954,0.17403312442772956,0.0027623887296563954,-0.09629633397231863,0,0,聯邦銀,2025-10-01,3,32.6,S2,ma_alignment_only,2838,2025-10-01
early_watch,0.0034602076124568004,-0.3391003460207611,0.02076124567474058,-0.3391003460207611,-0.3391003460207611,0,0,駿吉-KY,2025-10-01,4,27.6,S2,ma_alignment_only,1591,2025-10-01
early_watch,1.17,-0.0040000000000000036,1.17,-0.0040000000000000036,-0.2544910179640719,0,0,博磊,2025-10-01,5,27.6,S2,ma_alignment_only,3581,2025-10-01
early_watch,0.7423076923076923,0.01538461538461533,0.8538461538461539,0.01538461538461533,-0.20906801007556675,0,0,良維,2025-10-01,6,27.6,S2,ma_alignment_only,6290,2025-10-01
early_watch,-0.44059040590405907,-0.4464944649446495,0.2140221402214022,-0.4464944649446495,-0.5440729483282675,0,0,商丞,2025-10-01,7,27.6,S2,ma_alignment_only,8277,2025-10-01
early_watch,0.28832630098452894,-0.11533052039381153,0.4978902953586499,-0.11533052039381153,-0.16901408450704225,0,0,金益鼎,2025-10-01,8,27.6,S2,ma_alignment_only,8390,2025-10-01
early_watch,0.04298358522713852,-0.05815421697670531,0.38811637382876496,-0.05815421697670531,-0.2768670371671017,0,0,第一銅,2025-10-01,9,27.6,S2,ma_alignment_only,2009,2025-10-01
early_watch,0.06012654815137686,0.0179324566826653,0.27637126692852343,0.0179324566826653,-0.20165290517255297,0,0,長榮鋼,2025-10-01,10,27.6,S2,ma_alignment_only,2211,2025-10-01
early_watch,-0.07401576004629062,-0.1543306966466228,0.13228348859651828,-0.1543306966466228,-0.25312935155347305,0,0,仁寶,2025-10-01,11,27.6,S2,ma_alignment_only,2324,2025-10-01
early_watch,2.382838283828383,0.0264026402640265,2.382838283828383,0.0264026402640265,-0.1815181518151815,1,0,致茂,2025-10-01,12,27.6,S2,ma_alignment_only,2360,2025-10-01
early_watch,0.11169284467713791,-0.0924956369982548,0.12739965095986028,-0.0924956369982548,-0.15993537964458804,0,0,廣達,2025-10-01,13,27.6,S2,ma_alignment_only,2382,2025-10-01
early_watch,0.47029702970297027,-0.06237626783918626,0.5594059405940595,-0.06237626783918626,-0.2761904761904762,0,0,華新科,2025-10-01,14,27.6,S2,ma_alignment_only,2492,2025-10-01
early_watch,0.4285713820932422,0.0021321635579460985,0.44562901590411497,0.0021321635579460985,-0.09147289187409158,0,0,統一證,2025-10-01,15,27.6,S2,ma_alignment_only,2855,2025-10-01
early_watch,0.6433566433566433,-0.0874125874125874,0.7902097902097902,-0.0874125874125874,-0.17405063291139244,0,0,文曄,2025-10-01,16,27.6,S2,ma_alignment_only,3036,2025-10-01
early_watch,-0.09010985657408999,-0.18901095547518887,0.17582417582417587,-0.18901095547518887,-0.3102803453106746,0,0,神達,2025-10-01,17,27.6,S2,ma_alignment_only,3706,2025-10-01
early_watch,0.6010499328873575,-0.10104983276406565,0.6666667334155278,-0.10104983276406565,-0.2303370786516854,0,0,乙盛-KY,2025-10-01,18,27.6,S2,ma_alignment_only,5243,2025-10-01
early_watch,0.06554621848739495,-0.1546218487394958,0.09411764705882364,-0.1546218487394958,-0.22376543209876543,0,0,jpp-KY,2025-10-01,19,27.6,S2,ma_alignment_only,5284,2025-10-01
early_watch,0.38474295190713104,-0.04975124378109452,0.38474295190713104,-0.04975124378109452,-0.1779053084648493,0,0,崇越,2025-10-01,20,27.6,S2,ma_alignment_only,5434,2025-10-01
early_watch,3.5423728813559325,-0.05932203389830504,4.228813559322034,-0.05932203389830504,-0.20414201183431957,1,1,穩懋,2025-11-03,1,36.6,S2,radar_model,3105,2025-11-03
early_watch,-0.24885496183206102,-0.25343511450381684,-0.003816793893129722,-0.25343511450381684,-0.25343511450381684,0,0,聯合,2025-11-03,2,36.6,S2,radar_model,4129,2025-11-03
early_watch,0.06397774687065372,-0.32267037552155775,0.22809457579972192,-0.32267037552155775,-0.34718498659517427,0,0,高技,2025-11-03,3,36.6,S2,radar_model,5439,2025-11-03
early_watch,-0.15659955257270697,-0.18680089485458617,0.043624161073825496,-0.18680089485458617,-0.22079314040728826,0,0,佳邦,2025-11-03,4,36.6,S2,radar_model,6284,2025-11-03
early_watch,-0.1607142857142857,-0.2785714285714286,0.1071428571428572,-0.2785714285714286,-0.34838709677419355,0,0,泰金-KY,2025-11-03,5,36.6,S2,radar_model,6629,2025-11-03
early_watch,-0.06970129890707577,-0.11379805785793962,0.1536272397372711,-0.11379805785793962,-0.23181257201946315,0,0,華榮,2025-11-03,6,36.6,S2,radar_model,1608,2025-11-03
early_watch,-0.12650602409638556,-0.2620481927710844,0.14156626506024095,-0.2620481927710844,-0.35356200527704484,0,0,建準,2025-11-03,7,36.6,S2,radar_model,2421,2025-11-03
early_watch,-0.2392523221880476,-0.3102803453106746,-0.09626171076409173,-0.3102803453106746,-0.3102803453106746,0,0,神達,2025-11-03,8,36.6,S2,radar_model,3706,2025-11-03
early_watch,0.3307692307692307,-0.08461538461538465,0.4538461538461538,-0.08461538461538465,-0.2566137566137566,0,0,同欣電,2025-11-03,9,36.6,S2,radar_model,6271,2025-11-03
early_watch,-0.1186649974419367,-0.17181707371701926,-0.0074165446576557326,-0.17181707371701926,-0.17181707371701926,0,0,宏泰,2025-11-03,10,35.2,S2,radar_model,1612,2025-11-03
early_watch,0.9306930693069306,-0.14653465346534655,1.0792079207920793,-0.14653465346534655,-0.1987951807228916,0,0,欣銓,2025-11-03,11,34.6,S2,radar_model,3264,2025-11-03
early_watch,3.946778711484594,-0.10364145658263302,3.946778711484594,-0.10364145658263302,-0.2349397590361446,1,0,欣興,2025-11-03,12,34.6,S2,radar_model,3037,2025-11-03
early_watch,0.5720524017467248,-0.2078602886616403,0.6331877729257642,-0.2078602886616403,-0.21594684385382057,0,0,矽格,2025-11-03,13,34.6,S2,radar_model,6257,2025-11-03
early_watch,1.0329670329670328,-0.18681318681318682,1.8649921507064362,-0.18681318681318682,-0.3232876712328767,0,0,倍利科,2025-11-03,14,34.6,S2,radar_model,7822,2025-11-03
early_watch,-0.19914040114613185,-0.21346704871060174,-0.002865329512893977,-0.21346704871060174,-0.21346704871060174,0,0,晶碩,2025-11-03,15,33.2,S2,radar_model,6491,2025-11-03
early_watch,2.223404255319149,-0.07092198581560283,2.354609929078014,-0.07092198581560283,-0.11714770797962648,1,0,台光電,2025-11-03,16,30.6,S2,radar_model,2383,2025-11-03
early_watch,-0.3518193176380705,-0.35633627330179296,-0.032622380990206534,-0.35633627330179296,-0.35633627330179296,0,0,潤隆,2025-11-03,17,29.6,S2,radar_model,1808,2025-11-03
early_watch,-0.08644859813084116,-0.3200934579439252,0.007009345794392496,-0.3200934579439252,-0.32482598607888635,0,0,川湖,2025-11-03,18,29.6,S2,radar_model,2059,2025-11-03
early_watch,0.42763157894736836,-0.0368421052631579,0.6710526315789473,-0.0368421052631579,-0.2018348623853211,0,0,富喬,2025-11-03,19,27.6,S2,radar_model,1815,2025-11-03
early_watch,-0.16331658291457285,-0.24623115577889443,0.03015075376884413,-0.24623115577889443,-0.2682926829268293,0,0,優群,2025-11-03,20,27.6,S2,radar_model,3217,2025-11-03
early_watch,-0.28255208333333326,-0.31380208333333326,0.009114583333333481,-0.31380208333333326,-0.31999999999999995,0,0,撼訊,2025-11-03,1,1.0,S2,random_top_n,6150,2025-11-03
early_watch,1.8098471986417657,-0.05432937181663833,1.9541595925297113,-0.05432937181663833,-0.18571428571428572,0,0,光洋科,2025-11-03,2,12.0,S2,random_top_n,1785,2025-11-03
early_watch,-0.19663865546218495,-0.20672268907563018,0.1075630252100841,-0.20672268907563018,-0.283763277693475,0,0,亞通,2025-11-03,3,11.0,S2,random_top_n,6179,2025-11-03
early_watch,-0.1104129522736178,-0.22800719190276064,-0.021543999039545514,-0.22800719190276064,-0.22800719190276064,0,0,廣宇,2025-11-03,4,22.6,S2,random_top_n,2328,2025-11-03
early_watch,-0.27362637362637365,-0.27362637362637365,0.15934065934065944,-0.27362637362637365,-0.3734597156398105,0,0,中光電,2025-11-03,5,16.0,S2,random_top_n,5371,2025-11-03
early_watch,-0.019417456850636006,-0.04854368842145884,0.14805821264955443,-0.04854368842145884,-0.1585623704222725,0,0,東森,2025-11-03,6,1.0,S2,random_top_n,2614,2025-11-03
early_watch,-0.07919746823327867,-0.08553324957917485,0.1774023610680766,-0.08553324957917485,-0.22331839933523678,0,0,劍麟,2025-11-03,7,11.0,S2,random_top_n,2228,2025-11-03
early_watch,-0.15873015873015872,-0.28253968253968254,0.22222222222222232,-0.28253968253968254,-0.4129870129870129,0,0,安國,2025-11-03,8,9.6,S2,random_top_n,8054,2025-11-03
early_watch,3.2561475409836067,-0.12295081967213117,3.4241803278688527,-0.12295081967213117,-0.21834319526627222,1,0,穎崴,2025-11-03,9,12.6,S2,random_top_n,6515,2025-11-03
early_watch,-0.11155378486055778,-0.12350597609561753,0.019920318725099584,-0.12350597609561753,-0.140625,0,0,宏全,2025-11-03,10,11.0,S2,random_top_n,9939,2025-11-03
early_watch,1.4803150599648407,-0.06299206843306848,1.871391231162053,-0.06299206843306848,-0.1749539619425282,0,0,光鋐,2025-11-03,11,11.0,S2,random_top_n,4956,2025-11-03
early_watch,-0.22784810126582278,-0.2974683544303798,0.05696202531645578,-0.2974683544303798,-0.33532934131736525,0,0,喬山,2025-11-03,12,12.0,S2,random_top_n,1736,2025-11-03
early_watch,0.0046511627906977715,-0.17488374931867734,0.037209302325581506,-0.17488374931867734,-0.20448433230276064,0,0,飛捷,2025-11-03,13,6.0,S2,random_top_n,6206,2025-11-03
early_watch,-0.12129760225669972,-0.12411847672778564,0.17912552891396305,-0.12411847672778564,-0.25717703349282295,0,0,耀勝,2025-11-03,14,10.0,S2,random_top_n,3207,2025-11-03
early_watch,0.736842105263158,-0.012631578947368438,0.736842105263158,-0.012631578947368438,-0.2272727272727273,0,0,鑫聯大投控,2025-11-03,15,6.0,S2,random_top_n,3709,2025-11-03
early_watch,0.03368176538908263,-0.1103368176538908,0.10801393728223019,-0.1103368176538908,-0.1970649895178198,0,0,三聯,2025-11-03,16,19.6,S2,random_top_n,5493,2025-11-03
early_watch,0.30418251832976595,-0.043726222505351076,0.5437262225053512,-0.043726222505351076,-0.15640390918163838,0,0,正文,2025-11-03,17,20.6,S2,random_top_n,4906,2025-11-03
early_watch,0.3307692307692307,-0.08461538461538465,0.4538461538461538,-0.08461538461538465,-0.2566137566137566,0,0,同欣電,2025-11-03,18,36.6,S2,random_top_n,6271,2025-11-03
early_watch,-0.16331658291457285,-0.24623115577889443,0.03015075376884413,-0.24623115577889443,-0.2682926829268293,0,0,優群,2025-11-03,19,27.6,S2,random_top_n,3217,2025-11-03
early_watch,0.4771783365403435,-0.018672230531807554,0.48132780903974015,-0.018672230531807554,-0.09147289187409158,0,0,統一證,2025-11-03,20,24.6,S2,random_top_n,2855,2025-11-03
early_watch,-0.23404254654960932,-0.23404254654960932,0.11783968506457954,-0.23404254654960932,-0.31478774310455804,0,0,青松健康,2025-11-03,1,27.6,S2,breakout_120d_only,6931,2025-11-03
early_watch,-0.2644295302013423,-0.38859060402684564,0.02684563758389258,-0.38859060402684564,-0.4045751633986928,0,0,同致,2025-11-03,2,14.6,S2,breakout_120d_only,3552,2025-11-03
early_watch,-0.16331658291457285,-0.24623115577889443,0.03015075376884413,-0.24623115577889443,-0.2682926829268293,0,0,優群,2025-11-03,3,27.6,S2,breakout_120d_only,3217,2025-11-03
early_watch,0.12977099236641232,-0.13358778625954193,0.3740458015267176,-0.13358778625954193,-0.27314814814814814,0,0,華城,2025-11-03,4,24.6,S2,breakout_120d_only,1519,2025-11-03
early_watch,0.12427409988385607,-0.32752613240418116,0.12427409988385607,-0.32752613240418116,-0.3651315789473685,0,0,濾能,2025-11-03,5,24.6,S2,breakout_120d_only,6823,2025-11-03
early_watch,-0.11891891891891893,-0.12432432432432428,0.002702702702702675,-0.12432432432432428,-0.12668463611859837,0,0,新鼎,2025-11-03,6,27.6,S2,breakout_120d_only,5209,2025-11-03
early_watch,0.5720524017467248,-0.2078602886616403,0.6331877729257642,-0.2078602886616403,-0.21594684385382057,0,0,矽格,2025-11-03,7,34.6,S2,breakout_120d_only,6257,2025-11-03
early_watch,0.9306930693069306,-0.14653465346534655,1.0792079207920793,-0.14653465346534655,-0.1987951807228916,0,0,欣銓,2025-11-03,8,34.6,S2,breakout_120d_only,3264,2025-11-03
early_watch,3.946778711484594,-0.10364145658263302,3.946778711484594,-0.10364145658263302,-0.2349397590361446,1,0,欣興,2025-11-03,9,34.6,S2,breakout_120d_only,3037,2025-11-03
early_watch,-0.06970129890707577,-0.11379805785793962,0.1536272397372711,-0.11379805785793962,-0.23181257201946315,0,0,華榮,2025-11-03,10,36.6,S2,breakout_120d_only,1608,2025-11-03
early_watch,-0.12650602409638556,-0.2620481927710844,0.14156626506024095,-0.2620481927710844,-0.35356200527704484,0,0,建準,2025-11-03,11,36.6,S2,breakout_120d_only,2421,2025-11-03
early_watch,-0.1607142857142857,-0.2785714285714286,0.1071428571428572,-0.2785714285714286,-0.34838709677419355,0,0,泰金-KY,2025-11-03,12,36.6,S2,breakout_120d_only,6629,2025-11-03
early_watch,3.5423728813559325,-0.05932203389830504,4.228813559322034,-0.05932203389830504,-0.20414201183431957,1,1,穩懋,2025-11-03,13,36.6,S2,breakout_120d_only,3105,2025-11-03
early_watch,1.0329670329670328,-0.18681318681318682,1.8649921507064362,-0.18681318681318682,-0.3232876712328767,0,0,倍利科,2025-11-03,14,34.6,S2,breakout_120d_only,7822,2025-11-03
early_watch,0.3307692307692307,-0.08461538461538465,0.4538461538461538,-0.08461538461538465,-0.2566137566137566,0,0,同欣電,2025-11-03,15,36.6,S2,breakout_120d_only,6271,2025-11-03
early_watch,-0.24885496183206102,-0.25343511450381684,-0.003816793893129722,-0.25343511450381684,-0.25343511450381684,0,0,聯合,2025-11-03,16,36.6,S2,breakout_120d_only,4129,2025-11-03
early_watch,0.06397774687065372,-0.32267037552155775,0.22809457579972192,-0.32267037552155775,-0.34718498659517427,0,0,高技,2025-11-03,17,36.6,S2,breakout_120d_only,5439,2025-11-03
early_watch,-0.2392523221880476,-0.3102803453106746,-0.09626171076409173,-0.3102803453106746,-0.3102803453106746,0,0,神達,2025-11-03,18,36.6,S2,breakout_120d_only,3706,2025-11-03
early_watch,-0.15659955257270697,-0.18680089485458617,0.043624161073825496,-0.18680089485458617,-0.22079314040728826,0,0,佳邦,2025-11-03,19,36.6,S2,breakout_120d_only,6284,2025-11-03
early_watch,2.223404255319149,-0.07092198581560283,2.354609929078014,-0.07092198581560283,-0.11714770797962648,1,0,台光電,2025-11-03,20,30.6,S2,breakout_120d_only,2383,2025-11-03
early_watch,-0.20843671904602656,-0.22084366717172754,0.06575686292921623,-0.22084366717172754,-0.2689173676191271,0,0,華電,2025-11-03,1,23.6,S2,volume_expansion_only,1603,2025-11-03
early_watch,0.5720524017467248,-0.2078602886616403,0.6331877729257642,-0.2078602886616403,-0.21594684385382057,0,0,矽格,2025-11-03,2,34.6,S2,volume_expansion_only,6257,2025-11-03
early_watch,-0.1400778210116731,-0.2552529182879377,0.16731517509727634,-0.2552529182879377,-0.362,0,0,AES-KY,2025-11-03,3,23.6,S2,volume_expansion_only,6781,2025-11-03
early_watch,1.81947261663286,-0.057809330628803224,1.8803245436105476,-0.057809330628803224,-0.16193853427895977,0,0,金像電,2025-11-03,4,23.6,S2,volume_expansion_only,2368,2025-11-03
early_watch,0.7155172413793103,-0.14310344827586197,0.8146551724137931,-0.14310344827586197,-0.16389548693586697,0,0,宜特,2025-11-03,5,17.6,S2,volume_expansion_only,3289,2025-11-03
early_watch,3.946778711484594,-0.10364145658263302,3.946778711484594,-0.10364145658263302,-0.2349397590361446,1,0,欣興,2025-11-03,6,34.6,S2,volume_expansion_only,3037,2025-11-03
early_watch,0.9306930693069306,-0.14653465346534655,1.0792079207920793,-0.14653465346534655,-0.1987951807228916,0,0,欣銓,2025-11-03,7,34.6,S2,volume_expansion_only,3264,2025-11-03
early_watch,0.21518987341772156,-0.21012658227848102,0.26582278481012667,-0.21012658227848102,-0.22000000000000008,0,0,宏捷科,2025-11-03,8,25.6,S2,volume_expansion_only,8086,2025-11-03
early_watch,-0.010695227528323081,-0.1390374478819557,0.5427807061187946,-0.1390374478819557,-0.3812824906257287,0,0,大研生醫*,2025-11-03,9,19.6,S2,volume_expansion_only,7780,2025-11-03
early_watch,0.06178012068983141,-0.0732984293193717,0.06178012068983141,-0.0732984293193717,-0.08574383047611989,0,0,台肥,2025-11-03,10,14.0,S2,volume_expansion_only,1722,2025-11-03
early_watch,0.13953488372093026,-0.0511628084404524,0.23488368544467653,-0.0511628084404524,-0.15065913803931452,0,0,台泥,2025-11-03,11,14.0,S2,volume_expansion_only,1101,2025-11-03
early_watch,0.6239496960022772,-0.07878151513048426,0.65126052507867,-0.07878151513048426,-0.29658791836267184,0,0,聯電,2025-11-03,12,20.2,S2,volume_expansion_only,2303,2025-11-03
early_watch,-0.01128354068463322,-0.040902700472021714,0.1001410200467987,-0.040902700472021714,-0.1282051282051282,0,0,亞泥,2025-11-03,13,14.0,S2,volume_expansion_only,1102,2025-11-03
early_watch,0.9640287769784173,-0.12517986709265405,1.3165467625899279,-0.12517986709265405,-0.21835747317991394,0,0,台虹,2025-11-03,14,27.6,S2,volume_expansion_only,8039,2025-11-03
early_watch,0.005714285714285783,-0.1805714634486607,0.059428536551339395,-0.1805714634486607,-0.1935484007847329,0,0,來頡,2025-11-03,15,23.6,S2,volume_expansion_only,6799,2025-11-03
early_watch,0.10454067418069402,-0.017951393907344237,0.15311510525100558,-0.017951393907344237,-0.14835162455105688,0,0,台產,2025-11-03,16,16.0,S2,volume_expansion_only,2832,2025-11-03
early_watch,0.17948717948717952,-0.11025641025641031,0.2333333333333334,-0.11025641025641031,-0.11025641025641031,0,0,矽創,2025-11-03,17,14.0,S2,volume_expansion_only,8016,2025-11-03
early_watch,-0.06752412719328993,-0.07073957350335847,0.1318328080765112,-0.07073957350335847,-0.1789773013596686,0,0,國票金,2025-11-03,18,27.6,S2,volume_expansion_only,2889,2025-11-03
early_watch,1.0076923076923077,-0.11923076923076925,1.0115384615384615,-0.11923076923076925,-0.2467866323907455,0,0,聯發科,2025-11-03,19,17.0,S2,volume_expansion_only,2454,2025-11-03
early_watch,-0.1607142857142857,-0.2785714285714286,0.1071428571428572,-0.2785714285714286,-0.34838709677419355,0,0,泰金-KY,2025-11-03,20,36.6,S2,volume_expansion_only,6629,2025-11-03
early_watch,3.5423728813559325,-0.05932203389830504,4.228813559322034,-0.05932203389830504,-0.20414201183431957,1,1,穩懋,2025-11-03,1,36.6,S2,ma_alignment_only,3105,2025-11-03
early_watch,-0.24885496183206102,-0.25343511450381684,-0.003816793893129722,-0.25343511450381684,-0.25343511450381684,0,0,聯合,2025-11-03,2,36.6,S2,ma_alignment_only,4129,2025-11-03
early_watch,0.06397774687065372,-0.32267037552155775,0.22809457579972192,-0.32267037552155775,-0.34718498659517427,0,0,高技,2025-11-03,3,36.6,S2,ma_alignment_only,5439,2025-11-03
early_watch,-0.15659955257270697,-0.18680089485458617,0.043624161073825496,-0.18680089485458617,-0.22079314040728826,0,0,佳邦,2025-11-03,4,36.6,S2,ma_alignment_only,6284,2025-11-03
early_watch,-0.1607142857142857,-0.2785714285714286,0.1071428571428572,-0.2785714285714286,-0.34838709677419355,0,0,泰金-KY,2025-11-03,5,36.6,S2,ma_alignment_only,6629,2025-11-03
early_watch,-0.06970129890707577,-0.11379805785793962,0.1536272397372711,-0.11379805785793962,-0.23181257201946315,0,0,華榮,2025-11-03,6,36.6,S2,ma_alignment_only,1608,2025-11-03
early_watch,-0.12650602409638556,-0.2620481927710844,0.14156626506024095,-0.2620481927710844,-0.35356200527704484,0,0,建準,2025-11-03,7,36.6,S2,ma_alignment_only,2421,2025-11-03
early_watch,-0.2392523221880476,-0.3102803453106746,-0.09626171076409173,-0.3102803453106746,-0.3102803453106746,0,0,神達,2025-11-03,8,36.6,S2,ma_alignment_only,3706,2025-11-03
early_watch,0.3307692307692307,-0.08461538461538465,0.4538461538461538,-0.08461538461538465,-0.2566137566137566,0,0,同欣電,2025-11-03,9,36.6,S2,ma_alignment_only,6271,2025-11-03
early_watch,-0.1186649974419367,-0.17181707371701926,-0.0074165446576557326,-0.17181707371701926,-0.17181707371701926,0,0,宏泰,2025-11-03,10,35.2,S2,ma_alignment_only,1612,2025-11-03
early_watch,0.9306930693069306,-0.14653465346534655,1.0792079207920793,-0.14653465346534655,-0.1987951807228916,0,0,欣銓,2025-11-03,11,34.6,S2,ma_alignment_only,3264,2025-11-03
early_watch,3.946778711484594,-0.10364145658263302,3.946778711484594,-0.10364145658263302,-0.2349397590361446,1,0,欣興,2025-11-03,12,34.6,S2,ma_alignment_only,3037,2025-11-03
early_watch,0.5720524017467248,-0.2078602886616403,0.6331877729257642,-0.2078602886616403,-0.21594684385382057,0,0,矽格,2025-11-03,13,34.6,S2,ma_alignment_only,6257,2025-11-03
early_watch,-0.3518193176380705,-0.35633627330179296,-0.032622380990206534,-0.35633627330179296,-0.35633627330179296,0,0,潤隆,2025-11-03,14,29.6,S2,ma_alignment_only,1808,2025-11-03
early_watch,-0.08644859813084116,-0.3200934579439252,0.007009345794392496,-0.3200934579439252,-0.32482598607888635,0,0,川湖,2025-11-03,15,29.6,S2,ma_alignment_only,2059,2025-11-03
early_watch,0.42763157894736836,-0.0368421052631579,0.6710526315789473,-0.0368421052631579,-0.2018348623853211,0,0,富喬,2025-11-03,16,27.6,S2,ma_alignment_only,1815,2025-11-03
early_watch,-0.16331658291457285,-0.24623115577889443,0.03015075376884413,-0.24623115577889443,-0.2682926829268293,0,0,優群,2025-11-03,17,27.6,S2,ma_alignment_only,3217,2025-11-03
early_watch,0.041095890410958846,-0.19999999999999996,0.1095890410958904,-0.19999999999999996,-0.23896103896103893,0,0,雙鴻,2025-11-03,18,27.6,S2,ma_alignment_only,3324,2025-11-03
early_watch,-0.043927648578811485,-0.12919896640826878,0.3255813953488371,-0.12919896640826878,-0.2884990253411306,0,0,典範,2025-11-03,19,27.6,S2,ma_alignment_only,3372,2025-11-03
early_watch,0.7420634920634921,-0.10912698412698418,1.0357142857142856,-0.10912698412698418,-0.4678362573099415,0,0,亞電,2025-11-03,20,27.6,S2,ma_alignment_only,4939,2025-11-03
early_watch,2.5339506172839505,-0.03703703703703709,2.996913580246914,-0.03703703703703709,-0.19691119691119696,1,0,波若威,2025-12-01,1,36.6,S2,radar_model,3163,2025-12-01
early_watch,0.025469168900804195,-0.34718498659517427,0.1836461126005362,-0.34718498659517427,-0.34718498659517427,0,0,高技,2025-12-01,2,36.6,S2,radar_model,5439,2025-12-01
early_watch,0.05579404235951313,-0.05579396049905405,0.2746781860704606,-0.05579396049905405,-0.17171718015016546,0,0,國喬,2025-12-01,3,36.6,S2,radar_model,1312,2025-12-01
early_watch,3.4822335025380706,-0.005076142131979711,3.4822335025380706,-0.005076142131979711,-0.2349397590361446,1,0,欣興,2025-12-01,4,36.6,S2,radar_model,3037,2025-12-01
early_watch,-0.2633333333333333,-0.362,-0.010000000000000009,-0.362,-0.362,0,0,AES-KY,2025-12-01,5,36.6,S2,radar_model,6781,2025-12-01
early_watch,-0.07517734825188382,-0.09787236206920435,0.18297874504792766,-0.09787236206920435,-0.21822547055936548,0,0,東和鋼鐵,2025-12-01,6,34.6,S2,radar_model,2006,2025-12-01
early_watch,-0.07024793388429751,-0.2818181692076124,-0.02066115702479343,-0.2818181692076124,-0.2818181692076124,0,0,楠梓電,2025-12-01,7,34.6,S2,radar_model,2316,2025-12-01
early_watch,0.24362606232294626,-0.22662889518413587,0.45325779036827196,-0.22662889518413587,-0.4678362573099415,0,0,亞電,2025-12-01,8,33.6,S2,radar_model,4939,2025-12-01
early_watch,0.46644845682068503,-0.0900163688601322,0.5531915531237501,-0.0900163688601322,-0.23814539631970555,0,0,南亞,2025-12-01,9,33.6,S2,radar_model,1303,2025-12-01
early_watch,1.4945054945054945,-0.05714285714285716,1.7362637362637363,-0.05714285714285716,-0.3142857142857143,0,0,光環,2025-12-01,10,29.6,S2,radar_model,3234,2025-12-01
early_watch,-0.13770913770913773,-0.2355212355212356,0.051480051480051525,-0.2355212355212356,-0.27294981640146887,0,0,聯一光,2025-12-01,11,29.6,S2,radar_model,3441,2025-12-01
early_watch,1.9467680608365021,-0.011406844106463865,2.450570342205323,-0.011406844106463865,-0.33333333333333337,1,0,昇達科,2025-12-01,12,29.6,S2,radar_model,3491,2025-12-01
early_watch,0.652542403408954,-0.05811132579944467,0.9491525783797918,-0.05811132579944467,-0.21835747317991394,0,0,台虹,2025-12-01,13,29.6,S2,radar_model,8039,2025-12-01
early_watch,-0.1720257336285247,-0.1720257336285247,0.03536978675167912,-0.1720257336285247,-0.20031057795386986,0,0,寶成,2025-12-01,14,29.2,S2,radar_model,9904,2025-12-01
early_watch,2.801418439716312,0.02127659574468077,3.375886524822695,0.02127659574468077,-0.20414201183431957,1,0,穩懋,2025-12-01,15,27.6,S2,radar_model,3105,2025-12-01
early_watch,-0.1653160453808752,-0.19286871961102114,0.12479740680713136,-0.19286871961102114,-0.282420749279539,0,0,鑫龍騰,2025-12-01,16,27.6,S2,radar_model,3188,2025-12-01
early_watch,0.02425373134328357,-0.18936567164179097,0.08208955223880587,-0.18936567164179097,-0.2508620689655172,0,0,類比科,2025-12-01,17,27.6,S2,radar_model,3438,2025-12-01
early_watch,0.7834101382488479,-0.17880184331797244,0.7834101382488479,-0.17880184331797244,-0.2384615384615385,0,0,鈦昇,2025-12-01,18,27.6,S2,radar_model,8027,2025-12-01
early_watch,-0.273972602739726,-0.38082191780821917,0.0547945205479452,-0.38082191780821917,-0.4129870129870129,0,0,安國,2025-12-01,19,27.6,S2,radar_model,8054,2025-12-01
early_watch,-0.04152249134948094,-0.08996539792387548,0.13148788927335642,-0.08996539792387548,-0.17431192660550454,0,0,卜蜂,2025-12-01,20,27.6,S2,radar_model,1215,2025-12-01
early_watch,0.6318537859007833,0.005221932114882533,0.6318537859007833,0.005221932114882533,-0.1541425818882466,0,0,上銀,2025-12-01,1,9.0,S2,random_top_n,2049,2025-12-01
early_watch,0.29909909909909915,-0.07747747747747746,0.49549549549549554,-0.07747747747747746,-0.19710144927536233,0,0,順達,2025-12-01,2,6.6,S2,random_top_n,3211,2025-12-01
early_watch,0.47336377473363767,-0.11872146118721472,0.47336377473363767,-0.11872146118721472,-0.3651315789473685,0,0,濾能,2025-12-01,3,9.0,S2,random_top_n,6823,2025-12-01
early_watch,-0.27237353277025234,-0.2869649720258016,0.04085600022917868,-0.2869649720258016,-0.31495324250693635,0,0,展達,2025-12-01,4,9.0,S2,random_top_n,3447,2025-12-01
early_watch,0.4223561854567033,-0.11358760786063615,0.4564927339076641,-0.11358760786063615,-0.28858446095087753,0,0,瀚荃,2025-12-01,5,12.0,S2,random_top_n,8103,2025-12-01
early_watch,0.14464535890358277,-0.050069518744382036,0.1780249673257126,-0.050069518744382036,-0.0680272108843537,0,0,和碩,2025-12-01,6,1.0,S2,random_top_n,4938,2025-12-01
early_watch,-0.096559346232853,-0.18091005214661615,0.04772478495649346,-0.18091005214661615,-0.21822031929177232,0,0,神達,2025-12-01,7,11.0,S2,random_top_n,3706,2025-12-01
early_watch,1.1824686940966012,-0.01073345259391778,1.1824686940966012,-0.01073345259391778,-0.2403381642512077,0,0,奇鈦科,2025-12-01,8,11.0,S2,random_top_n,3430,2025-12-01
early_watch,0.46644845682068503,-0.0900163688601322,0.5531915531237501,-0.0900163688601322,-0.23814539631970555,0,0,南亞,2025-12-01,9,33.6,S2,random_top_n,1303,2025-12-01
early_watch,-0.09362931555124698,-0.10714284399235618,0.1081081538860682,-0.10714284399235618,-0.1942508924995744,0,0,漢翔,2025-12-01,10,16.6,S2,random_top_n,2634,2025-12-01
early_watch,-0.10535714285714282,-0.11964285714285716,0.03928571428571437,-0.11964285714285716,-0.15292096219931284,0,0,國統,2025-12-01,11,12.0,S2,random_top_n,8936,2025-12-01
early_watch,-0.23369567658665313,-0.25271740163281475,0.010869537424425646,-0.25271740163281475,-0.2607526780644992,0,0,材料*-KY,2025-12-01,12,0.0,S2,random_top_n,4763,2025-12-01
early_watch,-0.02010050251256279,-0.031407035175879394,0.012562814070351758,-0.031407035175879394,-0.043424317617866026,0,0,中菲行,2025-12-01,13,14.0,S2,random_top_n,5609,2025-12-01
early_watch,0.3721413721413722,-0.014553014553014498,0.3721413721413722,-0.014553014553014498,-0.12908496732026142,0,0,凡甲,2025-12-01,14,9.0,S2,random_top_n,3526,2025-12-01
early_watch,-0.015929230546529283,-0.07964601769911506,0.017699115044247815,-0.07964601769911506,-0.09565217391304348,0,0,永信,2025-12-01,15,19.6,S2,random_top_n,3705,2025-12-01
early_watch,-0.24088541666666663,-0.24739583333333337,0.0390625,-0.24739583333333337,-0.2756892230576441,0,0,博晟生醫,2025-12-01,16,11.0,S2,random_top_n,6733,2025-12-01
early_watch,0.5584415584415585,-0.05714285714285716,0.5584415584415585,-0.05714285714285716,-0.2849740932642487,0,0,宇隆,2025-12-01,17,9.0,S2,random_top_n,2233,2025-12-01
early_watch,0.1913579214892953,0.027777705827044086,0.2299381665859379,0.027777705827044086,-0.12170636536587875,0,0,國泰金,2025-12-01,18,16.0,S2,random_top_n,2882,2025-12-01
early_watch,0.6442874392759965,0.025912802222642917,0.8798586953483969,0.025912802222642917,-0.27475589660712196,0,0,南茂,2025-12-01,19,9.6,S2,random_top_n,8150,2025-12-01
early_watch,0.04417672282416896,-0.04016064318554491,0.2610441807060422,-0.04016064318554491,-0.17197451223354598,0,0,東聯,2025-12-01,20,25.6,S2,random_top_n,1710,2025-12-01
early_watch,0.02425373134328357,-0.18936567164179097,0.08208955223880587,-0.18936567164179097,-0.2508620689655172,0,0,類比科,2025-12-01,1,27.6,S2,breakout_120d_only,3438,2025-12-01
early_watch,0.8857142857142857,0.0993197278911564,1.4408163265306122,0.0993197278911564,-0.2564102564102564,0,0,光焱科技,2025-12-01,2,27.6,S2,breakout_120d_only,7728,2025-12-01
early_watch,0.652542403408954,-0.05811132579944467,0.9491525783797918,-0.05811132579944467,-0.21835747317991394,0,0,台虹,2025-12-01,3,29.6,S2,breakout_120d_only,8039,2025-12-01
early_watch,0.7834101382488479,-0.17880184331797244,0.7834101382488479,-0.17880184331797244,-0.2384615384615385,0,0,鈦昇,2025-12-01,4,27.6,S2,breakout_120d_only,8027,2025-12-01
early_watch,0.4028384513161747,-0.06877724374791516,0.6211790663070189,-0.06877724374791516,-0.303030303030303,0,0,晶彩科,2025-12-01,5,25.6,S2,breakout_120d_only,3535,2025-12-01
early_watch,1.4945054945054945,-0.05714285714285716,1.7362637362637363,-0.05714285714285716,-0.3142857142857143,0,0,光環,2025-12-01,6,29.6,S2,breakout_120d_only,3234,2025-12-01
early_watch,0.2687385842396377,-0.06764169490553817,0.5850090628697666,-0.06764169490553817,-0.2422145413976946,0,0,新興,2025-12-01,7,16.6,S2,breakout_120d_only,2605,2025-12-01
early_watch,-0.13770913770913773,-0.2355212355212356,0.051480051480051525,-0.2355212355212356,-0.27294981640146887,0,0,聯一光,2025-12-01,8,29.6,S2,breakout_120d_only,3441,2025-12-01
early_watch,2.5339506172839505,-0.03703703703703709,2.996913580246914,-0.03703703703703709,-0.19691119691119696,1,0,波若威,2025-12-01,9,36.6,S2,breakout_120d_only,3163,2025-12-01
early_watch,-0.12454212454212465,-0.15934065934065944,0.06227106227106227,-0.15934065934065944,-0.20862068965517244,0,0,榮群,2025-12-01,10,23.6,S2,breakout_120d_only,8034,2025-12-01
early_watch,0.05579404235951313,-0.05579396049905405,0.2746781860704606,-0.05579396049905405,-0.17171718015016546,0,0,國喬,2025-12-01,11,36.6,S2,breakout_120d_only,1312,2025-12-01
early_watch,-0.1385350456788743,-0.14968149403470632,0.18789807930597768,-0.14968149403470632,-0.28418227053444933,0,0,中航,2025-12-01,12,23.6,S2,breakout_120d_only,2612,2025-12-01
early_watch,0.24362606232294626,-0.22662889518413587,0.45325779036827196,-0.22662889518413587,-0.4678362573099415,0,0,亞電,2025-12-01,13,33.6,S2,breakout_120d_only,4939,2025-12-01
early_watch,3.4822335025380706,-0.005076142131979711,3.4822335025380706,-0.005076142131979711,-0.2349397590361446,1,0,欣興,2025-12-01,14,36.6,S2,breakout_120d_only,3037,2025-12-01
early_watch,0.025469168900804195,-0.34718498659517427,0.1836461126005362,-0.34718498659517427,-0.34718498659517427,0,0,高技,2025-12-01,15,36.6,S2,breakout_120d_only,5439,2025-12-01
early_watch,-0.07517734825188382,-0.09787236206920435,0.18297874504792766,-0.09787236206920435,-0.21822547055936548,0,0,東和鋼鐵,2025-12-01,16,34.6,S2,breakout_120d_only,2006,2025-12-01
early_watch,-0.2633333333333333,-0.362,-0.010000000000000009,-0.362,-0.362,0,0,AES-KY,2025-12-01,17,36.6,S2,breakout_120d_only,6781,2025-12-01
early_watch,0.46644845682068503,-0.0900163688601322,0.5531915531237501,-0.0900163688601322,-0.23814539631970555,0,0,南亞,2025-12-01,18,33.6,S2,breakout_120d_only,1303,2025-12-01
early_watch,-0.07024793388429751,-0.2818181692076124,-0.02066115702479343,-0.2818181692076124,-0.2818181692076124,0,0,楠梓電,2025-12-01,19,34.6,S2,breakout_120d_only,2316,2025-12-01
early_watch,1.9467680608365021,-0.011406844106463865,2.450570342205323,-0.011406844106463865,-0.33333333333333337,1,0,昇達科,2025-12-01,20,29.6,S2,breakout_120d_only,3491,2025-12-01
early_watch,0.05956117825917451,-0.07523508022822811,0.05956117825917451,-0.07523508022822811,-0.08574383047611989,0,0,台肥,2025-12-01,1,7.6,S2,volume_expansion_only,1722,2025-12-01
early_watch,1.1984732824427482,-0.01908396946564883,1.1984732824427482,-0.01908396946564883,-0.19148936170212771,0,0,采鈺,2025-12-01,2,7.6,S2,volume_expansion_only,6789,2025-12-01
early_watch,0.3996509598603841,-0.010471204188481575,0.5706806282722514,-0.010471204188481575,-0.22556390977443608,0,0,合晶,2025-12-01,3,14.0,S2,volume_expansion_only,6182,2025-12-01
early_watch,0.01713060436811409,-0.09957176552273406,0.31156314773783156,-0.09957176552273406,-0.23346935972875482,0,0,台苯,2025-12-01,4,25.6,S2,volume_expansion_only,1310,2025-12-01
early_watch,-0.33448753462603886,-0.33448753462603886,0.06094182825484751,-0.33448753462603886,-0.37271540469973885,0,0,永信建,2025-12-01,5,16.0,S2,volume_expansion_only,5508,2025-12-01
early_watch,-0.3260254090143404,-0.37623761842018655,0.05233387181537519,-0.37623761842018655,-0.4072580971818719,0,0,虹堡,2025-12-01,6,22.6,S2,volume_expansion_only,5258,2025-12-01
early_watch,0.15032680797792808,-0.03921571071829566,0.3039216022376565,-0.03921571071829566,-0.16040103461469546,0,0,中鴻,2025-12-01,7,10.6,S2,volume_expansion_only,2014,2025-12-01
early_watch,0.037383231713539855,-0.09065423217941415,0.2616822654810089,-0.09065423217941415,-0.17777774952076097,0,0,聯成,2025-12-01,8,25.6,S2,volume_expansion_only,1313,2025-12-01
early_watch,0.05579404235951313,-0.05579396049905405,0.2746781860704606,-0.05579396049905405,-0.17171718015016546,0,0,國喬,2025-12-01,9,36.6,S2,volume_expansion_only,1312,2025-12-01
early_watch,0.6268656716417911,-0.09328358208955223,0.6268656716417911,-0.09328358208955223,-0.17460317460317465,0,0,穩得,2025-12-01,10,19.6,S2,volume_expansion_only,6761,2025-12-01
early_watch,-0.019292616530873885,-0.05305464946275018,0.05466234195301589,-0.05305464946275018,-0.08682168176931926,0,0,生達,2025-12-01,11,14.6,S2,volume_expansion_only,1720,2025-12-01
early_watch,-0.1470588235294118,-0.15000001121969786,0.035294140086454595,-0.15000001121969786,-0.1789773013596686,0,0,國票金,2025-12-01,12,27.6,S2,volume_expansion_only,2889,2025-12-01
early_watch,-0.1385350456788743,-0.14968149403470632,0.18789807930597768,-0.14968149403470632,-0.28418227053444933,0,0,中航,2025-12-01,13,23.6,S2,volume_expansion_only,2612,2025-12-01
early_watch,0.29909909909909915,-0.07747747747747746,0.49549549549549554,-0.07747747747747746,-0.19710144927536233,0,0,順達,2025-12-01,14,6.6,S2,volume_expansion_only,3211,2025-12-01
early_watch,3.4822335025380706,-0.005076142131979711,3.4822335025380706,-0.005076142131979711,-0.2349397590361446,1,0,欣興,2025-12-01,15,36.6,S2,volume_expansion_only,3037,2025-12-01
early_watch,0.06612903225806432,-0.0693548387096774,0.2548387096774194,-0.0693548387096774,-0.19922879177377895,0,0,皇將,2025-12-01,16,12.6,S2,volume_expansion_only,4744,2025-12-01
early_watch,0.04063853933750061,-0.05950650774051336,0.10159651444087103,-0.05950650774051336,-0.119894575641324,0,0,慧洋-KY,2025-12-01,17,27.6,S2,volume_expansion_only,2637,2025-12-01
early_watch,0.21137997897086058,0.006537215976116784,0.23737525748954846,0.006537215976116784,-0.16793250232809198,0,0,豐達科,2025-12-01,18,14.0,S2,volume_expansion_only,3004,2025-12-01
early_watch,-0.059288537549407105,-0.15019762845849804,0.11857707509881421,-0.15019762845849804,-0.24028268551236753,0,0,所羅門,2025-12-01,19,19.6,S2,volume_expansion_only,2359,2025-12-01
early_watch,-0.24752475247524752,-0.3811881188118812,-0.03712871287128716,-0.3811881188118812,-0.3811881188118812,0,0,順藥,2025-12-01,20,19.6,S2,volume_expansion_only,6535,2025-12-01
early_watch,2.5339506172839505,-0.03703703703703709,2.996913580246914,-0.03703703703703709,-0.19691119691119696,1,0,波若威,2025-12-01,1,36.6,S2,ma_alignment_only,3163,2025-12-01
early_watch,0.025469168900804195,-0.34718498659517427,0.1836461126005362,-0.34718498659517427,-0.34718498659517427,0,0,高技,2025-12-01,2,36.6,S2,ma_alignment_only,5439,2025-12-01
early_watch,0.05579404235951313,-0.05579396049905405,0.2746781860704606,-0.05579396049905405,-0.17171718015016546,0,0,國喬,2025-12-01,3,36.6,S2,ma_alignment_only,1312,2025-12-01
early_watch,3.4822335025380706,-0.005076142131979711,3.4822335025380706,-0.005076142131979711,-0.2349397590361446,1,0,欣興,2025-12-01,4,36.6,S2,ma_alignment_only,3037,2025-12-01
early_watch,-0.2633333333333333,-0.362,-0.010000000000000009,-0.362,-0.362,0,0,AES-KY,2025-12-01,5,36.6,S2,ma_alignment_only,6781,2025-12-01
early_watch,0.24362606232294626,-0.22662889518413587,0.45325779036827196,-0.22662889518413587,-0.4678362573099415,0,0,亞電,2025-12-01,6,33.6,S2,ma_alignment_only,4939,2025-12-01
early_watch,0.46644845682068503,-0.0900163688601322,0.5531915531237501,-0.0900163688601322,-0.23814539631970555,0,0,南亞,2025-12-01,7,33.6,S2,ma_alignment_only,1303,2025-12-01
early_watch,1.4945054945054945,-0.05714285714285716,1.7362637362637363,-0.05714285714285716,-0.3142857142857143,0,0,光環,2025-12-01,8,29.6,S2,ma_alignment_only,3234,2025-12-01
early_watch,-0.13770913770913773,-0.2355212355212356,0.051480051480051525,-0.2355212355212356,-0.27294981640146887,0,0,聯一光,2025-12-01,9,29.6,S2,ma_alignment_only,3441,2025-12-01
early_watch,1.9467680608365021,-0.011406844106463865,2.450570342205323,-0.011406844106463865,-0.33333333333333337,1,0,昇達科,2025-12-01,10,29.6,S2,ma_alignment_only,3491,2025-12-01
early_watch,0.652542403408954,-0.05811132579944467,0.9491525783797918,-0.05811132579944467,-0.21835747317991394,0,0,台虹,2025-12-01,11,29.6,S2,ma_alignment_only,8039,2025-12-01
early_watch,2.801418439716312,0.02127659574468077,3.375886524822695,0.02127659574468077,-0.20414201183431957,1,0,穩懋,2025-12-01,12,27.6,S2,ma_alignment_only,3105,2025-12-01
early_watch,-0.1653160453808752,-0.19286871961102114,0.12479740680713136,-0.19286871961102114,-0.282420749279539,0,0,鑫龍騰,2025-12-01,13,27.6,S2,ma_alignment_only,3188,2025-12-01
early_watch,0.02425373134328357,-0.18936567164179097,0.08208955223880587,-0.18936567164179097,-0.2508620689655172,0,0,類比科,2025-12-01,14,27.6,S2,ma_alignment_only,3438,2025-12-01
early_watch,0.7834101382488479,-0.17880184331797244,0.7834101382488479,-0.17880184331797244,-0.2384615384615385,0,0,鈦昇,2025-12-01,15,27.6,S2,ma_alignment_only,8027,2025-12-01
early_watch,-0.273972602739726,-0.38082191780821917,0.0547945205479452,-0.38082191780821917,-0.4129870129870129,0,0,安國,2025-12-01,16,27.6,S2,ma_alignment_only,8054,2025-12-01
early_watch,-0.04152249134948094,-0.08996539792387548,0.13148788927335642,-0.08996539792387548,-0.17431192660550454,0,0,卜蜂,2025-12-01,17,27.6,S2,ma_alignment_only,1215,2025-12-01
early_watch,0.13584907099885757,-0.041509448357348155,0.4641509146060583,-0.041509448357348155,-0.24999997542076458,0,0,亞聚,2025-12-01,18,27.6,S2,ma_alignment_only,1308,2025-12-01
early_watch,0.9007092198581561,-0.06666662337932183,1.1049644524324025,-0.06666662337932183,-0.22767851364855596,0,0,台玻,2025-12-01,19,27.6,S2,ma_alignment_only,1802,2025-12-01
early_watch,-0.19555553860134545,-0.1973333570692274,-0.004444461398654509,-0.1973333570692274,-0.1973333570692274,0,0,榮成,2025-12-01,20,27.6,S2,ma_alignment_only,1909,2025-12-01
early_watch,1.092436974789916,-0.005042016806722671,1.2436974789915967,-0.005042016806722671,-0.36554307116104867,0,0,宜鼎,2026-01-02,1,36.6,S2,radar_model,5289,2026-01-02
early_watch,0.5549451263468292,-0.2087911727064411,0.5989011994777917,-0.2087911727064411,-0.21370969354548108,0,0,映泰,2026-01-02,2,36.6,S2,radar_model,2399,2026-01-02
early_watch,0.13084112149532712,-0.03177570093457949,0.22242990654205608,-0.03177570093457949,-0.20795107033639149,0,0,京元電子,2026-01-02,3,36.6,S2,radar_model,2449,2026-01-02
early_watch,1.2555555555555555,-0.1333333333333333,1.2555555555555555,-0.1333333333333333,-0.17001675041876052,0,0,志聖,2026-01-02,4,36.6,S2,radar_model,2467,2026-01-02
early_watch,0.83206106870229,-0.13631406761177756,0.83206106870229,-0.13631406761177756,-0.24137931034482762,0,0,愛普*,2026-01-02,5,36.6,S2,radar_model,6531,2026-01-02
early_watch,-0.3005464480874317,-0.30601092896174864,-0.04644808743169404,-0.30601092896174864,-0.30601092896174864,0,0,創泓科技,2026-01-02,6,36.6,S2,radar_model,7714,2026-01-02
early_watch,-0.16520785800912374,-0.2549234426999508,-0.025164146754489858,-0.2549234426999508,-0.2549234426999508,0,0,益登,2026-01-02,7,35.2,S2,radar_model,3048,2026-01-02
early_watch,0.6199094397789202,-0.06334839793505775,0.7963800940124357,-0.06334839793505775,-0.20344826270794047,0,0,建通,2026-01-02,8,34.6,S2,radar_model,2460,2026-01-02
early_watch,0.541501976284585,-0.04347826086956519,0.6600790513833992,-0.04347826086956519,-0.1987951807228916,0,0,欣銓,2026-01-02,9,33.6,S2,radar_model,3264,2026-01-02
early_watch,0.2508960573476702,-0.12186379928315405,0.5197132616487457,-0.12186379928315405,-0.3049645390070922,0,0,鈺創,2026-01-02,10,33.6,S2,radar_model,5351,2026-01-02
early_watch,0.20643939393939403,-0.05303030303030298,0.41287878787878785,-0.05303030303030298,-0.1997319034852546,0,0,安可,2026-01-02,11,33.2,S2,radar_model,3615,2026-01-02
early_watch,0.09390444810543652,-0.1317957166392092,0.2751235584843492,-0.1317957166392092,-0.2235123367198839,0,0,鑫科,2026-01-02,12,33.2,S2,radar_model,3663,2026-01-02
early_watch,0.34700315457413256,0.05362776025236604,0.42902208201892744,0.05362776025236604,-0.12655086848635233,0,0,台積電,2026-01-02,13,32.6,S2,radar_model,2330,2026-01-02
early_watch,2.5524799404995204,0.09919269211335302,2.852364610801428,0.09919269211335302,-0.27812499999999996,1,0,旺宏,2026-01-02,14,32.6,S2,radar_model,2337,2026-01-02
early_watch,0.8527131782945736,0.02131782945736438,0.9224806201550388,0.02131782945736438,-0.1773778920308483,0,0,日月光投控,2026-01-02,15,32.6,S2,radar_model,3711,2026-01-02
early_watch,0.10000000000000009,-0.1333333333333333,0.12083333333333335,-0.1333333333333333,-0.1333333333333333,0,0,百達-KY,2026-01-02,16,30.6,S2,radar_model,2236,2026-01-02
early_watch,0.055118110236220375,-0.22440944881889768,0.09448818897637801,-0.22440944881889768,-0.22440944881889768,0,0,湧德,2026-01-02,17,29.6,S2,radar_model,3689,2026-01-02
early_watch,0.3232044341534266,0.09944746956488104,0.8204419927345825,0.09944746956488104,-0.2898331084456469,0,0,群創,2026-01-02,18,29.6,S2,radar_model,3481,2026-01-02
early_watch,0.12925170068027203,-0.08843537414965985,0.19727891156462585,-0.08843537414965985,-0.16249999999999998,0,0,豐祥-KY,2026-01-02,19,29.6,S2,radar_model,5288,2026-01-02
early_watch,0.17874396135265713,-0.13687600644122377,0.35104669887278583,-0.13687600644122377,-0.17538461538461536,0,0,精確,2026-01-02,20,27.6,S2,radar_model,3162,2026-01-02
early_watch,-0.007518873190098363,-0.012531327841571738,0.22055135089037314,-0.012531327841571738,-0.18685836029274627,0,0,台船,2026-01-02,1,0.0,S2,random_top_n,2208,2026-01-02
early_watch,0.2857142857142858,-0.023809523809523836,1.0999999273390997,-0.023809523809523836,-0.3877550808568796,0,0,百一,2026-01-02,2,20.6,S2,random_top_n,6152,2026-01-02
early_watch,0.29569892473118276,-0.12365591397849462,0.4516129032258065,-0.12365591397849462,-0.18703241895261846,0,0,勤凱,2026-01-02,3,24.6,S2,random_top_n,4760,2026-01-02
early_watch,-0.7093649085037674,-0.7115177610333692,0.015069967707211918,-0.7115177610333692,-0.7158006362672322,0,0,泰茂,2026-01-02,4,11.0,S2,random_top_n,2230,2026-01-02
early_watch,-0.05400980882934492,-0.05564644510787853,0.32733225040048075,-0.05564644510787853,-0.2885326529155059,0,0,佳龍,2026-01-02,5,1.0,S2,random_top_n,9955,2026-01-02
early_watch,-0.2800963238625359,-0.2800963238625359,0.41252008150348796,-0.2800963238625359,-0.49034092643044214,0,0,華東,2026-01-02,6,0.0,S2,random_top_n,8110,2026-01-02
early_watch,-0.014563069940006224,-0.014563069940006224,0.1407767131123554,-0.014563069940006224,-0.136170191122285,0,0,豐興,2026-01-02,7,9.0,S2,random_top_n,2015,2026-01-02
early_watch,0.1712062057552648,-0.011673195933978087,0.5097275519544682,-0.011673195933978087,-0.24999997542076458,0,0,亞聚,2026-01-02,8,16.0,S2,random_top_n,1308,2026-01-02
early_watch,-0.04308088104568519,-0.08616186169182327,0.09660576596981207,-0.08616186169182327,-0.16666666666666663,0,0,致伸,2026-01-02,9,1.0,S2,random_top_n,4915,2026-01-02
early_watch,0.011627951677542825,0.003875983892514201,0.4186046339701759,0.003875983892514201,-0.2868852057487282,0,0,中工,2026-01-02,10,11.0,S2,random_top_n,2515,2026-01-02
early_watch,0.12919638531236766,-0.010172978865296334,0.37334690791231484,-0.010172978865296334,-0.17777774952076097,0,0,聯成,2026-01-02,11,14.0,S2,random_top_n,1313,2026-01-02
early_watch,0.08296943231441056,-0.026200873362445365,0.12227074235807867,-0.026200873362445365,-0.07287449392712553,0,0,聯陽,2026-01-02,12,11.0,S2,random_top_n,3014,2026-01-02
early_watch,-0.22976876318468586,-0.25144506471865724,0.03901740891197103,-0.25144506471865724,-0.2795549633136486,0,0,虹冠電,2026-01-02,13,22.6,S2,random_top_n,3257,2026-01-02
early_watch,-0.11778563015312127,-0.2909305064782097,-0.04122497055359242,-0.2909305064782097,-0.2909305064782097,0,0,共信-KY,2026-01-02,14,14.0,S2,random_top_n,6617,2026-01-02
early_watch,0.7060810590939772,0.00506755461476871,0.7314188966052739,0.00506755461476871,-0.08141965347896396,0,0,大聯大,2026-01-02,15,11.0,S2,random_top_n,3702,2026-01-02
early_watch,0.032186476969939815,-0.16093230017273252,0.032186476969939815,-0.16093230017273252,-0.1655629166956839,0,0,芯鼎,2026-01-02,16,4.0,S2,random_top_n,6695,2026-01-02
early_watch,0.04106280193236711,-0.04106280193236711,0.5772946859903381,-0.04106280193236711,-0.3920367534456355,0,0,南亞科,2026-01-02,17,21.6,S2,random_top_n,2408,2026-01-02
early_watch,0.9082568775231905,0.004587173622452312,1.4311927456354523,0.004587173622452312,-0.29811319315208584,0,0,台達化,2026-01-02,18,16.0,S2,random_top_n,1309,2026-01-02
early_watch,0.43621409965528013,-0.008230405838276611,0.6419754229879315,-0.008230405838276611,-0.27475589660712196,0,0,南茂,2026-01-02,19,24.6,S2,random_top_n,8150,2026-01-02
early_watch,1.2358346094946402,0.03369065849923425,1.6952526799387444,0.03369065849923425,-0.23011363636363635,0,0,均華,2026-01-02,20,10.6,S2,random_top_n,6640,2026-01-02
early_watch,-0.17973568281938335,-0.2070484581497798,0.1013215859030836,-0.2070484581497798,-0.28,0,0,智崴,2026-01-02,1,9.6,S2,breakout_120d_only,5263,2026-01-02
early_watch,0.017799352750809128,-0.11488673139158567,0.2766990291262137,-0.11488673139158567,-0.22702702702702704,0,0,佶優,2026-01-02,2,25.6,S2,breakout_120d_only,5452,2026-01-02
early_watch,1.0334728033472804,-0.12970711297071125,1.0334728033472804,-0.12970711297071125,-0.17786561264822132,0,0,由田,2026-01-02,3,14.6,S2,breakout_120d_only,3455,2026-01-02
early_watch,-0.2255924459882257,-0.2407583083021697,0.009478672985782088,-0.2407583083021697,-0.2478873382711635,0,0,聯德控股-KY,2026-01-02,4,27.6,S2,breakout_120d_only,4912,2026-01-02
early_watch,-0.20872274143302194,-0.29439252336448607,0.052959501557632294,-0.29439252336448607,-0.3298816568047337,0,0,光頡,2026-01-02,5,27.6,S2,breakout_120d_only,3624,2026-01-02
early_watch,0.12925170068027203,-0.08843537414965985,0.19727891156462585,-0.08843537414965985,-0.16249999999999998,0,0,豐祥-KY,2026-01-02,6,29.6,S2,breakout_120d_only,5288,2026-01-02
early_watch,0.9174810969528728,0.06406082110345235,0.9500543873948153,0.06406082110345235,-0.2395382620173968,0,0,昶昕,2026-01-02,7,16.6,S2,breakout_120d_only,8438,2026-01-02
early_watch,0.3232044341534266,0.09944746956488104,0.8204419927345825,0.09944746956488104,-0.2898331084456469,0,0,群創,2026-01-02,8,29.6,S2,breakout_120d_only,3481,2026-01-02
early_watch,0.18983557548579943,0.0,0.5994020926756352,0.0,-0.37476635514018686,0,0,方土昶,2026-01-02,9,0.0,S2,breakout_120d_only,6265,2026-01-02
early_watch,0.055118110236220375,-0.22440944881889768,0.09448818897637801,-0.22440944881889768,-0.22440944881889768,0,0,湧德,2026-01-02,10,29.6,S2,breakout_120d_only,3689,2026-01-02
early_watch,0.14168039538714994,-0.04448105436573313,0.4777594728171335,-0.04448105436573313,-0.2564102564102564,0,0,光焱科技,2026-01-02,11,26.6,S2,breakout_120d_only,7728,2026-01-02
early_watch,1.1465428276573788,-0.09287925696594423,1.1465428276573788,-0.09287925696594423,-0.23164335664335667,0,0,東捷,2026-01-02,12,23.6,S2,breakout_120d_only,8064,2026-01-02
early_watch,0.541501976284585,-0.04347826086956519,0.6600790513833992,-0.04347826086956519,-0.1987951807228916,0,0,欣銓,2026-01-02,13,33.6,S2,breakout_120d_only,3264,2026-01-02
early_watch,0.5549451263468292,-0.2087911727064411,0.5989011994777917,-0.2087911727064411,-0.21370969354548108,0,0,映泰,2026-01-02,14,36.6,S2,breakout_120d_only,2399,2026-01-02
early_watch,0.6199094397789202,-0.06334839793505775,0.7963800940124357,-0.06334839793505775,-0.20344826270794047,0,0,建通,2026-01-02,15,34.6,S2,breakout_120d_only,2460,2026-01-02
early_watch,-0.08845574184598415,-0.13193397038971222,0.2788606739809725,-0.13193397038971222,-0.3212192326564549,0,0,福懋科,2026-01-02,16,21.6,S2,breakout_120d_only,8131,2026-01-02
early_watch,0.13084112149532712,-0.03177570093457949,0.22242990654205608,-0.03177570093457949,-0.20795107033639149,0,0,京元電子,2026-01-02,17,36.6,S2,breakout_120d_only,2449,2026-01-02
early_watch,0.6768292682926829,-0.08943089430894313,0.7276422764227641,-0.08943089430894313,-0.18652849740932642,0,0,巨漢,2026-01-02,18,12.6,S2,breakout_120d_only,6903,2026-01-02
early_watch,0.45219638242894056,-0.06976744186046513,0.565891472868217,-0.06976744186046513,-0.29824561403508776,0,0,十銓,2026-01-02,19,21.6,S2,breakout_120d_only,4967,2026-01-02
early_watch,0.19402988473778016,-0.14738802119548344,0.410447772878612,-0.14738802119548344,-0.26587300105570233,0,0,鴻碩,2026-01-02,20,23.6,S2,breakout_120d_only,3092,2026-01-02
early_watch,-0.09299889425595065,-0.14629049578310516,0.0,-0.14629049578310516,-0.14629049578310516,0,0,聯華食,2026-01-02,1,12.0,S2,volume_expansion_only,1231,2026-01-02
early_watch,-0.23927762204684944,-0.2629796368356474,0.0880361533418772,-0.2629796368356474,-0.32261408694866245,0,0,巨大,2026-01-02,2,12.0,S2,volume_expansion_only,9921,2026-01-02
early_watch,-0.2640449438202247,-0.2668539325842697,0.013108614232209881,-0.2668539325842697,-0.2763401109057302,0,0,橘子,2026-01-02,3,7.6,S2,volume_expansion_only,6180,2026-01-02
early_watch,0.39236111111111116,-0.00347222222222221,0.5138888888888888,-0.00347222222222221,-0.20671834625322993,0,0,精材,2026-01-02,4,10.6,S2,volume_expansion_only,3374,2026-01-02
early_watch,-0.14876033057851235,-0.14876033057851235,0.06446283513849438,-0.14876033057851235,-0.20031057795386986,0,0,寶成,2026-01-02,5,2.0,S2,volume_expansion_only,9904,2026-01-02
early_watch,-0.2394088669950739,-0.29655172413793107,0.029556650246305383,-0.29655172413793107,-0.31674641148325355,0,0,旭隼,2026-01-02,6,6.6,S2,volume_expansion_only,6409,2026-01-02
early_watch,-0.1822343814342452,-0.1978021893568267,-0.009157509413429521,-0.1978021893568267,-0.1978021893568267,0,0,潤泰全,2026-01-02,7,18.0,S2,volume_expansion_only,2915,2026-01-02
early_watch,0.10679615485918048,-0.0695792765395683,0.2491909045517673,-0.0695792765395683,-0.22297297297297303,0,0,大毅,2026-01-02,8,23.6,S2,volume_expansion_only,2478,2026-01-02
early_watch,0.29909365558912393,-0.007049345417925457,0.29909365558912393,-0.007049345417925457,-0.207395498392283,0,0,雷科,2026-01-02,9,20.6,S2,volume_expansion_only,6207,2026-01-02
early_watch,-0.06916426512968299,-0.1498559077809798,0.11239193083573484,-0.1498559077809798,-0.23575129533678751,0,0,鈺邦,2026-01-02,10,17.6,S2,volume_expansion_only,6449,2026-01-02
early_watch,1.499189627228525,0.027552674230145957,1.8038897893030796,0.027552674230145957,-0.24460431654676262,0,0,沛爾生醫-創,2026-01-02,11,14.0,S2,volume_expansion_only,6949,2026-01-02
early_watch,-0.25512104283054005,-0.2877094972067039,-0.020484171322160183,-0.2877094972067039,-0.2877094972067039,0,0,新潤,2026-01-02,12,14.0,S2,volume_expansion_only,6186,2026-01-02
early_watch,0.02857144139394041,-0.04537816408301598,0.10756305085510776,-0.04537816408301598,-0.09120001220703122,0,0,和潤企業,2026-01-02,13,14.0,S2,volume_expansion_only,6592,2026-01-02
early_watch,-0.0957446808510638,-0.16223404255319152,0.14095744680851063,-0.16223404255319152,-0.26573426573426573,0,0,力智,2026-01-02,14,14.0,S2,volume_expansion_only,6719,2026-01-02
early_watch,0.16513761467889898,-0.13892529488859762,0.21100917431192667,-0.13892529488859762,-0.2666666666666667,0,0,達興材料,2026-01-02,15,23.6,S2,volume_expansion_only,5234,2026-01-02
early_watch,-0.23511904761904767,-0.23511904761904767,0.0029761904761904656,-0.23511904761904767,-0.2373887240356083,0,0,長聖,2026-01-02,16,9.6,S2,volume_expansion_only,6712,2026-01-02
early_watch,-0.10451044929075592,-0.1881187919370143,0.018701836300389907,-0.1881187919370143,-0.20302371201029024,0,0,神達,2026-01-02,17,22.6,S2,volume_expansion_only,3706,2026-01-02
early_watch,0.4474393530997305,-0.01752021563342321,0.4474393530997305,-0.01752021563342321,-0.1997804610318331,0,0,家登,2026-01-02,18,22.2,S2,volume_expansion_only,3680,2026-01-02
early_watch,-0.0237467411515635,-0.058047511196991586,0.5224273994696464,-0.058047511196991586,-0.3812824906257287,0,0,大研生醫*,2026-01-02,19,25.6,S2,volume_expansion_only,7780,2026-01-02
early_watch,0.37381697756849763,-0.14037856958482975,0.37381697756849763,-0.14037856958482975,-0.2135642481964134,0,0,宏致,2026-01-02,20,22.6,S2,volume_expansion_only,3605,2026-01-02
early_watch,1.092436974789916,-0.005042016806722671,1.2436974789915967,-0.005042016806722671,-0.36554307116104867,0,0,宜鼎,2026-01-02,1,36.6,S2,ma_alignment_only,5289,2026-01-02
early_watch,0.5549451263468292,-0.2087911727064411,0.5989011994777917,-0.2087911727064411,-0.21370969354548108,0,0,映泰,2026-01-02,2,36.6,S2,ma_alignment_only,2399,2026-01-02
early_watch,0.13084112149532712,-0.03177570093457949,0.22242990654205608,-0.03177570093457949,-0.20795107033639149,0,0,京元電子,2026-01-02,3,36.6,S2,ma_alignment_only,2449,2026-01-02
early_watch,1.2555555555555555,-0.1333333333333333,1.2555555555555555,-0.1333333333333333,-0.17001675041876052,0,0,志聖,2026-01-02,4,36.6,S2,ma_alignment_only,2467,2026-01-02
early_watch,0.83206106870229,-0.13631406761177756,0.83206106870229,-0.13631406761177756,-0.24137931034482762,0,0,愛普*,2026-01-02,5,36.6,S2,ma_alignment_only,6531,2026-01-02
early_watch,-0.3005464480874317,-0.30601092896174864,-0.04644808743169404,-0.30601092896174864,-0.30601092896174864,0,0,創泓科技,2026-01-02,6,36.6,S2,ma_alignment_only,7714,2026-01-02
early_watch,-0.16520785800912374,-0.2549234426999508,-0.025164146754489858,-0.2549234426999508,-0.2549234426999508,0,0,益登,2026-01-02,7,35.2,S2,ma_alignment_only,3048,2026-01-02
early_watch,0.541501976284585,-0.04347826086956519,0.6600790513833992,-0.04347826086956519,-0.1987951807228916,0,0,欣銓,2026-01-02,8,33.6,S2,ma_alignment_only,3264,2026-01-02
early_watch,0.2508960573476702,-0.12186379928315405,0.5197132616487457,-0.12186379928315405,-0.3049645390070922,0,0,鈺創,2026-01-02,9,33.6,S2,ma_alignment_only,5351,2026-01-02
early_watch,0.34700315457413256,0.05362776025236604,0.42902208201892744,0.05362776025236604,-0.12655086848635233,0,0,台積電,2026-01-02,10,32.6,S2,ma_alignment_only,2330,2026-01-02
early_watch,2.5524799404995204,0.09919269211335302,2.852364610801428,0.09919269211335302,-0.27812499999999996,1,0,旺宏,2026-01-02,11,32.6,S2,ma_alignment_only,2337,2026-01-02
early_watch,0.8527131782945736,0.02131782945736438,0.9224806201550388,0.02131782945736438,-0.1773778920308483,0,0,日月光投控,2026-01-02,12,32.6,S2,ma_alignment_only,3711,2026-01-02
early_watch,0.055118110236220375,-0.22440944881889768,0.09448818897637801,-0.22440944881889768,-0.22440944881889768,0,0,湧德,2026-01-02,13,29.6,S2,ma_alignment_only,3689,2026-01-02
early_watch,0.3232044341534266,0.09944746956488104,0.8204419927345825,0.09944746956488104,-0.2898331084456469,0,0,群創,2026-01-02,14,29.6,S2,ma_alignment_only,3481,2026-01-02
early_watch,0.12925170068027203,-0.08843537414965985,0.19727891156462585,-0.08843537414965985,-0.16249999999999998,0,0,豐祥-KY,2026-01-02,15,29.6,S2,ma_alignment_only,5288,2026-01-02
early_watch,0.17874396135265713,-0.13687600644122377,0.35104669887278583,-0.13687600644122377,-0.17538461538461536,0,0,精確,2026-01-02,16,27.6,S2,ma_alignment_only,3162,2026-01-02
early_watch,-0.011627906976744207,-0.11461794019933569,0.25913621262458464,-0.11461794019933569,-0.29683377308707126,0,0,千如,2026-01-02,17,27.6,S2,ma_alignment_only,3236,2026-01-02
early_watch,0.6957001102535831,-0.11466372657111357,1.183020948180816,-0.11466372657111357,-0.2535353535353535,0,0,上詮,2026-01-02,18,27.6,S2,ma_alignment_only,3363,2026-01-02
early_watch,0.17307692307692313,-0.11538461538461542,0.18846153846153846,-0.11538461538461542,-0.13207547169811318,0,0,單井,2026-01-02,19,27.6,S2,ma_alignment_only,3490,2026-01-02
early_watch,1.2111269614835947,0.09272467902995718,1.5891583452211129,0.09272467902995718,-0.33333333333333337,0,0,昇達科,2026-01-02,20,27.6,S2,ma_alignment_only,3491,2026-01-02
early_watch,2.644230769230769,0.07211538461538458,3.240384615384615,0.07211538461538458,-0.409297052154195,1,0,青雲,2026-02-02,1,36.6,S2,radar_model,5386,2026-02-02
early_watch,0.2435897435897436,-0.18547008547008548,0.2735042735042734,-0.18547008547008548,-0.23453815261044175,0,0,亞德客-KY,2026-02-02,2,36.6,S2,radar_model,1590,2026-02-02
early_watch,0.3498024725571727,-0.17490116088930996,0.3992095886715852,-0.17490116088930996,-0.24910069881688124,0,0,增你強,2026-02-02,3,36.6,S2,radar_model,3028,2026-02-02
early_watch,-0.2831858407079646,-0.32300884955752207,-0.017699115044247815,-0.32300884955752207,-0.32300884955752207,0,0,智晶,2026-02-02,4,34.6,S2,radar_model,5245,2026-02-02
early_watch,-0.23287671232876705,-0.23874755381604706,-0.007827788649706457,-0.23874755381604706,-0.23874755381604706,0,0,精剛,2026-02-02,5,33.2,S2,radar_model,1584,2026-02-02
early_watch,0.13467656415694584,-0.14528101802757165,0.18769883351007421,-0.14528101802757165,-0.20198019801980205,0,0,全宇昕,2026-02-02,6,32.6,S2,radar_model,6651,2026-02-02
early_watch,0.5782688766114181,-0.023941068139963106,0.9742173112338859,-0.023941068139963106,-0.24347014925373145,0,0,台嘉碩,2026-02-02,7,27.6,S2,radar_model,3221,2026-02-02
early_watch,0.31722054380664644,-0.20845921450151061,0.5861027190332326,-0.20845921450151061,-0.36190476190476195,0,0,威剛,2026-02-02,8,27.6,S2,radar_model,3260,2026-02-02
early_watch,-0.11666666666666659,-0.14166666666666672,0.015476190476190421,-0.14166666666666672,-0.1547479484173505,0,0,東洋,2026-02-02,9,27.6,S2,radar_model,4105,2026-02-02
early_watch,0.01721170395869187,-0.0017211703958691649,0.5593803786574869,-0.0017211703958691649,-0.3476821192052979,0,0,岳豐,2026-02-02,10,27.6,S2,radar_model,6220,2026-02-02
early_watch,0.7391304347826086,0.09782608695652173,0.9855072463768115,0.09782608695652173,-0.12408759124087587,0,0,宏觀,2026-02-02,11,27.6,S2,radar_model,6568,2026-02-02
early_watch,0.12315270935960587,-0.10344827586206895,0.229064039408867,-0.10344827586206895,-0.11435523114355228,0,0,朋億*,2026-02-02,12,27.6,S2,radar_model,6613,2026-02-02
early_watch,0.39322033898305087,-0.023728813559321993,0.6915254237288135,-0.023728813559321993,-0.3587174348697395,0,0,應廣,2026-02-02,13,27.6,S2,radar_model,6716,2026-02-02
early_watch,0.05389221556886237,-0.014970059880239472,0.07784431137724557,-0.014970059880239472,-0.08611111111111114,0,0,瑞穎,2026-02-02,14,27.6,S2,radar_model,8083,2026-02-02
early_watch,0.13013700598689737,-0.0022830702251812607,0.17808217746407462,-0.0022830702251812607,-0.06007749158511766,0,0,春源,2026-02-02,15,27.6,S2,radar_model,2010,2026-02-02
early_watch,-0.12032522806307167,-0.13170729226213163,0.11544712966050552,-0.13170729226213163,-0.2215743044655648,0,0,中航,2026-02-02,16,27.6,S2,radar_model,2612,2026-02-02
early_watch,0.10503282298542826,0.001094012563667368,0.13238511955100107,0.001094012563667368,-0.02898552460654713,0,0,王道銀行,2026-02-02,17,27.6,S2,radar_model,2897,2026-02-02
early_watch,0.14852752880921893,-0.13316261203585145,0.24199743918053773,-0.13316261203585145,-0.18824940047961636,0,0,健鼎,2026-02-02,18,27.6,S2,radar_model,3044,2026-02-02
early_watch,0.5865921787709498,-0.1936685288640596,0.5865921787709498,-0.1936685288640596,-0.2184115523465704,0,0,創意,2026-02-02,19,27.6,S2,radar_model,3443,2026-02-02
early_watch,-0.04023840550880953,-0.24441129782598636,0.008941855257306841,-0.24441129782598636,-0.2511077836281075,0,0,易華電,2026-02-02,20,27.6,S2,radar_model,6552,2026-02-02
early_watch,0.27441860465116275,-0.04767441860465116,0.45581395348837206,-0.04767441860465116,-0.18018018018018023,0,0,M31,2026-02-02,1,17.0,S2,random_top_n,6643,2026-02-02
early_watch,-0.0171306043681142,-0.034261290421393364,0.038543880249548135,-0.034261290421393364,-0.07010312424492593,0,0,合庫金,2026-02-02,2,11.0,S2,random_top_n,5880,2026-02-02
early_watch,-0.1872852233676977,-0.2096219931271478,0.012027491408934665,-0.2096219931271478,-0.2190152801358234,0,0,尚凡*,2026-02-02,3,11.0,S2,random_top_n,5278,2026-02-02
early_watch,0.17288135593220333,-0.20847457627118637,0.3508474576271188,-0.20847457627118637,-0.33852691218130304,0,0,榮田,2026-02-02,4,16.6,S2,random_top_n,7709,2026-02-02
early_watch,-0.07024793388429751,-0.07024793388429751,0.024793388429751984,-0.07024793388429751,-0.092741935483871,0,0,葡萄王,2026-02-02,5,11.0,S2,random_top_n,1707,2026-02-02
early_watch,-0.03296703296703296,-0.03296703296703296,0.023547880690737877,-0.03296703296703296,-0.05521472392638038,0,0,健喬,2026-02-02,6,14.0,S2,random_top_n,4114,2026-02-02
early_watch,0.08333333333333326,-0.008620689655172376,0.1293103448275863,-0.008620689655172376,-0.08651399491094147,0,0,望隼,2026-02-02,7,14.0,S2,random_top_n,4771,2026-02-02
early_watch,0.5058139534883721,-0.023255813953488413,0.5058139534883721,-0.023255813953488413,-0.10878661087866104,0,0,均豪,2026-02-02,8,9.0,S2,random_top_n,5443,2026-02-02
early_watch,0.09859154929577474,-0.07042253521126762,0.20845070422535206,-0.07042253521126762,-0.14507772020725385,0,0,世禾,2026-02-02,9,1.0,S2,random_top_n,3551,2026-02-02
early_watch,-0.007299270072992692,-0.08759124087591241,0.12165450121654509,-0.08759124087591241,-0.18655097613882865,0,0,新日興,2026-02-02,10,11.0,S2,random_top_n,3376,2026-02-02
early_watch,-0.11370261531424153,-0.15160346854971096,0.04956270556130593,-0.15160346854971096,-0.19166665607028532,0,0,吉祥全,2026-02-02,11,11.0,S2,random_top_n,2491,2026-02-02
early_watch,-0.04800000000000004,-0.14,0.06000000000000005,-0.14,-0.18867924528301883,0,0,所羅門,2026-02-02,12,11.0,S2,random_top_n,2359,2026-02-02
early_watch,1.090566037735849,-0.05283018867924527,1.0981132075471698,-0.05283018867924527,-0.11581920903954801,0,0,貿聯-KY,2026-02-02,13,11.0,S2,random_top_n,3665,2026-02-02
early_watch,0.07419354838709658,-0.08387096774193548,0.33225806451612905,-0.08387096774193548,-0.2009685230024213,0,0,力士,2026-02-02,14,15.0,S2,random_top_n,4923,2026-02-02
early_watch,0.06713780918727918,-0.019434628975265045,0.2102473498233215,-0.019434628975265045,-0.1897810218978102,0,0,萬旭,2026-02-02,15,4.0,S2,random_top_n,6134,2026-02-02
early_watch,0.2240802675585285,-0.10367892976588622,0.4030100334448161,-0.10367892976588622,-0.12753277711561384,0,0,精確,2026-02-02,16,13.0,S2,random_top_n,3162,2026-02-02
early_watch,0.17333333333333334,-0.0755555555555556,0.19555555555555548,-0.0755555555555556,-0.10344827586206895,0,0,百達-KY,2026-02-02,17,12.0,S2,random_top_n,2236,2026-02-02
early_watch,-0.138319674293638,-0.1659835778843548,0.036885230844297956,-0.1659835778843548,-0.19565213457950803,0,0,華安,2026-02-02,18,22.6,S2,random_top_n,6657,2026-02-02
early_watch,0.10503282298542826,0.001094012563667368,0.13238511955100107,0.001094012563667368,-0.02898552460654713,0,0,王道銀行,2026-02-02,19,27.6,S2,random_top_n,2897,2026-02-02
early_watch,0.021798343880919058,-0.02724795583682449,0.03542232179933125,-0.02724795583682449,-0.05680311222870038,0,0,皇翔,2026-02-02,20,11.0,S2,random_top_n,2545,2026-02-02
early_watch,1.0451237263464335,-0.039301310043668214,1.2561863173216885,-0.039301310043668214,-0.3730434782608696,0,0,東典光電,2026-02-02,1,2.6,S2,breakout_120d_only,6588,2026-02-02
early_watch,0.01721170395869187,-0.0017211703958691649,0.5593803786574869,-0.0017211703958691649,-0.3476821192052979,0,0,岳豐,2026-02-02,2,27.6,S2,breakout_120d_only,6220,2026-02-02
early_watch,0.8024193548387097,-0.028225806451612878,1.032258064516129,-0.028225806451612878,-0.3655352480417755,0,0,統新,2026-02-02,3,16.6,S2,breakout_120d_only,6426,2026-02-02
early_watch,1.0162601626016259,-0.13414634146341464,1.1178861788617884,-0.13414634146341464,-0.3363028953229399,0,0,博士旺,2026-02-02,4,24.6,S2,breakout_120d_only,3555,2026-02-02
early_watch,-0.04023840550880953,-0.24441129782598636,0.008941855257306841,-0.24441129782598636,-0.2511077836281075,0,0,易華電,2026-02-02,5,27.6,S2,breakout_120d_only,6552,2026-02-02
early_watch,2.644230769230769,0.07211538461538458,3.240384615384615,0.07211538461538458,-0.409297052154195,1,0,青雲,2026-02-02,6,36.6,S2,breakout_120d_only,5386,2026-02-02
early_watch,-0.23816793893129773,-0.25801526717557255,-0.05343511450381677,-0.25801526717557255,-0.25801526717557255,0,0,生華科,2026-02-02,7,25.6,S2,breakout_120d_only,6492,2026-02-02
early_watch,0.2435897435897436,-0.18547008547008548,0.2735042735042734,-0.18547008547008548,-0.23453815261044175,0,0,亞德客-KY,2026-02-02,8,36.6,S2,breakout_120d_only,1590,2026-02-02
early_watch,-0.2831858407079646,-0.32300884955752207,-0.017699115044247815,-0.32300884955752207,-0.32300884955752207,0,0,智晶,2026-02-02,9,34.6,S2,breakout_120d_only,5245,2026-02-02
early_watch,2.3570300157977884,0.09952606635071093,2.3570300157977884,0.09952606635071093,-0.180327868852459,1,0,雍智科技,2026-02-02,10,25.6,S2,breakout_120d_only,6683,2026-02-02
early_watch,0.3498024725571727,-0.17490116088930996,0.3992095886715852,-0.17490116088930996,-0.24910069881688124,0,0,增你強,2026-02-02,11,36.6,S2,breakout_120d_only,3028,2026-02-02
early_watch,0.13467656415694584,-0.14528101802757165,0.18769883351007421,-0.14528101802757165,-0.20198019801980205,0,0,全宇昕,2026-02-02,12,32.6,S2,breakout_120d_only,6651,2026-02-02
early_watch,-0.3097345132743363,-0.3168141862987417,-0.00530972100992122,-0.3168141862987417,-0.3168141862987417,0,0,光麗-KY,2026-02-02,1,12.6,S2,volume_expansion_only,6431,2026-02-02
early_watch,0.2902584493041751,-0.24055666003976128,0.3280318091451293,-0.24055666003976128,-0.25390625,0,0,駿吉-KY,2026-02-02,2,5.6,S2,volume_expansion_only,1591,2026-02-02
early_watch,0.15398550724637672,0.14130434782608692,0.8297101449275361,0.14130434782608692,-0.37623762376237624,0,0,浩鼎,2026-02-02,3,20.6,S2,volume_expansion_only,4174,2026-01-26
early_watch,0.6790393013100438,-0.06550218340611358,1.1615720524017465,-0.06550218340611358,-0.2535353535353535,0,0,上詮,2026-02-02,4,25.6,S2,volume_expansion_only,3363,2026-02-02
early_watch,3.632152588555858,0.027247956403269713,3.8501362397820165,0.027247956403269713,-0.2685393258426966,1,0,汎銓,2026-02-02,5,27.6,S2,volume_expansion_only,6830,2026-02-02
early_watch,0.2435897435897436,-0.18547008547008548,0.2735042735042734,-0.18547008547008548,-0.23453815261044175,0,0,亞德客-KY,2026-02-02,6,36.6,S2,volume_expansion_only,1590,2026-02-02
early_watch,0.3458903496653323,-0.010274011526394844,0.5034246705087984,-0.010274011526394844,-0.15717542792820582,0,0,台橡,2026-02-02,7,14.0,S2,volume_expansion_only,2103,2026-02-02
early_watch,-0.022831050625997884,-0.022831050625997884,0.25114155688597717,-0.022831050625997884,-0.21897810523844952,0,0,國際中橡,2026-02-02,8,19.0,S2,volume_expansion_only,2104,2026-02-02
early_watch,0.047671875800896046,-0.0022172611420037125,0.08869179900959967,-0.0022172611420037125,-0.049163148778861965,0,0,遠傳,2026-02-02,9,25.6,S2,volume_expansion_only,4904,2026-02-02
early_watch,-0.2222222222222222,-0.3113207547169812,0.16561844863731645,-0.3113207547169812,-0.4091726618705036,0,0,禾榮科,2026-02-02,10,22.6,S2,volume_expansion_only,7799,2026-02-02
early_watch,0.12315270935960587,-0.10344827586206895,0.229064039408867,-0.10344827586206895,-0.11435523114355228,0,0,朋億*,2026-02-02,11,27.6,S2,volume_expansion_only,6613,2026-02-02
early_watch,0.059797661365951216,-0.09383620191610453,0.06623737576900401,-0.09383620191610453,-0.11341127940091744,0,0,力霸,2026-02-02,12,14.0,S2,volume_expansion_only,9801,2026-02-02
early_watch,-0.07389932485854733,-0.07389932485854733,0.04716981245244378,-0.07389932485854733,-0.11561557244230558,0,0,冠德,2026-02-02,13,1.0,S2,volume_expansion_only,2520,2026-02-02
early_watch,-0.22653434487533997,-0.32129968522551267,-0.025270784969652516,-0.32129968522551267,-0.32129968522551267,0,0,遠見,2026-02-02,14,23.6,S2,volume_expansion_only,3040,2026-02-02
early_watch,0.040247655348825795,0.00928790229556209,0.08049542879973681,0.00928790229556209,-0.04871062145022764,0,0,華票,2026-02-02,15,14.0,S2,volume_expansion_only,2820,2026-02-02
early_watch,1.2942779291553133,-0.114441416893733,1.2942779291553133,-0.114441416893733,-0.23167848699763594,0,0,臻鼎-KY,2026-02-02,16,25.6,S2,volume_expansion_only,4958,2026-02-02
early_watch,-0.11417321504267319,-0.1181102379943102,0.03937007933143666,-0.1181102379943102,-0.15151515370448654,0,0,農林,2026-02-02,17,14.0,S2,volume_expansion_only,2913,2026-02-02
early_watch,-0.16471569564864874,-0.16471569564864874,0.016722408240103404,-0.16471569564864874,-0.17845392451103015,0,0,華友聯,2026-02-02,18,14.0,S2,volume_expansion_only,1436,2026-02-02
early_watch,-0.42322834645669294,-0.42322834645669294,0.09055118110236227,-0.42322834645669294,-0.47111913357400725,0,0,昱展新藥,2026-02-02,19,14.0,S2,volume_expansion_only,6785,2026-02-02
early_watch,2.644230769230769,0.07211538461538458,3.240384615384615,0.07211538461538458,-0.409297052154195,1,0,青雲,2026-02-02,20,36.6,S2,volume_expansion_only,5386,2026-02-02
early_watch,2.644230769230769,0.07211538461538458,3.240384615384615,0.07211538461538458,-0.409297052154195,1,0,青雲,2026-02-02,1,36.6,S2,ma_alignment_only,5386,2026-02-02
early_watch,0.2435897435897436,-0.18547008547008548,0.2735042735042734,-0.18547008547008548,-0.23453815261044175,0,0,亞德客-KY,2026-02-02,2,36.6,S2,ma_alignment_only,1590,2026-02-02
early_watch,0.3498024725571727,-0.17490116088930996,0.3992095886715852,-0.17490116088930996,-0.24910069881688124,0,0,增你強,2026-02-02,3,36.6,S2,ma_alignment_only,3028,2026-02-02
early_watch,0.13467656415694584,-0.14528101802757165,0.18769883351007421,-0.14528101802757165,-0.20198019801980205,0,0,全宇昕,2026-02-02,4,32.6,S2,ma_alignment_only,6651,2026-02-02
early_watch,0.5782688766114181,-0.023941068139963106,0.9742173112338859,-0.023941068139963106,-0.24347014925373145,0,0,台嘉碩,2026-02-02,5,27.6,S2,ma_alignment_only,3221,2026-02-02
early_watch,0.31722054380664644,-0.20845921450151061,0.5861027190332326,-0.20845921450151061,-0.36190476190476195,0,0,威剛,2026-02-02,6,27.6,S2,ma_alignment_only,3260,2026-02-02
early_watch,-0.11666666666666659,-0.14166666666666672,0.015476190476190421,-0.14166666666666672,-0.1547479484173505,0,0,東洋,2026-02-02,7,27.6,S2,ma_alignment_only,4105,2026-02-02
early_watch,0.01721170395869187,-0.0017211703958691649,0.5593803786574869,-0.0017211703958691649,-0.3476821192052979,0,0,岳豐,2026-02-02,8,27.6,S2,ma_alignment_only,6220,2026-02-02
early_watch,0.7391304347826086,0.09782608695652173,0.9855072463768115,0.09782608695652173,-0.12408759124087587,0,0,宏觀,2026-02-02,9,27.6,S2,ma_alignment_only,6568,2026-02-02
early_watch,0.12315270935960587,-0.10344827586206895,0.229064039408867,-0.10344827586206895,-0.11435523114355228,0,0,朋億*,2026-02-02,10,27.6,S2,ma_alignment_only,6613,2026-02-02
early_watch,0.39322033898305087,-0.023728813559321993,0.6915254237288135,-0.023728813559321993,-0.3587174348697395,0,0,應廣,2026-02-02,11,27.6,S2,ma_alignment_only,6716,2026-02-02
early_watch,0.05389221556886237,-0.014970059880239472,0.07784431137724557,-0.014970059880239472,-0.08611111111111114,0,0,瑞穎,2026-02-02,12,27.6,S2,ma_alignment_only,8083,2026-02-02
early_watch,0.13013700598689737,-0.0022830702251812607,0.17808217746407462,-0.0022830702251812607,-0.06007749158511766,0,0,春源,2026-02-02,13,27.6,S2,ma_alignment_only,2010,2026-02-02
early_watch,-0.12032522806307167,-0.13170729226213163,0.11544712966050552,-0.13170729226213163,-0.2215743044655648,0,0,中航,2026-02-02,14,27.6,S2,ma_alignment_only,2612,2026-02-02
early_watch,0.10503282298542826,0.001094012563667368,0.13238511955100107,0.001094012563667368,-0.02898552460654713,0,0,王道銀行,2026-02-02,15,27.6,S2,ma_alignment_only,2897,2026-02-02
early_watch,0.14852752880921893,-0.13316261203585145,0.24199743918053773,-0.13316261203585145,-0.18824940047961636,0,0,健鼎,2026-02-02,16,27.6,S2,ma_alignment_only,3044,2026-02-02
early_watch,0.5865921787709498,-0.1936685288640596,0.5865921787709498,-0.1936685288640596,-0.2184115523465704,0,0,創意,2026-02-02,17,27.6,S2,ma_alignment_only,3443,2026-02-02
early_watch,0.6170763260025873,-0.09443725743855114,0.6170763260025873,-0.09443725743855114,-0.24812030075187974,0,0,高力,2026-02-02,18,27.6,S2,ma_alignment_only,8996,2026-02-02
early_watch,3.632152588555858,0.027247956403269713,3.8501362397820165,0.027247956403269713,-0.2685393258426966,1,0,汎銓,2026-02-02,19,27.6,S2,ma_alignment_only,6830,2026-02-02
early_watch,0.5990990990990992,-0.0495495495495496,0.9256756756756757,-0.0495495495495496,-0.182648401826484,0,0,竹陞科技,2026-02-02,20,27.6,S2,ma_alignment_only,6739,2026-02-02
early_watch,0.2565982404692082,-0.18768328445747806,0.5718475073313782,-0.18768328445747806,-0.24347014925373145,0,0,台嘉碩,2026-03-02,1,36.6,S2,radar_model,3221,2026-03-02
early_watch,-0.015455950540958274,-0.08655332302936636,0.15301391035548662,-0.08655332302936636,-0.1997319034852546,0,0,安可,2026-03-02,2,36.6,S2,radar_model,3615,2026-03-02
early_watch,-0.28542914171656697,-0.2894211576846307,-0.045908183632734634,-0.2894211576846307,-0.2894211576846307,0,0,益得,2026-03-02,3,36.6,S2,radar_model,6461,2026-03-02
early_watch,0.11914326491934801,-0.05087008805363413,0.24364130282692065,-0.05087008805363413,-0.16146393706809026,0,0,東鹼,2026-03-02,4,36.6,S2,radar_model,1708,2026-03-02
early_watch,-0.15870971679687496,-0.15870971679687496,0.07612905194682451,-0.15870971679687496,-0.21822547055936548,0,0,東和鋼鐵,2026-03-02,5,36.6,S2,radar_model,2006,2026-03-02
early_watch,-0.2337349581431194,-0.2506024004465126,-0.019277090049651724,-0.2506024004465126,-0.2506024004465126,0,0,太極,2026-03-02,6,36.6,S2,radar_model,4934,2026-03-02
early_watch,0.6005666068310316,-0.13031157432127294,0.650141678724028,-0.13031157432127294,-0.16556291390728473,0,0,榮科,2026-03-02,7,36.6,S2,radar_model,4989,2026-03-02
early_watch,0.2816901408450705,-0.092018807997726,0.511737089201878,-0.092018807997726,-0.16796875,0,0,台虹,2026-03-02,8,36.6,S2,radar_model,8039,2026-03-02
early_watch,-0.18114143920595538,-0.3002481389578163,-0.0669975186104218,-0.3002481389578163,-0.3002481389578163,0,0,臺慶科,2026-03-02,9,36.6,S2,radar_model,3357,2026-03-02
early_watch,-0.2543859649122807,-0.30043859649122806,-0.08114035087719296,-0.30043859649122806,-0.30043859649122806,0,0,三集瑞-KY,2026-03-02,10,36.6,S2,radar_model,6862,2026-03-02
early_watch,-0.02941176470588236,-0.02941176470588236,-0.006535947712418277,-0.02941176470588236,-0.02941176470588236,0,0,大統益,2026-03-02,11,34.6,S2,radar_model,1232,2026-03-02
early_watch,0.17819151688399293,0.01861704232305339,0.4361702710484554,0.01861704232305339,-0.17962964375813806,0,0,信錦,2026-03-02,12,34.6,S2,radar_model,1582,2026-03-02
early_watch,-0.15955982064730434,-0.21045386608827388,0.052269645271968423,-0.21045386608827388,-0.24967318266824956,0,0,國碩,2026-03-02,13,34.6,S2,radar_model,2406,2026-03-02
early_watch,-0.01449275362318836,-0.036231884057971064,0.0,-0.036231884057971064,-0.036231884057971064,0,0,中華電,2026-03-02,14,34.6,S2,radar_model,2412,2026-03-02
early_watch,-0.05239186723950262,-0.06833712746528064,0.051252845598960484,-0.06833712746528064,-0.11375947619538063,0,0,櫻花,2026-03-02,15,34.6,S2,radar_model,9911,2026-03-02
early_watch,1.1415929203539825,-0.060176991150442505,1.4601769911504423,-0.060176991150442505,-0.2230215827338129,0,0,萬潤,2026-03-02,16,33.6,S2,radar_model,6187,2026-03-02
early_watch,0.3951120162932791,-0.05702647657841142,0.4582484725050917,-0.05702647657841142,-0.15647482014388492,0,0,德律,2026-03-02,17,33.6,S2,radar_model,3030,2026-03-02
early_watch,-0.1380000114440918,-0.1380000114440918,0.08500003814697266,-0.1380000114440918,-0.20552999239697456,0,0,官田鋼,2026-03-02,18,33.2,S2,radar_model,2017,2026-03-02
early_watch,0.06420231788123698,-0.07782100936292924,0.09143962662872362,-0.07782100936292924,-0.07782100936292924,0,0,健和興,2026-03-02,19,33.2,S2,radar_model,3003,2026-03-02
early_watch,0.39234449760765555,-0.11004784688995217,0.5263157894736843,-0.11004784688995217,-0.1806167400881057,0,0,牧德,2026-03-02,20,33.2,S2,radar_model,3563,2026-03-02
early_watch,-0.1791044542427762,-0.18656716949027818,-0.00746264407777486,-0.18656716949027818,-0.18656716949027818,0,0,上曜,2026-03-02,1,11.0,S2,random_top_n,1316,2026-03-02
early_watch,-0.030150740603975823,-0.030150740603975823,0.040200966172709185,-0.030150740603975823,-0.06763280276073513,0,0,佳格,2026-03-02,2,17.6,S2,random_top_n,1227,2026-03-02
early_watch,0.8878048780487804,-0.12292682926829268,0.8878048780487804,-0.12292682926829268,-0.12292682926829268,0,0,鈦昇,2026-03-02,3,16.0,S2,random_top_n,8027,2026-03-02
early_watch,-0.03405017921146947,-0.09318996415770597,0.07885304659498216,-0.09318996415770597,-0.11627906976744184,0,0,信立,2026-03-02,4,1.0,S2,random_top_n,4303,2026-03-02
early_watch,0.009374999999999911,-0.10624999999999996,0.06875000000000009,-0.10624999999999996,-0.16374269005847952,0,0,鮮活果汁-KY,2026-03-02,5,12.6,S2,random_top_n,1256,2026-03-02
early_watch,-0.10060605135830969,-0.10545453158291906,0.1890909599535393,-0.10545453158291906,-0.24770644253150065,0,0,中石化,2026-03-02,6,27.6,S2,random_top_n,1314,2026-03-02
early_watch,1.152173913043478,-0.11684782608695654,1.4266304347826089,-0.11684782608695654,-0.17581187010078392,0,0,辛耘,2026-03-02,7,25.6,S2,random_top_n,3583,2026-03-02
early_watch,-0.10565476190476186,-0.10565476190476186,0.06845238095238093,-0.10565476190476186,-0.1629526462395543,0,0,愛地雅,2026-03-02,8,14.0,S2,random_top_n,8933,2026-03-02
early_watch,0.002673755883456419,-0.045454563999499764,0.01604273929523581,-0.045454563999499764,-0.05680311222870038,0,0,皇翔,2026-03-02,9,19.6,S2,random_top_n,2545,2026-03-02
early_watch,0.3096025906593729,-0.14403974409192455,0.6307946607881594,-0.14403974409192455,-0.24467003527026487,0,0,希華,2026-03-02,10,24.6,S2,random_top_n,2484,2026-03-02
early_watch,-0.07746474947680548,-0.07746474947680548,0.08591551291661204,-0.07746474947680548,-0.15045393536611507,0,0,中纖,2026-03-02,11,6.0,S2,random_top_n,1718,2026-03-02
early_watch,-0.13284132841328422,-0.1697416974169742,0.040590405904058935,-0.1697416974169742,-0.2021276595744681,0,0,光譜,2026-03-02,12,3.0,S2,random_top_n,5381,2026-03-02
early_watch,0.4512195121951219,0.008130081300812941,0.5853658536585367,0.008130081300812941,-0.14871794871794874,0,0,大車隊,2026-03-02,13,9.0,S2,random_top_n,2640,2026-03-02
early_watch,-0.05747126292784588,-0.06403943231793907,0.050903093537752575,-0.06403943231793907,-0.10312497615814209,0,0,潤隆,2026-03-02,14,14.0,S2,random_top_n,1808,2026-03-02
early_watch,-0.018207325265765295,-0.04761906797224058,0.009803878617404171,-0.04761906797224058,-0.04761906797224058,0,0,亞泥,2026-03-02,15,22.6,S2,random_top_n,1102,2026-03-02
early_watch,0.030741410488245968,-0.17179023508137437,0.061482820976491936,-0.17179023508137437,-0.17179023508137437,0,0,越峰,2026-03-02,16,11.0,S2,random_top_n,8121,2026-03-02
early_watch,-0.10574018126888218,-0.1570996978851964,0.009063444108761143,-0.1570996978851964,-0.1570996978851964,0,0,永捷,2026-03-02,17,3.0,S2,random_top_n,4714,2026-03-02
early_watch,0.3024390243902437,-0.014634146341463428,0.41463414634146334,-0.014634146341463428,-0.09310344827586203,0,0,立端,2026-03-02,18,9.0,S2,random_top_n,6245,2026-03-02
early_watch,-0.08214285714285718,-0.2607142857142857,0.06071428571428572,-0.2607142857142857,-0.303030303030303,0,0,晶彩科,2026-03-02,19,17.6,S2,random_top_n,3535,2026-03-02
early_watch,0.5951662136281277,-0.07854980646460985,0.7129910385726992,-0.07854980646460985,-0.07854980646460985,0,0,德淵,2026-03-02,20,21.6,S2,random_top_n,4720,2026-03-02
early_watch,0.1649076450757494,-0.22031667421218448,0.18469656248483934,-0.22031667421218448,-0.22031667421218448,0,0,昶昕,2026-03-02,1,0.6,S2,breakout_120d_only,8438,2026-03-02
early_watch,-0.04790419161676651,-0.1706586826347305,0.09281437125748493,-0.1706586826347305,-0.2410958904109589,0,0,尼得科超眾,2026-03-02,2,22.6,S2,breakout_120d_only,6230,2026-03-02
early_watch,-0.11097103043002654,-0.11097103043002654,-0.001261110966797263,-0.11097103043002654,-0.11097103043002654,0,0,國產,2026-03-02,3,7.6,S2,breakout_120d_only,2504,2026-03-02
early_watch,-0.13123842281654408,-0.20055450610245806,0.03696857775248752,-0.20055450610245806,-0.22905523749789036,0,0,光罩,2026-03-02,4,25.6,S2,breakout_120d_only,2338,2026-03-02
early_watch,-0.03809523809523807,-0.06190476190476191,0.040476190476190554,-0.06190476190476191,-0.09839816933638446,0,0,長榮,2026-03-02,5,27.6,S2,breakout_120d_only,2603,2026-03-02
early_watch,0.6018957345971565,-0.06635071090047395,0.7630331753554502,-0.06635071090047395,-0.15086206896551724,0,0,鏵友益,2026-03-02,6,27.6,S2,breakout_120d_only,6877,2026-03-02
early_watch,-0.21489971346704873,-0.23638968481375355,-0.005730659025787843,-0.23638968481375355,-0.23638968481375355,0,0,新復興,2026-03-02,7,27.6,S2,breakout_120d_only,4909,2026-03-02
early_watch,1.2338204592901878,-0.08350730688935282,1.2338204592901878,-0.08350730688935282,-0.19999999999999996,0,0,前鼎,2026-03-02,8,27.6,S2,breakout_120d_only,4908,2026-03-02
early_watch,-0.036231884057971064,-0.05676328502415462,0.14130434782608692,-0.05676328502415462,-0.15555555555555556,0,0,聚和,2026-03-02,9,29.6,S2,breakout_120d_only,6509,2026-03-02
early_watch,0.12020033388981632,-0.03338898163606008,0.3005008347245408,-0.03338898163606008,-0.20106524633821576,0,0,衛司特,2026-03-02,10,29.6,S2,breakout_120d_only,6894,2026-03-02
early_watch,0.314009650262302,-0.10628022617652544,0.5314009465977416,-0.10628022617652544,-0.29810727241330137,0,0,日勝化,2026-03-02,11,29.6,S2,breakout_120d_only,1735,2026-03-02
early_watch,-0.1333333333333333,-0.1366666666666666,0.09666666666666668,-0.1366666666666666,-0.21276595744680848,0,0,晟德,2026-03-02,12,27.6,S2,breakout_120d_only,4123,2026-03-02
early_watch,0.5319148936170213,-0.19148936170212771,0.5319148936170213,-0.19148936170212771,-0.19148936170212771,0,0,采鈺,2026-03-02,13,24.6,S2,breakout_120d_only,6789,2026-03-02
early_watch,0.3993399339933994,-0.1815181518151815,0.48844884488448836,-0.1815181518151815,-0.1815181518151815,0,0,致茂,2026-03-02,14,14.6,S2,breakout_120d_only,2360,2026-03-02
early_watch,1.1303191489361701,-0.06382978723404253,1.4920212765957448,-0.06382978723404253,-0.22408963585434172,0,0,嘉基,2026-03-02,15,4.6,S2,breakout_120d_only,6715,2026-03-02
early_watch,-0.28542914171656697,-0.2894211576846307,-0.045908183632734634,-0.2894211576846307,-0.2894211576846307,0,0,益得,2026-03-02,16,36.6,S2,breakout_120d_only,6461,2026-03-02
early_watch,-0.18114143920595538,-0.3002481389578163,-0.0669975186104218,-0.3002481389578163,-0.3002481389578163,0,0,臺慶科,2026-03-02,17,36.6,S2,breakout_120d_only,3357,2026-03-02
early_watch,0.25,-0.13505747126436785,0.4482758620689655,-0.13505747126436785,-0.1865079365079365,0,0,眾達-KY,2026-03-02,18,20.6,S2,breakout_120d_only,4977,2026-03-02
early_watch,1.1415929203539825,-0.060176991150442505,1.4601769911504423,-0.060176991150442505,-0.2230215827338129,0,0,萬潤,2026-03-02,19,33.6,S2,breakout_120d_only,6187,2026-03-02
early_watch,-0.21382636655948561,-0.2700964630225081,-0.0337620578778135,-0.2700964630225081,-0.2700964630225081,0,0,慶騰,2026-03-02,20,13.6,S2,breakout_120d_only,4534,2026-03-02
early_watch,-0.21290323811192668,-0.22096775424095894,0.11290322580645151,-0.22096775424095894,-0.3000000110570935,0,0,神基,2026-03-02,1,23.6,S2,volume_expansion_only,3005,2026-03-02
early_watch,-0.01068376085792866,-0.06623928471490725,0.13461537050777617,-0.06623928471490725,-0.12806025296544232,0,0,國建,2026-03-02,2,23.6,S2,volume_expansion_only,2501,2026-03-02
early_watch,0.3138686131386861,-0.13868613138686137,0.36496350364963503,-0.13868613138686137,-0.13868613138686137,0,0,矽格,2026-03-02,3,25.6,S2,volume_expansion_only,6257,2026-03-02
early_watch,0.01054212247223174,-0.043674720771635145,0.06927708386163633,-0.043674720771635145,-0.06754770304244795,0,0,台驊控股,2026-03-02,4,7.6,S2,volume_expansion_only,2636,2026-03-02
early_watch,0.24334600760456282,-0.05323193916349811,0.2775665399239544,-0.05323193916349811,-0.06547619047619047,0,0,凌陽創新,2026-03-02,5,18.2,S2,volume_expansion_only,5236,2026-03-02
early_watch,1.5000000318954627,-0.08193976210195175,1.5000000318954627,-0.08193976210195175,-0.08193976210195175,0,0,聯策,2026-03-02,6,23.6,S2,volume_expansion_only,6658,2026-03-02
early_watch,-0.053333333333333344,-0.07111111111111112,0.03555555555555556,-0.07111111111111112,-0.10300429184549353,0,0,麗豐-KY,2026-03-02,7,23.6,S2,volume_expansion_only,4137,2026-03-02
early_watch,-0.09051725484528195,-0.09590518570258089,0.016163792571896707,-0.09590518570258089,-0.11028633286650824,0,0,興農,2026-03-02,8,25.6,S2,volume_expansion_only,1712,2026-03-02
early_watch,-0.19561815336463229,-0.21752738654147108,-0.03912363067292646,-0.21752738654147108,-0.21752738654147108,0,0,寶德,2026-03-02,9,23.6,S2,volume_expansion_only,3349,2026-03-02
early_watch,-0.1401098521057199,-0.15293037925777164,0.005494561541059539,-0.15293037925777164,-0.15755922195742467,0,0,漢翔,2026-03-02,10,20.6,S2,volume_expansion_only,2634,2026-03-02
early_watch,0.025742574257425765,-0.027722772277227747,0.09504950495049491,-0.027722772277227747,-0.07414104882459305,0,0,亞昕,2026-03-02,11,23.6,S2,volume_expansion_only,5213,2026-03-02
early_watch,-0.09138381383081773,-0.11749347492533702,0.0,-0.11749347492533702,-0.11749347492533702,0,0,和成,2026-03-02,12,9.6,S2,volume_expansion_only,1810,2026-03-02
early_watch,0.02764976958525356,-0.02304147465437789,0.04608294930875578,-0.02304147465437789,-0.02304147465437789,0,0,台灣大,2026-03-02,13,25.6,S2,volume_expansion_only,3045,2026-03-02
early_watch,-0.15870971679687496,-0.15870971679687496,0.07612905194682451,-0.15870971679687496,-0.21822547055936548,0,0,東和鋼鐵,2026-03-02,14,36.6,S2,volume_expansion_only,2006,2026-03-02
early_watch,-0.0017698844977184214,-0.08672569072352043,0.2070795920042865,-0.08672569072352043,-0.24340174804874315,0,0,台塑化,2026-03-02,15,27.6,S2,volume_expansion_only,6505,2026-03-02
early_watch,0.11914326491934801,-0.05087008805363413,0.24364130282692065,-0.05087008805363413,-0.16146393706809026,0,0,東鹼,2026-03-02,16,36.6,S2,volume_expansion_only,1708,2026-03-02
early_watch,-0.009127804663355277,-0.1379310211418573,0.014198798656638534,-0.1379310211418573,-0.1379310211418573,0,0,微星,2026-03-02,17,20.6,S2,volume_expansion_only,2377,2026-03-02
early_watch,0.10043668122270732,-0.02183406113537123,0.15283842794759828,-0.02183406113537123,-0.045454545454545414,0,0,華固,2026-03-02,18,25.6,S2,volume_expansion_only,2548,2026-03-02
early_watch,-0.021834062105273166,-0.0625909114028469,0.2096070184213794,-0.0625909114028469,-0.19133576194746216,0,0,明泰,2026-03-02,19,24.6,S2,volume_expansion_only,3380,2026-03-02
early_watch,-0.1433333333333333,-0.1433333333333333,-0.030000000000000027,-0.1433333333333333,-0.1433333333333333,0,0,長聖,2026-03-02,20,14.0,S2,volume_expansion_only,6712,2026-03-02
early_watch,0.2565982404692082,-0.18768328445747806,0.5718475073313782,-0.18768328445747806,-0.24347014925373145,0,0,台嘉碩,2026-03-02,1,36.6,S2,ma_alignment_only,3221,2026-03-02
early_watch,-0.015455950540958274,-0.08655332302936636,0.15301391035548662,-0.08655332302936636,-0.1997319034852546,0,0,安可,2026-03-02,2,36.6,S2,ma_alignment_only,3615,2026-03-02
early_watch,-0.28542914171656697,-0.2894211576846307,-0.045908183632734634,-0.2894211576846307,-0.2894211576846307,0,0,益得,2026-03-02,3,36.6,S2,ma_alignment_only,6461,2026-03-02
early_watch,0.11914326491934801,-0.05087008805363413,0.24364130282692065,-0.05087008805363413,-0.16146393706809026,0,0,東鹼,2026-03-02,4,36.6,S2,ma_alignment_only,1708,2026-03-02
early_watch,-0.15870971679687496,-0.15870971679687496,0.07612905194682451,-0.15870971679687496,-0.21822547055936548,0,0,東和鋼鐵,2026-03-02,5,36.6,S2,ma_alignment_only,2006,2026-03-02
early_watch,-0.2337349581431194,-0.2506024004465126,-0.019277090049651724,-0.2506024004465126,-0.2506024004465126,0,0,太極,2026-03-02,6,36.6,S2,ma_alignment_only,4934,2026-03-02
early_watch,0.6005666068310316,-0.13031157432127294,0.650141678724028,-0.13031157432127294,-0.16556291390728473,0,0,榮科,2026-03-02,7,36.6,S2,ma_alignment_only,4989,2026-03-02
early_watch,0.2816901408450705,-0.092018807997726,0.511737089201878,-0.092018807997726,-0.16796875,0,0,台虹,2026-03-02,8,36.6,S2,ma_alignment_only,8039,2026-03-02
early_watch,-0.18114143920595538,-0.3002481389578163,-0.0669975186104218,-0.3002481389578163,-0.3002481389578163,0,0,臺慶科,2026-03-02,9,36.6,S2,ma_alignment_only,3357,2026-03-02
early_watch,-0.2543859649122807,-0.30043859649122806,-0.08114035087719296,-0.30043859649122806,-0.30043859649122806,0,0,三集瑞-KY,2026-03-02,10,36.6,S2,ma_alignment_only,6862,2026-03-02
early_watch,-0.15955982064730434,-0.21045386608827388,0.052269645271968423,-0.21045386608827388,-0.24967318266824956,0,0,國碩,2026-03-02,11,34.6,S2,ma_alignment_only,2406,2026-03-02
early_watch,1.1415929203539825,-0.060176991150442505,1.4601769911504423,-0.060176991150442505,-0.2230215827338129,0,0,萬潤,2026-03-02,12,33.6,S2,ma_alignment_only,6187,2026-03-02
early_watch,0.3951120162932791,-0.05702647657841142,0.4582484725050917,-0.05702647657841142,-0.15647482014388492,0,0,德律,2026-03-02,13,33.6,S2,ma_alignment_only,3030,2026-03-02
early_watch,0.45443925233644866,-0.13084112149532712,0.5595794392523366,-0.13084112149532712,-0.36554307116104867,0,0,宜鼎,2026-03-02,14,30.6,S2,ma_alignment_only,5289,2026-03-02
early_watch,-0.19918699186991862,-0.19918699186991862,0.22764227642276413,-0.19918699186991862,-0.3476821192052979,0,0,岳豐,2026-03-02,15,29.6,S2,ma_alignment_only,6220,2026-03-02
early_watch,-0.036231884057971064,-0.05676328502415462,0.14130434782608692,-0.05676328502415462,-0.15555555555555556,0,0,聚和,2026-03-02,16,29.6,S2,ma_alignment_only,6509,2026-03-02
early_watch,0.314009650262302,-0.10628022617652544,0.5314009465977416,-0.10628022617652544,-0.29810727241330137,0,0,日勝化,2026-03-02,17,29.6,S2,ma_alignment_only,1735,2026-03-02
early_watch,-0.06468996792158221,-0.1145552607762117,0.16846361878854665,-0.1145552607762117,-0.2422145413976946,0,0,新興,2026-03-02,18,29.6,S2,ma_alignment_only,2605,2026-03-02
early_watch,0.12020033388981632,-0.03338898163606008,0.3005008347245408,-0.03338898163606008,-0.20106524633821576,0,0,衛司特,2026-03-02,19,29.6,S2,ma_alignment_only,6894,2026-03-02
early_watch,-0.06886227544910184,-0.1856287425149702,0.0059880239520957446,-0.1856287425149702,-0.1856287425149702,0,0,東浦,2026-03-02,20,27.6,S2,ma_alignment_only,3290,2026-03-02
early_watch,-0.11222449133421597,-0.11823649990910468,0.024048034299555043,-0.11823649990910468,-0.1389432228205798,0,0,美亞,2026-04-01,1,36.6,S2,radar_model,2020,2026-04-01
early_watch,-0.13389119780647984,-0.16317988070052525,-0.00976285882895489,-0.16317988070052525,-0.16317988070052525,0,0,華廣,2026-04-01,2,34.6,S2,radar_model,4737,2026-04-01
early_watch,0.5204081632653061,-0.0836734693877551,0.5306122448979591,-0.0836734693877551,-0.11333333333333329,0,0,京晨科,2026-04-01,3,33.6,S2,radar_model,6419,2026-04-01
early_watch,-0.23619629496925654,-0.23619629496925654,-0.02300607753852313,-0.23619629496925654,-0.23619629496925654,0,0,建漢,2026-04-01,4,32.6,S2,radar_model,3062,2026-04-01
early_watch,0.656441717791411,0.042944785276073594,0.8220858895705521,0.042944785276073594,-0.14646464646464652,0,0,聯茂,2026-04-01,5,32.6,S2,radar_model,6213,2026-04-01
early_watch,-0.06763280276073513,-0.06763280276073513,-0.009661811414876764,-0.06763280276073513,-0.06763280276073513,0,0,佳格,2026-04-01,6,29.2,S2,radar_model,1227,2026-04-01
early_watch,-0.028205089080028056,-0.038461538461538436,0.0,-0.038461538461538436,-0.038461538461538436,0,0,泰山,2026-04-01,7,28.2,S2,radar_model,1218,2026-04-01
early_watch,-0.14321295143212953,-0.15566625155666247,0.021170610211706187,-0.15566625155666247,-0.17317073170731712,0,0,志豐,2026-04-01,8,27.6,S2,radar_model,3206,2026-04-01
early_watch,0.17469879518072284,-0.06024096385542166,0.2650602409638554,-0.06024096385542166,-0.10182767624020883,0,0,欣銓,2026-04-01,9,27.6,S2,radar_model,3264,2026-04-01
early_watch,0.14675767918088733,-0.020477815699658675,0.21501706484641647,-0.020477815699658675,-0.0758426966292135,0,0,台星科,2026-04-01,10,27.6,S2,radar_model,3265,2026-04-01
early_watch,0.33333333333333326,-0.01754385964912286,0.4429824561403508,-0.01754385964912286,-0.1063829787234043,0,0,磐亞,2026-04-01,11,27.6,S2,radar_model,4707,2026-04-01
early_watch,0.1756097560975609,-0.08048780487804874,0.3170731707317074,-0.08048780487804874,-0.17407407407407405,0,0,勤凱,2026-04-01,12,27.6,S2,radar_model,4760,2026-04-01
early_watch,0.01379310344827589,-0.10574712643678164,0.17931034482758612,-0.10574712643678164,-0.14035087719298234,0,0,九豪,2026-04-01,13,27.6,S2,radar_model,6127,2026-04-01
early_watch,0.26220614828209765,-0.03797468354430367,0.34719710669077775,-0.03797468354430367,-0.06363636363636371,0,0,萬泰科,2026-04-01,14,27.6,S2,radar_model,6190,2026-04-01
early_watch,-0.13355048859934848,-0.13355048859934848,0.026058631921824116,-0.13355048859934848,-0.15555555555555556,0,0,聚和,2026-04-01,15,27.6,S2,radar_model,6509,2026-04-01
early_watch,0.21904761904761916,0.01904761904761898,0.21904761904761916,0.01904761904761898,-0.07832898172323755,0,0,翔名,2026-04-01,16,27.6,S2,radar_model,8091,2026-04-01
early_watch,0.4879227053140096,-0.037681174163081255,0.6038647342995169,-0.037681174163081255,-0.12048192771084343,0,0,順德,2026-04-01,17,27.6,S2,radar_model,2351,2026-04-01
early_watch,0.07836996668477747,0.01880878961268695,0.29780570598597156,0.01880878961268695,-0.16908211937200868,0,0,友達,2026-04-01,18,27.6,S2,radar_model,2409,2026-04-01
early_watch,-0.1162790682937892,-0.1162790682937892,0.0182723996707701,-0.1162790682937892,-0.13213700774769377,0,0,錩新,2026-04-01,19,27.6,S2,radar_model,2415,2026-04-01
early_watch,-0.13940259781415143,-0.13940259781415143,0.07396865892614168,-0.13940259781415143,-0.19867549668874174,0,0,仲琦,2026-04-01,20,27.6,S2,radar_model,2419,2026-04-01
early_watch,0.2821782178217822,-0.011881188118811892,0.2821782178217822,-0.011881188118811892,-0.10878661087866104,0,0,均豪,2026-04-01,1,22.6,S2,random_top_n,5443,2026-04-01
early_watch,0.21376811594202905,-0.03260869565217395,0.25,-0.03260869565217395,-0.06666666666666665,0,0,新應材,2026-04-01,2,11.0,S2,random_top_n,4749,2026-04-01
early_watch,0.4346733668341709,-0.035175879396984966,0.5929648241206029,-0.035175879396984966,-0.09936908517350163,0,0,良維,2026-04-01,3,1.0,S2,random_top_n,6290,2026-04-01
early_watch,0.3384615906283386,-0.03418803418803418,0.4427350688184428,-0.03418803418803418,-0.0947867281441579,0,0,蔚華科,2026-04-01,4,9.0,S2,random_top_n,3055,2026-04-01
early_watch,-0.04306218349077473,-0.04306218349077473,0.016746430041051807,-0.04306218349077473,-0.05882352941176472,0,0,聯邦銀,2026-04-01,5,24.6,S2,random_top_n,2838,2026-04-01
early_watch,0.06451612903225801,-0.0012903028918850312,0.09419358776461695,-0.0012903028918850312,-0.05542458028884811,0,0,聯強,2026-04-01,6,24.6,S2,random_top_n,2347,2026-04-01
early_watch,-0.05277777777777781,-0.05555555555555558,0.011111111111111072,-0.05555555555555558,-0.06593406593406592,0,0,富邦媒,2026-04-01,7,17.6,S2,random_top_n,8454,2026-04-01
early_watch,-0.09777779049343538,-0.11111111111111116,0.018888897365993973,-0.11111111111111116,-0.1275899745430319,0,0,聚亨,2026-04-01,8,15.0,S2,random_top_n,2022,2026-04-01
early_watch,-0.04195811160221019,-0.05594408952249419,0.032633978120889084,-0.05594408952249419,-0.08577876529355644,0,0,精英,2026-04-01,9,9.0,S2,random_top_n,2331,2026-04-01
early_watch,0.08181818181818179,0.0,0.13181818181818183,0.0,-0.048192771084337394,0,0,緯軟,2026-04-01,10,2.0,S2,random_top_n,4953,2026-04-01
early_watch,0.33832976445396135,-0.023554603854389677,0.33832976445396135,-0.023554603854389677,-0.060799999999999965,0,0,上銀,2026-04-01,11,8.6,S2,random_top_n,2049,2026-04-01
early_watch,0.06360790799857274,-0.030239848589536544,0.06360790799857274,-0.030239848589536544,-0.053535384361189986,0,0,零壹,2026-04-01,12,14.0,S2,random_top_n,3029,2026-04-01
early_watch,0.5039525843670083,0.015810337468032953,0.6976285398469266,0.015810337468032953,-0.17927824507941814,0,0,台亞,2026-04-01,13,12.0,S2,random_top_n,2340,2026-04-01
early_watch,-0.005095560839221691,-0.008917158576333573,0.019108280254777066,-0.008917158576333573,-0.027499961853027388,0,0,上海商銀,2026-04-01,14,19.6,S2,random_top_n,5876,2026-04-01
early_watch,0.3160377358490567,0.018867924528301883,0.48584905660377364,0.018867924528301883,-0.1333333333333333,0,0,廣閎科,2026-04-01,15,11.6,S2,random_top_n,6693,2026-04-01
early_watch,-0.04513888888888884,-0.04513888888888884,0.10416666666666674,-0.04513888888888884,-0.1352201257861635,0,0,元太,2026-04-01,16,9.0,S2,random_top_n,8069,2026-04-01
early_watch,0.31739130434782603,0.008695652173912993,0.31739130434782603,0.008695652173912993,-0.19471947194719474,0,0,惠特,2026-04-01,17,9.0,S2,random_top_n,6706,2026-04-01
early_watch,0.05652173913043468,-0.013043478260869601,0.05652173913043468,-0.013043478260869601,-0.02904564315352698,0,0,研揚,2026-04-01,18,8.0,S2,random_top_n,6579,2026-04-01
early_watch,-0.01398606684096304,-0.025641078081426127,0.10023307888384636,-0.025641078081426127,-0.1038135899719369,0,0,材料*-KY,2026-04-01,19,12.0,S2,random_top_n,4763,2026-04-01
early_watch,0.21226415094339623,-0.02358490566037741,0.26415094339622636,-0.02358490566037741,-0.14925373134328357,0,0,晶彩科,2026-04-01,20,11.0,S2,random_top_n,3535,2026-04-01
early_watch,0.01560464141003104,-0.09362814609585834,0.19505851368484173,-0.09362814609585834,-0.24156696636599329,0,0,微程式,2026-04-01,1,0.0,S2,breakout_120d_only,7721,2026-04-01
early_watch,-0.13493069566028892,-0.13619171041782718,0.02395956902100349,-0.13619171041782718,-0.15640390918163838,0,0,正文,2026-04-01,2,18.6,S2,breakout_120d_only,4906,2026-04-01
early_watch,0.5204081632653061,-0.0836734693877551,0.5306122448979591,-0.0836734693877551,-0.11333333333333329,0,0,京晨科,2026-04-01,3,33.6,S2,breakout_120d_only,6419,2026-04-01
early_watch,-0.11222449133421597,-0.11823649990910468,0.024048034299555043,-0.11823649990910468,-0.1389432228205798,0,0,美亞,2026-04-01,4,36.6,S2,breakout_120d_only,2020,2026-04-01
early_watch,-0.13389119780647984,-0.16317988070052525,-0.00976285882895489,-0.16317988070052525,-0.16317988070052525,0,0,華廣,2026-04-01,5,34.6,S2,breakout_120d_only,4737,2026-04-01
early_watch,0.656441717791411,0.042944785276073594,0.8220858895705521,0.042944785276073594,-0.14646464646464652,0,0,聯茂,2026-04-01,6,32.6,S2,breakout_120d_only,6213,2026-04-01
early_watch,-0.23619629496925654,-0.23619629496925654,-0.02300607753852313,-0.23619629496925654,-0.23619629496925654,0,0,建漢,2026-04-01,7,32.6,S2,breakout_120d_only,3062,2026-04-01
early_watch,0.46137339055794,-0.02145922746781115,0.6158798283261802,-0.02145922746781115,-0.15398886827458258,0,0,印能科技,2026-04-01,8,2.6,S2,breakout_120d_only,7734,2026-04-01
early_watch,0.6536964980544746,0.09922178988326857,0.7315175097276265,0.09922178988326857,-0.2685393258426966,0,0,汎銓,2026-04-01,9,0.0,S2,breakout_120d_only,6830,2026-04-01
early_watch,0.24683544303797467,-0.04683544303797471,0.3151898734177214,-0.04683544303797471,-0.10490856592877762,0,0,旺矽,2026-04-01,10,26.6,S2,breakout_120d_only,6223,2026-04-01
early_watch,0.2730263157894737,-0.10197368421052633,0.2730263157894737,-0.10197368421052633,-0.11650485436893199,0,0,鈦昇,2026-04-01,11,18.6,S2,breakout_120d_only,8027,2026-04-01
early_watch,0.204225352112676,0.09154929577464799,0.267605633802817,0.09154929577464799,-0.12676056338028174,0,0,璟德,2026-04-01,1,17.6,S2,volume_expansion_only,3152,2026-04-01
early_watch,-0.015384651500092494,-0.0319526266064164,0.010650905631703012,-0.0319526266064164,-0.042154548124102575,0,0,櫻花,2026-04-01,2,14.0,S2,volume_expansion_only,9911,2026-04-01
early_watch,0.09589039333829263,-0.02845104883270666,0.21707058106319987,-0.02845104883270666,-0.20173162815374734,0,0,康霈*,2026-04-01,3,12.0,S2,volume_expansion_only,6919,2026-04-01
early_watch,-0.04790419161676651,-0.04790419161676651,0.05988023952095811,-0.04790419161676651,-0.10169491525423724,0,0,智易,2026-04-01,4,14.0,S2,volume_expansion_only,3596,2026-04-01
early_watch,0.07870370370370372,-0.04629629629629628,0.10185185185185186,-0.04629629629629628,-0.050420168067226934,0,0,豐達科,2026-04-01,5,24.6,S2,volume_expansion_only,3004,2026-04-01
early_watch,-0.09771986727836024,-0.09771986727836024,0.006514620541386407,-0.09771986727836024,-0.10355983479274311,0,0,友訊,2026-04-01,6,9.6,S2,volume_expansion_only,2332,2026-04-01
early_watch,0.010574018126888296,-0.0392749244712991,0.06948640483383683,-0.0392749244712991,-0.0847457627118644,0,0,儒鴻,2026-04-01,7,14.0,S2,volume_expansion_only,1476,2026-04-01
early_watch,0.01379310344827589,-0.10574712643678164,0.17931034482758612,-0.10574712643678164,-0.14035087719298234,0,0,九豪,2026-04-01,8,27.6,S2,volume_expansion_only,6127,2026-04-01
early_watch,-0.12751679341503042,-0.1756152607345537,-0.025727103048113764,-0.1756152607345537,-0.1756152607345537,0,0,慧友,2026-04-01,9,25.6,S2,volume_expansion_only,5484,2026-04-01
early_watch,0.26220614828209765,-0.03797468354430367,0.34719710669077775,-0.03797468354430367,-0.06363636363636371,0,0,萬泰科,2026-04-01,10,27.6,S2,volume_expansion_only,6190,2026-04-01
early_watch,0.5059172388994846,0.023668617015333293,0.5059172388994846,0.023668617015333293,-0.0942408957308446,0,0,悅城,2026-04-01,11,27.6,S2,volume_expansion_only,6405,2026-04-01
early_watch,0.1730418943533698,-0.007285974499089298,0.1730418943533698,-0.007285974499089298,-0.02197802197802201,0,0,樺漢,2026-04-01,12,22.6,S2,volume_expansion_only,6414,2026-04-01
early_watch,-0.030303001841675226,-0.04545450276251273,0.04166668171834487,-0.04545450276251273,-0.08363633589311081,0,0,敬鵬,2026-04-01,13,14.6,S2,volume_expansion_only,2355,2026-04-01
early_watch,-0.05283018867924527,-0.05283018867924527,0.0018867924528302993,-0.05283018867924527,-0.05461393596986819,0,0,復盛應用,2026-04-01,14,19.0,S2,volume_expansion_only,6670,2026-04-01
early_watch,0.7815699658703072,0.0,0.7849829351535835,0.0,-0.034858387799564294,0,0,聯發科,2026-04-01,15,16.0,S2,volume_expansion_only,2454,2026-04-01
early_watch,0.1348837209302325,-0.06046511627906981,0.33488372093023266,-0.06046511627906981,-0.17421602787456447,0,0,神盾,2026-04-01,16,22.6,S2,volume_expansion_only,6462,2026-04-01
early_watch,-0.0032679738562091387,-0.02941176470588236,0.10457516339869288,-0.02941176470588236,-0.09763313609467461,0,0,天鈺,2026-04-01,17,25.6,S2,volume_expansion_only,4961,2026-04-01
early_watch,0.0650118203309693,0.01654846335697413,0.1678486997635935,0.01654846335697413,-0.09210526315789469,0,0,光聚晶電,2026-04-01,18,14.0,S2,volume_expansion_only,6111,2026-04-01
early_watch,0.01692520341913073,-0.03667134581332954,0.0803948776526,-0.03667134581332954,-0.05874673746266845,0,0,達欣工,2026-04-01,19,20.0,S2,volume_expansion_only,2535,2026-04-01
early_watch,0.18672663879863727,0.05399319842492911,0.4285714040514401,0.05399319842492911,-0.2141732043168676,0,0,乙盛-KY,2026-04-01,20,25.6,S2,volume_expansion_only,5243,2026-04-01
early_watch,-0.11222449133421597,-0.11823649990910468,0.024048034299555043,-0.11823649990910468,-0.1389432228205798,0,0,美亞,2026-04-01,1,36.6,S2,ma_alignment_only,2020,2026-04-01
early_watch,0.5204081632653061,-0.0836734693877551,0.5306122448979591,-0.0836734693877551,-0.11333333333333329,0,0,京晨科,2026-04-01,2,33.6,S2,ma_alignment_only,6419,2026-04-01
early_watch,-0.23619629496925654,-0.23619629496925654,-0.02300607753852313,-0.23619629496925654,-0.23619629496925654,0,0,建漢,2026-04-01,3,32.6,S2,ma_alignment_only,3062,2026-04-01
early_watch,0.656441717791411,0.042944785276073594,0.8220858895705521,0.042944785276073594,-0.14646464646464652,0,0,聯茂,2026-04-01,4,32.6,S2,ma_alignment_only,6213,2026-04-01
early_watch,-0.028205089080028056,-0.038461538461538436,0.0,-0.038461538461538436,-0.038461538461538436,0,0,泰山,2026-04-01,5,28.2,S2,ma_alignment_only,1218,2026-04-01
early_watch,-0.14321295143212953,-0.15566625155666247,0.021170610211706187,-0.15566625155666247,-0.17317073170731712,0,0,志豐,2026-04-01,6,27.6,S2,ma_alignment_only,3206,2026-04-01
early_watch,0.17469879518072284,-0.06024096385542166,0.2650602409638554,-0.06024096385542166,-0.10182767624020883,0,0,欣銓,2026-04-01,7,27.6,S2,ma_alignment_only,3264,2026-04-01
early_watch,0.14675767918088733,-0.020477815699658675,0.21501706484641647,-0.020477815699658675,-0.0758426966292135,0,0,台星科,2026-04-01,8,27.6,S2,ma_alignment_only,3265,2026-04-01
early_watch,0.33333333333333326,-0.01754385964912286,0.4429824561403508,-0.01754385964912286,-0.1063829787234043,0,0,磐亞,2026-04-01,9,27.6,S2,ma_alignment_only,4707,2026-04-01
early_watch,0.1756097560975609,-0.08048780487804874,0.3170731707317074,-0.08048780487804874,-0.17407407407407405,0,0,勤凱,2026-04-01,10,27.6,S2,ma_alignment_only,4760,2026-04-01
early_watch,0.01379310344827589,-0.10574712643678164,0.17931034482758612,-0.10574712643678164,-0.14035087719298234,0,0,九豪,2026-04-01,11,27.6,S2,ma_alignment_only,6127,2026-04-01
early_watch,0.26220614828209765,-0.03797468354430367,0.34719710669077775,-0.03797468354430367,-0.06363636363636371,0,0,萬泰科,2026-04-01,12,27.6,S2,ma_alignment_only,6190,2026-04-01
early_watch,-0.13355048859934848,-0.13355048859934848,0.026058631921824116,-0.13355048859934848,-0.15555555555555556,0,0,聚和,2026-04-01,13,27.6,S2,ma_alignment_only,6509,2026-04-01
early_watch,0.21904761904761916,0.01904761904761898,0.21904761904761916,0.01904761904761898,-0.07832898172323755,0,0,翔名,2026-04-01,14,27.6,S2,ma_alignment_only,8091,2026-04-01
early_watch,0.4879227053140096,-0.037681174163081255,0.6038647342995169,-0.037681174163081255,-0.12048192771084343,0,0,順德,2026-04-01,15,27.6,S2,ma_alignment_only,2351,2026-04-01
early_watch,0.07836996668477747,0.01880878961268695,0.29780570598597156,0.01880878961268695,-0.16908211937200868,0,0,友達,2026-04-01,16,27.6,S2,ma_alignment_only,2409,2026-04-01
early_watch,-0.1162790682937892,-0.1162790682937892,0.0182723996707701,-0.1162790682937892,-0.13213700774769377,0,0,錩新,2026-04-01,17,27.6,S2,ma_alignment_only,2415,2026-04-01
early_watch,-0.13940259781415143,-0.13940259781415143,0.07396865892614168,-0.13940259781415143,-0.19867549668874174,0,0,仲琦,2026-04-01,18,27.6,S2,ma_alignment_only,2419,2026-04-01
early_watch,0.5282308657465495,-0.016311166875784155,0.5282308657465495,-0.016311166875784155,-0.17001675041876052,0,0,志聖,2026-04-01,19,27.6,S2,ma_alignment_only,2467,2026-04-01
early_watch,0.2655999755859375,-0.0687999877929687,0.5760000000000001,-0.0687999877929687,-0.24467003527026487,0,0,希華,2026-04-01,20,27.6,S2,ma_alignment_only,2484,2026-04-01
